identity_key,molecule_name,formula,energy_eV,experimental_sigma_A2,beb_sigma_A2,experimental_uncertainty_A2,label_type,primary_low_energy,evidence,source,energy_is_reported,molecule_weight,sample_weight,target_log_ratio,cv_fold,original_csv_line,original_row_sha256,quarantine_reason
butyl-acetate,butyl acetate,C6H12O2,15.0,1.98,1.818328606,0.11726901,curve_point,True,C2_figure_digitised_isomer_trace_ambiguous,${ARCHIVE_ROOT}\outputs\no_qec_priority_2026_07_31\ready15_esters_experiment_beb\paired_curves\012_butyl_acetate_experiment_beb_paired.csv,True,0.017543859649122806,0.02821468067558308,0.08517911390958102,2,687,d9068c842011eb24b4cd69857736f3dff7273cb081bdd72cbb1c83d1083c1bec,ambiguous_isomer_trace_quarantined
butyl-acetate,butyl acetate,C6H12O2,20.0,3.74,6.086053109,0.19728158,curve_point,True,C2_figure_digitised_isomer_trace_ambiguous,${ARCHIVE_ROOT}\outputs\no_qec_priority_2026_07_31\ready15_esters_experiment_beb\paired_curves\012_butyl_acetate_experiment_beb_paired.csv,True,0.017543859649122806,0.029405741706917857,-0.48691416643155844,2,688,5512e1ce34b40b02d5cddcaf438ac1a80ca127eae423e8a8ac7ebfa251161328,ambiguous_isomer_trace_quarantined
butyl-acetate,butyl acetate,C6H12O2,25.0,6.16,9.822588636,0.31434857,curve_point,True,C2_figure_digitised_isomer_trace_ambiguous,${ARCHIVE_ROOT}\outputs\no_qec_priority_2026_07_31\ready15_esters_experiment_beb\paired_curves\012_butyl_acetate_experiment_beb_paired.csv,True,0.017543859649122806,0.029714155039088596,-0.4666079186362876,2,689,6a5d359ac425a1aa812c210709aff258a8a4cfcb04e3b298020a52d4b804a9c5,ambiguous_isomer_trace_quarantined
butyl-acetate,butyl acetate,C6H12O2,30.0,8.2657143,12.71825468,0.4180384,curve_point,True,C2_figure_digitised_isomer_trace_ambiguous,${ARCHIVE_ROOT}\outputs\no_qec_priority_2026_07_31\ready15_esters_experiment_beb\paired_curves\012_butyl_acetate_experiment_beb_paired.csv,True,0.017543859649122806,0.029795273097883417,-0.4309221855849184,2,690,1a92396ae432cf20464b85d9bd239a1a692506e3dd4294ecb797ffc05c914281,ambiguous_isomer_trace_quarantined
butyl-acetate,butyl acetate,C6H12O2,35.0,9.9942857,14.85111022,0.50365205,curve_point,True,C2_figure_digitised_isomer_trace_ambiguous,${ARCHIVE_ROOT}\outputs\no_qec_priority_2026_07_31\ready15_esters_experiment_beb\paired_curves\012_butyl_acetate_experiment_beb_paired.csv,True,0.017543859649122806,0.029827415531997022,-0.39606112507801045,2,691,9170d0c93ec8bc5e8086286f1fa9019f2cd41bf749f49aaf14424498ba7c877f,ambiguous_isomer_trace_quarantined
butyl-acetate,butyl acetate,C6H12O2,40.0,11.565714,16.42225604,0.58169183,curve_point,True,C2_figure_digitised_isomer_trace_ambiguous,${ARCHIVE_ROOT}\outputs\no_qec_priority_2026_07_31\ready15_esters_experiment_beb\paired_curves\012_butyl_acetate_experiment_beb_paired.csv,True,0.017543859649122806,0.02984506657672886,-0.3505924586647601,2,692,4daf52b9575485011fec909d8aba4bf59dae7d414fa18d74eb6dd951c34c08d7,ambiguous_isomer_trace_quarantined
butyl-acetate,butyl acetate,C6H12O2,45.0,12.791429,17.56244869,0.64265281,curve_point,True,C2_figure_digitised_isomer_trace_ambiguous,${ARCHIVE_ROOT}\outputs\no_qec_priority_2026_07_31\ready15_esters_experiment_beb\paired_curves\012_butyl_acetate_experiment_beb_paired.csv,True,0.017543859649122806,0.029854571069237026,-0.31698768826177587,2,693,390f302bff46c82846c1e49b487114e20b20fd5576c175ebf10d819a7415b0b8,ambiguous_isomer_trace_quarantined
butyl-acetate,butyl acetate,C6H12O2,50.0,14.017143,18.37862842,0.7036702,curve_point,True,C2_figure_digitised_isomer_trace_ambiguous,${ARCHIVE_ROOT}\outputs\no_qec_priority_2026_07_31\ready15_esters_experiment_beb\paired_curves\012_butyl_acetate_experiment_beb_paired.csv,True,0.017543859649122806,0.02986169654255673,-0.2709074101126828,2,694,7dfd556d0859d762078166d659f04776a5baacb07f961726fd075de8ac234a8b,ambiguous_isomer_trace_quarantined
butyl-acetate,butyl acetate,C6H12O2,55.0,14.991429,18.95227013,0.75220233,curve_point,True,C2_figure_digitised_isomer_trace_ambiguous,${ARCHIVE_ROOT}\outputs\no_qec_priority_2026_07_31\ready15_esters_experiment_beb\paired_curves\012_butyl_acetate_experiment_beb_paired.csv,True,0.017543859649122806,0.029866160357632364,-0.23444508234084174,2,695,104775838e21197f4eb7cba7b16c9e652fbee16f453aadf81ebda1daf2d89f81,ambiguous_isomer_trace_quarantined
butyl-acetate,butyl acetate,C6H12O2,60.0,16.22117,19.34281785,0.81349059,curve_point,True,C2_figure_digitised_isomer_trace_ambiguous,${ARCHIVE_ROOT}\outputs\no_qec_priority_2026_07_31\ready15_esters_experiment_beb\paired_curves\012_butyl_acetate_experiment_beb_paired.csv,True,0.017543859649122806,0.029870687927557177,-0.1760040007775972,2,696,07becd7243919914739c959c7435513eae451bcd45f3ee0975b7c410df72dc8b,ambiguous_isomer_trace_quarantined
butyl-acetate,butyl acetate,C6H12O2,65.0,16.756627,19.59398817,0.8401859,curve_point,True,C2_figure_digitised_isomer_trace_ambiguous,${ARCHIVE_ROOT}\outputs\no_qec_priority_2026_07_31\ready15_esters_experiment_beb\paired_curves\012_butyl_acetate_experiment_beb_paired.csv,True,0.017543859649122806,0.029872356094672547,-0.156428971349472,2,697,97575c14c6a34fc8facb46c2d6b5f9ea3b3e00dfad88fcdd537907b11068ecdc,ambiguous_isomer_trace_quarantined
butyl-acetate,butyl acetate,C6H12O2,70.0,17.134596,19.73827985,0.85903255,curve_point,True,C2_figure_digitised_isomer_trace_ambiguous,${ARCHIVE_ROOT}\outputs\no_qec_priority_2026_07_31\ready15_esters_experiment_beb\paired_curves\012_butyl_acetate_experiment_beb_paired.csv,True,0.017543859649122806,0.029873440453391856,-0.14146031230857156,2,698,e68c5d34ad4b8f0f12bce65b58039ea19d1c9c88bbe379f2ecc5222550ca208a,ambiguous_isomer_trace_quarantined
butyl-acetate,butyl acetate,C6H12O2,75.0,17.512565,19.80012476,0.87788143,curve_point,True,C2_figure_digitised_isomer_trace_ambiguous,${ARCHIVE_ROOT}\outputs\no_qec_priority_2026_07_31\ready15_esters_experiment_beb\paired_curves\012_butyl_acetate_experiment_beb_paired.csv,True,0.017543859649122806,0.029874455404630646,-0.12276961539995528,2,700,f1dc54e992ad180747763bce334fca7c4fb6802c0349cccd31f88f4204cbebf5,ambiguous_isomer_trace_quarantined
butyl-acetate,butyl acetate,C6H12O2,80.0,17.764544,19.7980882,0.89044852,curve_point,True,C2_figure_digitised_isomer_trace_ambiguous,${ARCHIVE_ROOT}\outputs\no_qec_priority_2026_07_31\ready15_esters_experiment_beb\paired_curves\012_butyl_acetate_experiment_beb_paired.csv,True,0.017543859649122806,0.029875096190057227,-0.10838081678879392,2,701,2a24ea15491c6efeda87587ca0c5bd1ff72d327fd3fa67b370ac43c1ad81a131,ambiguous_isomer_trace_quarantined
butyl-acetate,butyl acetate,C6H12O2,85.0,17.922031,19.74641739,0.8983034,curve_point,True,C2_figure_digitised_isomer_trace_ambiguous,${ARCHIVE_ROOT}\outputs\no_qec_priority_2026_07_31\ready15_esters_experiment_beb\paired_curves\012_butyl_acetate_experiment_beb_paired.csv,True,0.017543859649122806,0.02987548314958552,-0.09694133873964765,2,702,40cbc7e5fd25e6410518a519e82394dc57f8834eeb9b36c3bb33ee9a225df061,ambiguous_isomer_trace_quarantined
butyl-acetate,butyl acetate,C6H12O2,90.0,18.17401,19.6561437,0.91087192,curve_point,True,C2_figure_digitised_isomer_trace_ambiguous,${ARCHIVE_ROOT}\outputs\no_qec_priority_2026_07_31\ready15_esters_experiment_beb\paired_curves\012_butyl_acetate_experiment_beb_paired.csv,True,0.017543859649122806,0.029876081286746355,-0.07839739442735982,2,703,584a527ca165abc32cc933f5b1cc16241dd11f7487791e86c002405db9b7cbe1,ambiguous_isomer_trace_quarantined
butyl-acetate,butyl acetate,C6H12O2,95.0,18.17401,19.53587664,0.91087192,curve_point,True,C2_figure_digitised_isomer_trace_ambiguous,${ARCHIVE_ROOT}\outputs\no_qec_priority_2026_07_31\ready15_esters_experiment_beb\paired_curves\012_butyl_acetate_experiment_beb_paired.csv,True,0.017543859649122806,0.029876081286746355,-0.0722600513424924,2,704,37f4c1a9eb5cbc722054c478b2e01ab59bec43bfe6540173ef84be59df5b8461,ambiguous_isomer_trace_quarantined
butyl-acetate,butyl acetate,C6H12O2,100.0,18.205508,19.3923829,0.91244304,curve_point,True,C2_figure_digitised_isomer_trace_ambiguous,${ARCHIVE_ROOT}\outputs\no_qec_priority_2026_07_31\ready15_esters_experiment_beb\paired_curves\012_butyl_acetate_experiment_beb_paired.csv,True,0.017543859649122806,0.0298761546582849,-0.06315616928780692,2,705,76bc531fe94705381a14312c9b536ee5638e1254c914bfabe2a340892291d614,ambiguous_isomer_trace_quarantined
butyl-acetate,butyl acetate,C6H12O2,105.0,18.237005,19.23101354,0.91401418,curve_point,True,C2_figure_digitised_isomer_trace_ambiguous,${ARCHIVE_ROOT}\outputs\no_qec_priority_2026_07_31\ready15_esters_experiment_beb\paired_curves\012_butyl_acetate_experiment_beb_paired.csv,True,0.017543859649122806,0.029876227095294302,-0.053071492797455606,2,706,cfdc2b143eeac186a4d9bd47277abb6fca1813fb19bdd5ea47c43b09d1178ece,ambiguous_isomer_trace_quarantined
butyl-acetate,butyl acetate,C6H12O2,110.0,18.3,19.05602262,0.91715649,curve_point,True,C2_figure_digitised_isomer_trace_ambiguous,${ARCHIVE_ROOT}\outputs\no_qec_priority_2026_07_31\ready15_esters_experiment_beb\paired_curves\012_butyl_acetate_experiment_beb_paired.csv,True,0.017543859649122806,0.02987637141521692,-0.040482139792572244,2,707,9ae88567e2e73c434dc89e132507ccf2b5883f310a365f4b5b03af47f51dbebf,ambiguous_isomer_trace_quarantined
butyl-acetate,butyl acetate,C6H12O2,115.0,18.3,18.87080735,0.91715649,curve_point,False,C2_figure_digitised_isomer_trace_ambiguous,${ARCHIVE_ROOT}\outputs\no_qec_priority_2026_07_31\ready15_esters_experiment_beb\paired_curves\012_butyl_acetate_experiment_beb_paired.csv,True,0.017543859649122806,0.011203639280706345,-0.0307150834615054,2,709,b0968a55ff233aa5447df6c02c86e506cb75eccc00b397ca7b8f79988270d980,ambiguous_isomer_trace_quarantined
butyl-acetate,butyl acetate,C6H12O2,120.0,18.3,18.67809077,0.91715649,curve_point,False,C2_figure_digitised_isomer_trace_ambiguous,${ARCHIVE_ROOT}\outputs\no_qec_priority_2026_07_31\ready15_esters_experiment_beb\paired_curves\012_butyl_acetate_experiment_beb_paired.csv,True,0.017543859649122806,0.011203639280706345,-0.020450160556364668,2,710,bfc6a7fe6eb922c7d71aa3333d86f17d4639d6897de128ca8cf2726dae533c46,ambiguous_isomer_trace_quarantined
butyl-acetate,butyl acetate,C6H12O2,125.0,18.268503,18.480062,0.91558532,curve_point,False,C2_figure_digitised_isomer_trace_ambiguous,${ARCHIVE_ROOT}\outputs\no_qec_priority_2026_07_31\ready15_esters_experiment_beb\paired_curves\012_butyl_acetate_experiment_beb_paired.csv,True,0.017543859649122806,0.011203612413030906,-0.011513991756045885,2,711,799faca0e4ba7270b6b1111eb12b0eb775b3d0822c4b90dd2c95caa2629a6119,ambiguous_isomer_trace_quarantined
butyl-acetate,butyl acetate,C6H12O2,130.0,18.205508,18.27848474,0.91244304,curve_point,False,C2_figure_digitised_isomer_trace_ambiguous,${ARCHIVE_ROOT}\outputs\no_qec_priority_2026_07_31\ready15_esters_experiment_beb\paired_curves\012_butyl_acetate_experiment_beb_paired.csv,True,0.017543859649122806,0.011203557996856838,-0.004000485245459169,2,712,5f0abcaceef2ec53392c3925fbe8cbd8e210688a1441b3412f5bc979aa147ef7,ambiguous_isomer_trace_quarantined
butyl-acetate,butyl acetate,C6H12O2,135.0,18.111015,18.07478191,0.90772971,curve_point,False,C2_figure_digitised_isomer_trace_ambiguous,${ARCHIVE_ROOT}\outputs\no_qec_priority_2026_07_31\ready15_esters_experiment_beb\paired_curves\012_butyl_acetate_experiment_beb_paired.csv,True,0.017543859649122806,0.011203475240257381,0.002002614572751331,2,713,bc48f029b8ebb92d71ce7cb7c45a816014cf1e9ce66e22ff3b0d27fa3cbd3957,ambiguous_isomer_trace_quarantined
butyl-acetate,butyl acetate,C6H12O2,140.0,18.111015,17.87010205,0.90772971,curve_point,False,C2_figure_digitised_isomer_trace_ambiguous,${ARCHIVE_ROOT}\outputs\no_qec_priority_2026_07_31\ready15_esters_experiment_beb\paired_curves\012_butyl_acetate_experiment_beb_paired.csv,True,0.017543859649122806,0.011203475240257381,0.013391276864660694,2,714,d566840706318fb5047ca64b8d72ab9b5aaaca620666df4a06ba3a9b6e571ca4,ambiguous_isomer_trace_quarantined
butyl-acetate,butyl acetate,C6H12O2,145.0,17.890534,17.66537187,0.8967324,curve_point,False,C2_figure_digitised_isomer_trace_ambiguous,${ARCHIVE_ROOT}\outputs\no_qec_priority_2026_07_31\ready15_esters_experiment_beb\paired_curves\012_butyl_acetate_experiment_beb_paired.csv,True,0.017543859649122806,0.01120327752721751,0.01266541433206711,2,715,904ed73c37d59367cd86c0dbb94f3d90bd32cfa85e9b3e17ec7197e2fc3d0445,ambiguous_isomer_trace_quarantined
butyl-acetate,butyl acetate,C6H12O2,150.0,17.890534,17.461338,0.8967324,curve_point,False,C2_figure_digitised_isomer_trace_ambiguous,${ARCHIVE_ROOT}\outputs\no_qec_priority_2026_07_31\ready15_esters_experiment_beb\paired_curves\012_butyl_acetate_experiment_beb_paired.csv,True,0.017543859649122806,0.01120327752721751,0.024282566375093143,2,716,24e3adc6df97c47fb2ccf1ec58a8fdc584768d6d3f2d8bc1a9666a2fff961c67,ambiguous_isomer_trace_quarantined
butyl-acetate,butyl acetate,C6H12O2,155.0,17.890534,17.25860033,0.8967324,curve_point,False,C2_figure_digitised_isomer_trace_ambiguous,${ARCHIVE_ROOT}\outputs\no_qec_priority_2026_07_31\ready15_esters_experiment_beb\paired_curves\012_butyl_acetate_experiment_beb_paired.csv,True,0.017543859649122806,0.01120327752721751,0.0359611570650641,2,717,d9a398c2892c57c10090402178dbbacc956c26d425428eeca41331065bd98d54,ambiguous_isomer_trace_quarantined
butyl-acetate,butyl acetate,C6H12O2,160.0,17.764544,17.05763884,0.89044852,curve_point,False,C2_figure_digitised_isomer_trace_ambiguous,${ARCHIVE_ROOT}\outputs\no_qec_priority_2026_07_31\ready15_esters_experiment_beb\paired_curves\012_butyl_acetate_experiment_beb_paired.csv,True,0.017543859649122806,0.01120316107127146,0.04060643149196962,2,718,35b97e6156255354765f7e3f4da17e63d051c081bf92b5c12ce550710450a6b1,ambiguous_isomer_trace_quarantined
butyl-acetate,butyl acetate,C6H12O2,165.0,17.764544,16.85883527,0.89044852,curve_point,False,C2_figure_digitised_isomer_trace_ambiguous,${ARCHIVE_ROOT}\outputs\no_qec_priority_2026_07_31\ready15_esters_experiment_beb\paired_curves\012_butyl_acetate_experiment_beb_paired.csv,True,0.017543859649122806,0.01120316107127146,0.05232969295059849,2,719,970ec7308b8f0d4412f37ee2dcc4b6c2dc5c8d86fd1aa552bee90606f27b3055,ambiguous_isomer_trace_quarantined
butyl-acetate,butyl acetate,C6H12O2,170.0,17.701549,16.66249071,0.88730666,curve_point,False,C2_figure_digitised_isomer_trace_ambiguous,${ARCHIVE_ROOT}\outputs\no_qec_priority_2026_07_31\ready15_esters_experiment_beb\paired_curves\012_butyl_acetate_experiment_beb_paired.csv,True,0.017543859649122806,0.011203101920894345,0.060492021909652915,2,720,79d6685d4dc23e0fb2da0b0139ff9ed8e6a200a134e7292b0a0182d6e21ab780,ambiguous_isomer_trace_quarantined
butyl-acetate,butyl acetate,C6H12O2,175.0,17.701549,16.46883982,0.88730666,curve_point,False,C2_figure_digitised_isomer_trace_ambiguous,${ARCHIVE_ROOT}\outputs\no_qec_priority_2026_07_31\ready15_esters_experiment_beb\paired_curves\012_butyl_acetate_experiment_beb_paired.csv,True,0.017543859649122806,0.011203101920894345,0.07218205018233236,2,721,f7e9daf8b3591e7fa496398cd911dfb738400aa27fd96542d1956edc4a282d73,ambiguous_isomer_trace_quarantined
butyl-acetate,butyl acetate,C6H12O2,180.0,17.638554,16.27806261,0.88416486,curve_point,False,C2_figure_digitised_isomer_trace_ambiguous,${ARCHIVE_ROOT}\outputs\no_qec_priority_2026_07_31\ready15_esters_experiment_beb\paired_curves\012_butyl_acetate_experiment_beb_paired.csv,True,0.017543859649122806,0.011203042121684811,0.0802687252365104,2,722,6b3985cf5702ca8eaf603e91da82a90ef65d3e1a96a948c58a3c0b2e44240fa2,ambiguous_isomer_trace_quarantined
butyl-acetate,butyl acetate,C6H12O2,185.0,17.544062,16.09029397,0.87945227,curve_point,False,C2_figure_digitised_isomer_trace_ambiguous,${ARCHIVE_ROOT}\outputs\no_qec_priority_2026_07_31\ready15_esters_experiment_beb\paired_curves\012_butyl_acetate_experiment_beb_paired.csv,True,0.017543859649122806,0.01120295129533748,0.08649931388942247,2,723,6fce5443b4f89b6a89a73945a0e024b5893d516a898d2f118233fda9e3a35f1e,ambiguous_isomer_trace_quarantined
butyl-acetate,butyl acetate,C6H12O2,190.0,17.544062,15.9056316,0.87945227,curve_point,False,C2_figure_digitised_isomer_trace_ambiguous,${ARCHIVE_ROOT}\outputs\no_qec_priority_2026_07_31\ready15_esters_experiment_beb\paired_curves\012_butyl_acetate_experiment_beb_paired.csv,True,0.017543859649122806,0.01120295129533748,0.09804230988564304,2,724,74d648b28739bfe743c5ba67fb8d3fd1beb7c209d4562b5f54e00355fecf0fca,ambiguous_isomer_trace_quarantined
butyl-acetate,butyl acetate,C6H12O2,195.0,17.418072,15.72414248,0.87316901,curve_point,False,C2_figure_digitised_isomer_trace_ambiguous,${ARCHIVE_ROOT}\outputs\no_qec_priority_2026_07_31\ready15_esters_experiment_beb\paired_curves\012_butyl_acetate_experiment_beb_paired.csv,True,0.017543859649122806,0.011202827794469582,0.10231101909072823,2,725,dffdf85991a83d0999eaf6d9a95853697eec22eb3ed133c62a9b0c0c7c17bf98,ambiguous_isomer_trace_quarantined
butyl-acetate,butyl acetate,C6H12O2,200.0,17.260585,15.54586828,0.86531527,curve_point,False,C2_figure_digitised_isomer_trace_ambiguous,${ARCHIVE_ROOT}\outputs\no_qec_priority_2026_07_31\ready15_esters_experiment_beb\paired_curves\012_butyl_acetate_experiment_beb_paired.csv,True,0.017543859649122806,0.011202669687829113,0.10463068062299326,2,726,0d72405f52212878cf4eb5953fd1924f92c5625fe972c520a43e1329eb93197b,ambiguous_isomer_trace_quarantined
butyl-acetate,butyl acetate,C6H12O2,205.0,17.103098,15.37082983,0.85746191,curve_point,False,C2_figure_digitised_isomer_trace_ambiguous,${ARCHIVE_ROOT}\outputs\no_qec_priority_2026_07_31\ready15_esters_experiment_beb\paired_curves\012_butyl_acetate_experiment_beb_paired.csv,True,0.017543859649122806,0.011202507190763749,0.10678807035621629,2,727,10fd859406cad8a7651ae538956101eb629373989a16c340d54381eee6234dc9,ambiguous_isomer_trace_quarantined
butyl-acetate,butyl acetate,C6H12O2,210.0,16.914114,15.19903082,0.84803839,curve_point,False,C2_figure_digitised_isomer_trace_ambiguous,${ARCHIVE_ROOT}\outputs\no_qec_priority_2026_07_31\ready15_esters_experiment_beb\paired_curves\012_butyl_acetate_experiment_beb_paired.csv,True,0.017543859649122806,0.011202306263911374,0.10691675733877999,2,728,c0b5da31931eb2704fdf49811ae9cd315d8cc99ea06de6ff43c1a7941cbb9980,ambiguous_isomer_trace_quarantined
butyl-acetate,butyl acetate,C6H12O2,215.0,16.788124,15.0304609,0.84175637,curve_point,False,C2_figure_digitised_isomer_trace_ambiguous,${ARCHIVE_ROOT}\outputs\no_qec_priority_2026_07_31\ready15_esters_experiment_beb\paired_curves\012_butyl_acetate_experiment_beb_paired.csv,True,0.017543859649122806,0.011202168372158067,0.1105928630416187,2,729,d34f7a83738484e1d9d4ee2cc61847a0439ea39a27108e336f47ab9b7d9c67f7,ambiguous_isomer_trace_quarantined
butyl-acetate,butyl acetate,C6H12O2,220.0,16.47315,14.86509826,0.82605247,curve_point,False,C2_figure_digitised_isomer_trace_ambiguous,${ARCHIVE_ROOT}\outputs\no_qec_priority_2026_07_31\ready15_esters_experiment_beb\paired_curves\012_butyl_acetate_experiment_beb_paired.csv,True,0.017543859649122806,0.01120180996969075,0.10271571614659064,2,730,230c85287f221981df2db3a8962ba135f828b8b4893749daf2435f1475b8d58a,ambiguous_isomer_trace_quarantined
butyl-acetate,butyl acetate,C6H12O2,225.0,16.252668,14.70291179,0.81506076,curve_point,False,C2_figure_digitised_isomer_trace_ambiguous,${ARCHIVE_ROOT}\outputs\no_qec_priority_2026_07_31\ready15_esters_experiment_beb\paired_curves\012_butyl_acetate_experiment_beb_paired.csv,True,0.017543859649122806,0.011201546603275802,0.10021152479268228,2,731,a8774164f6897d8bd8ec1a8f481796025bb141a0721648c0c370b6589b4dd9df,ambiguous_isomer_trace_quarantined
butyl-acetate,butyl acetate,C6H12O2,230.0,16.095181,14.54386284,0.80721009,curve_point,False,C2_figure_digitised_isomer_trace_ambiguous,${ARCHIVE_ROOT}\outputs\no_qec_priority_2026_07_31\ready15_esters_experiment_beb\paired_curves\012_butyl_acetate_experiment_beb_paired.csv,True,0.017543859649122806,0.011201351815316361,0.10135080371844145,2,732,a58c310af2a41b4e8225a3ece207816b2a5def99f6be691ffe48c8ab75e30647,ambiguous_isomer_trace_quarantined
butyl-acetate,butyl acetate,C6H12O2,235.0,15.906196,14.38790677,0.79778989,curve_point,False,C2_figure_digitised_isomer_trace_ambiguous,${ARCHIVE_ROOT}\outputs\no_qec_priority_2026_07_31\ready15_esters_experiment_beb\paired_curves\012_butyl_acetate_experiment_beb_paired.csv,True,0.017543859649122806,0.011201110324016137,0.10032067274601442,2,733,015940ce32e8595f833524322bc480c723cf2865040fdd9642c8a8f0a63aedcd,ambiguous_isomer_trace_quarantined
butyl-acetate,butyl acetate,C6H12O2,240.0,15.685714,14.23499422,0.78680055,curve_point,False,C2_figure_digitised_isomer_trace_ambiguous,${ARCHIVE_ROOT}\outputs\no_qec_priority_2026_07_31\ready15_esters_experiment_beb\paired_curves\012_butyl_acetate_experiment_beb_paired.csv,True,0.017543859649122806,0.011200817543255814,0.09704704711670913,2,734,9e2ebaf85a2f1523a3924ba3a356db7d7a56620ede551fd3b467086872ed914d,ambiguous_isomer_trace_quarantined
butyl-acetate,butyl acetate,C6H12O2,245.0,15.465232,14.08507211,0.77581219,curve_point,False,C2_figure_digitised_isomer_trace_ambiguous,${ARCHIVE_ROOT}\outputs\no_qec_priority_2026_07_31\ready15_esters_experiment_beb\paired_curves\012_butyl_acetate_experiment_beb_paired.csv,True,0.017543859649122806,0.011200512194032588,0.09347888669501972,2,735,cc3850ff13249c4894b0a3391d81461eb12315712a6fac41978518d1ede647a3,ambiguous_isomer_trace_quarantined
butyl-acetate,butyl acetate,C6H12O2,250.0,15.276248,13.93808457,0.76639441,curve_point,False,C2_figure_digitised_isomer_trace_ambiguous,${ARCHIVE_ROOT}\outputs\no_qec_priority_2026_07_31\ready15_esters_experiment_beb\paired_curves\012_butyl_acetate_experiment_beb_paired.csv,True,0.017543859649122806,0.011200240024984896,0.09167421326494289,2,736,30ce1a52402e75a8b57460f5e5d6fdf38f120f7ba8f1bb3559f7d59d608f64ce,ambiguous_isomer_trace_quarantined
butyl-acetate,butyl acetate,C6H12O2,255.0,15.118761,13.79397367,0.75854686,curve_point,False,C2_figure_digitised_isomer_trace_ambiguous,${ARCHIVE_ROOT}\outputs\no_qec_priority_2026_07_31\ready15_esters_experiment_beb\paired_curves\012_butyl_acetate_experiment_beb_paired.csv,True,0.017543859649122806,0.011200005302748887,0.09170461674296332,2,737,9a41721c043eef49b010928d7c19130a14ae78e43e11a924e3305f2f7c542128,ambiguous_isomer_trace_quarantined
butyl-acetate,butyl acetate,C6H12O2,260.0,15.118761,13.65268002,0.75854686,curve_point,False,C2_figure_digitised_isomer_trace_ambiguous,${ARCHIVE_ROOT}\outputs\no_qec_priority_2026_07_31\ready15_esters_experiment_beb\paired_curves\012_butyl_acetate_experiment_beb_paired.csv,True,0.017543859649122806,0.011200005302748887,0.1020005821286791,2,738,57347e92886ec9331549e100d440ac594ed4e4e8ff455742a33d4fa48a73df85,ambiguous_isomer_trace_quarantined
butyl-acetate,butyl acetate,C6H12O2,265.0,15.24475,13.51414331,0.76482486,curve_point,False,C2_figure_digitised_isomer_trace_ambiguous,${ARCHIVE_ROOT}\outputs\no_qec_priority_2026_07_31\ready15_esters_experiment_beb\paired_curves\012_butyl_acetate_experiment_beb_paired.csv,True,0.017543859649122806,0.011200193512173018,0.12049839185448023,2,739,df90d92286f25cae11e64c5925186f74ca50229b2cd31e1a011a84252bd1d285,ambiguous_isomer_trace_quarantined
butyl-acetate,butyl acetate,C6H12O2,270.0,15.213253,13.37830273,0.76325532,curve_point,False,C2_figure_digitised_isomer_trace_ambiguous,${ARCHIVE_ROOT}\outputs\no_qec_priority_2026_07_31\ready15_esters_experiment_beb\paired_curves\012_butyl_acetate_experiment_beb_paired.csv,True,0.017543859649122806,0.011200146981906032,0.12853276047285656,2,740,2c156b1164bb2892f0e9015d3d3dc433824f0c1f22a5a26cfc08e819688577a8,ambiguous_isomer_trace_quarantined
butyl-acetate,butyl acetate,C6H12O2,275.0,15.087263,13.24509732,0.75697742,curve_point,False,C2_figure_digitised_isomer_trace_ambiguous,${ARCHIVE_ROOT}\outputs\no_qec_priority_2026_07_31\ready15_esters_experiment_beb\paired_curves\012_butyl_acetate_experiment_beb_paired.csv,True,0.017543859649122806,0.011199957328671333,0.13022340755700995,2,741,6bc93fbdfe177c2640491609b54098cb34d134c3eaa926557e297bb3825a4091,ambiguous_isomer_trace_quarantined
butyl-acetate,butyl acetate,C6H12O2,280.0,14.992771,13.11446628,0.75226922,curve_point,False,C2_figure_digitised_isomer_trace_ambiguous,${ARCHIVE_ROOT}\outputs\no_qec_priority_2026_07_31\ready15_esters_experiment_beb\paired_curves\012_butyl_acetate_experiment_beb_paired.csv,True,0.017543859649122806,0.0111998121082168,0.13385223449788733,2,742,5b0d1ec26576b6e942f5b37af0c8c525bd675a181044c3ac1325d8acbe8530aa,ambiguous_isomer_trace_quarantined
butyl-acetate,butyl acetate,C6H12O2,285.0,14.929776,12.98634919,0.74913054,curve_point,False,C2_figure_digitised_isomer_trace_ambiguous,${ARCHIVE_ROOT}\outputs\no_qec_priority_2026_07_31\ready15_esters_experiment_beb\paired_curves\012_butyl_acetate_experiment_beb_paired.csv,True,0.017543859649122806,0.01119971366348935,0.13945886463741425,2,743,237d8a2fd58008fa2b5e3c47c7ea46138005a574e5ee6512307ee4942661c653,ambiguous_isomer_trace_quarantined
butyl-formate,butyl formate,C5H10O2,15.0,1.3842857,1.525876542,0.087963379,curve_point,True,C2_figure_digitised_isomer_trace_ambiguous,${ARCHIVE_ROOT}\outputs\no_qec_priority_2026_07_31\ready15_esters_experiment_beb\paired_curves\005_butyl_formate_experiment_beb_paired.csv,True,0.017543859649122806,0.027403553411940784,-0.09738476004757905,1,744,c1fac1ad43df3aefa6884fecba01d36c525fdff4c0d4e657befc3e1b5311743d,ambiguous_isomer_trace_quarantined
butyl-formate,butyl formate,C5H10O2,20.0,2.8771429,5.079439519,0.15375896,curve_point,True,C2_figure_digitised_isomer_trace_ambiguous,${ARCHIVE_ROOT}\outputs\no_qec_priority_2026_07_31\ready15_esters_experiment_beb\paired_curves\005_butyl_formate_experiment_beb_paired.csv,True,0.017543859649122806,0.029280435613066078,-0.5684031714671439,1,745,5fb81025cf50853e0be6017e69155ef9e81fc8928df06e8b36e2a505022b7236,ambiguous_isomer_trace_quarantined
butyl-formate,butyl formate,C5H10O2,25.0,4.4785714,8.288858473,0.23041472,curve_point,True,C2_figure_digitised_isomer_trace_ambiguous,${ARCHIVE_ROOT}\outputs\no_qec_priority_2026_07_31\ready15_esters_experiment_beb\paired_curves\005_butyl_formate_experiment_beb_paired.csv,True,0.017543859649122806,0.029639550474270197,-0.6156081487455203,1,746,d6d8b3d2ca04878ff0a38cf317b27d39f10196d13cc8611b2f87414ffb190939,ambiguous_isomer_trace_quarantined
butyl-formate,butyl formate,C5H10O2,30.0,6.3785714,10.77716188,0.32351564,curve_point,True,C2_figure_digitised_isomer_trace_ambiguous,${ARCHIVE_ROOT}\outputs\no_qec_priority_2026_07_31\ready15_esters_experiment_beb\paired_curves\005_butyl_formate_experiment_beb_paired.csv,True,0.017543859649122806,0.02976963998612811,-0.5244851005917662,1,747,618c13cf24e9f7f48c2e3fde4fdcfb4440df994c55817346fa513441c6a40961,ambiguous_isomer_trace_quarantined
butyl-formate,butyl formate,C5H10O2,35.0,8.1157143,12.61224659,0.40940076,curve_point,True,C2_figure_digitised_isomer_trace_ambiguous,${ARCHIVE_ROOT}\outputs\no_qec_priority_2026_07_31\ready15_esters_experiment_beb\paired_curves\005_butyl_formate_experiment_beb_paired.csv,True,0.017543859649122806,0.029818285367068854,-0.4408660742316554,1,748,5645ceed44aa316f5251267596c626622b9a756367b6646e85406ee34bbe36e6,ambiguous_isomer_trace_quarantined
butyl-formate,butyl formate,C5H10O2,40.0,9.4457143,13.97219047,0.47539535,curve_point,True,C2_figure_digitised_isomer_trace_ambiguous,${ARCHIVE_ROOT}\outputs\no_qec_priority_2026_07_31\ready15_esters_experiment_beb\paired_curves\005_butyl_formate_experiment_beb_paired.csv,True,0.017543859649122806,0.02983891086205775,-0.3915078337062842,1,749,2e468c3cafe6e9242048c405c4c0e23c9bcd9398c7691d642f2342cf1dcfa08d,ambiguous_isomer_trace_quarantined
butyl-formate,butyl formate,C5H10O2,45.0,10.721429,14.96325818,0.53881306,curve_point,True,C2_figure_digitised_isomer_trace_ambiguous,${ARCHIVE_ROOT}\outputs\no_qec_priority_2026_07_31\ready15_esters_experiment_beb\paired_curves\005_butyl_formate_experiment_beb_paired.csv,True,0.017543859649122806,0.029851943937555928,-0.3333532926161672,1,750,3934cd4d33a1546105cf8d4e4b7b69451e589265e8e83eb8fe39f2f3222f248a,ambiguous_isomer_trace_quarantined
butyl-formate,butyl formate,C5H10O2,50.0,11.318571,15.67590556,0.56852624,curve_point,True,C2_figure_digitised_isomer_trace_ambiguous,${ARCHIVE_ROOT}\outputs\no_qec_priority_2026_07_31\ready15_esters_experiment_beb\paired_curves\005_butyl_formate_experiment_beb_paired.csv,True,0.017543859649122806,0.029856589110227018,-0.32568002776580146,1,751,bb8715991d377c13e54b3e1bfe490dc5ad812d5ad2050f26c46810daf6c4740b,ambiguous_isomer_trace_quarantined
butyl-formate,butyl formate,C5H10O2,55.0,12.621429,16.179652,0.63340199,curve_point,True,C2_figure_digitised_isomer_trace_ambiguous,${ARCHIVE_ROOT}\outputs\no_qec_priority_2026_07_31\ready15_esters_experiment_beb\paired_curves\005_butyl_formate_experiment_beb_paired.csv,True,0.017543859649122806,0.029864538022513633,-0.2483583196981851,1,752,00bb70fb2a18f1bda434bcba5834d69c0fdc41d9293eb189ce10b4710767c170,ambiguous_isomer_trace_quarantined
butyl-formate,butyl formate,C5H10O2,60.0,13.751916,16.52537218,0.68973542,curve_point,True,C2_figure_digitised_isomer_trace_ambiguous,${ARCHIVE_ROOT}\outputs\no_qec_priority_2026_07_31\ready15_esters_experiment_beb\paired_curves\005_butyl_formate_experiment_beb_paired.csv,True,0.017543859649122806,0.02986968646144931,-0.1837187478637103,1,753,8354e36ead5b3afdd798442660117a008e164933c51aefa0edcc646112726e6e,ambiguous_isomer_trace_quarantined
butyl-formate,butyl formate,C5H10O2,65.0,14.18676,16.75056489,0.71141219,curve_point,True,C2_figure_digitised_isomer_trace_ambiguous,${ARCHIVE_ROOT}\outputs\no_qec_priority_2026_07_31\ready15_esters_experiment_beb\paired_curves\005_butyl_formate_experiment_beb_paired.csv,True,0.017543859649122806,0.029871348059628617,-0.16612284718752085,1,754,7a29b1c9ece93ba7ce99b6fdf5cb687f44f714afa8968b115d1c96a0bd003070,ambiguous_isomer_trace_quarantined
butyl-formate,butyl formate,C5H10O2,70.0,14.512892,16.88315765,0.72767233,curve_point,True,C2_figure_digitised_isomer_trace_ambiguous,${ARCHIVE_ROOT}\outputs\no_qec_priority_2026_07_31\ready15_esters_experiment_beb\paired_curves\005_butyl_formate_experiment_beb_paired.csv,True,0.017543859649122806,0.029872496954573512,-0.1512791783904173,1,755,ce5916eecee922f09170ce1fc0b2b78acc9d99b9cb41022743075330aa574d2b,ambiguous_isomer_trace_quarantined
butyl-formate,butyl formate,C5H10O2,75.0,14.811847,16.94417909,0.74257925,curve_point,True,C2_figure_digitised_isomer_trace_ambiguous,${ARCHIVE_ROOT}\outputs\no_qec_priority_2026_07_31\ready15_esters_experiment_beb\paired_curves\005_butyl_formate_experiment_beb_paired.csv,True,0.017543859649122806,0.029873484590976163,-0.13449702479090953,1,757,68affd2246d85d4222cd941078019ca296cde3ecd7a82881ce9ce658ddcbd1e4,ambiguous_isomer_trace_quarantined
butyl-formate,butyl formate,C5H10O2,80.0,15.110801,16.94963138,0.75748778,curve_point,True,C2_figure_digitised_isomer_trace_ambiguous,${ARCHIVE_ROOT}\outputs\no_qec_priority_2026_07_31\ready15_esters_experiment_beb\paired_curves\005_butyl_formate_experiment_beb_paired.csv,True,0.017543859649122806,0.02987441365026569,-0.11483629996692497,1,758,189c3c9fc08e481605de046889bed8895bbd30e1e09963bacb3846e02f0db38f,ambiguous_isomer_trace_quarantined
butyl-formate,butyl formate,C5H10O2,85.0,15.301045,16.91181138,0.76697582,curve_point,True,C2_figure_digitised_isomer_trace_ambiguous,${ARCHIVE_ROOT}\outputs\no_qec_priority_2026_07_31\ready15_esters_experiment_beb\paired_curves\005_butyl_formate_experiment_beb_paired.csv,True,0.017543859649122806,0.029874977079240344,-0.10009114931864903,1,759,026fb3d4d19b65421886a0fe3fa555cb5985a1fdd6609ecc12e385838565c332,ambiguous_isomer_trace_quarantined
butyl-formate,butyl formate,C5H10O2,90.0,15.491289,16.84025267,0.77646445,curve_point,True,C2_figure_digitised_isomer_trace_ambiguous,${ARCHIVE_ROOT}\outputs\no_qec_priority_2026_07_31\ready15_esters_experiment_beb\paired_curves\005_butyl_formate_experiment_beb_paired.csv,True,0.017543859649122806,0.029875519911246234,-0.08349414691438131,1,760,2aac26f0750baa66945b19518774058b84c50345073527bb929e21deea88f4b9,ambiguous_isomer_trace_quarantined
butyl-formate,butyl formate,C5H10O2,95.0,15.545645,16.74240535,0.77917559,curve_point,True,C2_figure_digitised_isomer_trace_ambiguous,${ARCHIVE_ROOT}\outputs\no_qec_priority_2026_07_31\ready15_esters_experiment_beb\paired_curves\005_butyl_formate_experiment_beb_paired.csv,True,0.017543859649122806,0.02987567171797012,-0.07416420841727227,1,761,115766c5c546ba7dce80ac26dfa0cd8c18c3ec098c3d6e423840d1bdb9352bd3,ambiguous_isomer_trace_quarantined
butyl-formate,butyl formate,C5H10O2,100.0,15.6,16.62413238,0.78188678,curve_point,True,C2_figure_digitised_isomer_trace_ambiguous,${ARCHIVE_ROOT}\outputs\no_qec_priority_2026_07_31\ready15_esters_experiment_beb\paired_curves\005_butyl_formate_experiment_beb_paired.csv,True,0.017543859649122806,0.02987582132924732,-0.0635844832554297,1,762,a15035095e247a7d2c8f33788f24be49636115d9c4a90b3284bba617495dd5a6,ambiguous_isomer_trace_quarantined
butyl-formate,butyl formate,C5H10O2,105.0,15.6,16.49007624,0.78188678,curve_point,False,C2_figure_digitised_isomer_trace_ambiguous,${ARCHIVE_ROOT}\outputs\no_qec_priority_2026_07_31\ready15_esters_experiment_beb\paired_curves\005_butyl_formate_experiment_beb_paired.csv,True,0.017543859649122806,0.011203432998467745,-0.0554878457134545,1,764,0d6a52c60f74a4909fe1456443e21b9c7d6868419fd6b180396bfdf1ae1d305e,ambiguous_isomer_trace_quarantined
butyl-formate,butyl formate,C5H10O2,110.0,15.6,16.34393264,0.78188678,curve_point,False,C2_figure_digitised_isomer_trace_ambiguous,${ARCHIVE_ROOT}\outputs\no_qec_priority_2026_07_31\ready15_esters_experiment_beb\paired_curves\005_butyl_formate_experiment_beb_paired.csv,True,0.017543859649122806,0.011203432998467745,-0.04658582186122398,1,765,fec37be910f61a1a6d109a50f493ef97fdf47857662d1cef3151a882e3511b59,ambiguous_isomer_trace_quarantined
butyl-formate,butyl formate,C5H10O2,115.0,15.6,16.18865708,0.78188678,curve_point,False,C2_figure_digitised_isomer_trace_ambiguous,${ARCHIVE_ROOT}\outputs\no_qec_priority_2026_07_31\ready15_esters_experiment_beb\paired_curves\005_butyl_formate_experiment_beb_paired.csv,True,0.017543859649122806,0.011203432998467745,-0.03703990249526255,1,766,1374849c7080c924f95e956e981aa5b45b629d6b270f56c4adc80e77d1a2d25c,ambiguous_isomer_trace_quarantined
butyl-formate,butyl formate,C5H10O2,120.0,15.6,16.02662209,0.78188678,curve_point,False,C2_figure_digitised_isomer_trace_ambiguous,${ARCHIVE_ROOT}\outputs\no_qec_priority_2026_07_31\ready15_esters_experiment_beb\paired_curves\005_butyl_formate_experiment_beb_paired.csv,True,0.017543859649122806,0.011203432998467745,-0.026980305893492994,1,767,9bdfa48dce033aad4ec00a7178909107330f2fe9c2f88f8cc8932b2868bfba12,ambiguous_isomer_trace_quarantined
butyl-formate,butyl formate,C5H10O2,125.0,15.518467,15.85973804,0.77782002,curve_point,False,C2_figure_digitised_isomer_trace_ambiguous,${ARCHIVE_ROOT}\outputs\no_qec_priority_2026_07_31\ready15_esters_experiment_beb\paired_curves\005_butyl_formate_experiment_beb_paired.csv,True,0.017543859649122806,0.011203348480376974,-0.021752964943105878,1,768,4a01ea4b87372ff288528d0bdb45bfb3a6a41c8a53e956e990fabfad632d4130,ambiguous_isomer_trace_quarantined
butyl-formate,butyl formate,C5H10O2,130.0,15.518467,15.68954671,0.77782002,curve_point,False,C2_figure_digitised_isomer_trace_ambiguous,${ARCHIVE_ROOT}\outputs\no_qec_priority_2026_07_31\ready15_esters_experiment_beb\paired_curves\005_butyl_formate_experiment_beb_paired.csv,True,0.017543859649122806,0.011203348480376974,-0.010963941848341771,1,769,b0b1d210fed44e4e58628cff3821e20ae1b5dc1db425ae104f0a64c7a79da90e,ambiguous_isomer_trace_quarantined
butyl-formate,butyl formate,C5H10O2,135.0,15.518467,15.51729433,0.77782002,curve_point,False,C2_figure_digitised_isomer_trace_ambiguous,${ARCHIVE_ROOT}\outputs\no_qec_priority_2026_07_31\ready15_esters_experiment_beb\paired_curves\005_butyl_formate_experiment_beb_paired.csv,True,0.017543859649122806,0.011203348480376974,7.556895338175003e-05,1,770,b307c88bbf60688127c89ef79d18e72cdc8d35822050771aa5605f439843b74d,ambiguous_isomer_trace_quarantined
butyl-formate,butyl formate,C5H10O2,140.0,15.382578,15.34398894,0.7710423,curve_point,False,C2_figure_digitised_isomer_trace_ambiguous,${ARCHIVE_ROOT}\outputs\no_qec_priority_2026_07_31\ready15_esters_experiment_beb\paired_curves\005_butyl_formate_experiment_beb_paired.csv,True,0.017543859649122806,0.011203204558684886,0.0025117729789704427,1,771,3b5c08bd830920c1b4025fca25c1cda5e427fbabc17cad8ac5e823d75106a4ab,ambiguous_isomer_trace_quarantined
butyl-formate,butyl formate,C5H10O2,145.0,15.382578,15.1704458,0.7710423,curve_point,False,C2_figure_digitised_isomer_trace_ambiguous,${ARCHIVE_ROOT}\outputs\no_qec_priority_2026_07_31\ready15_esters_experiment_beb\paired_curves\005_butyl_formate_experiment_beb_paired.csv,True,0.017543859649122806,0.011203204558684886,0.013886390440296823,1,772,cf91b9a468ee0e35453a2da2b8becbcc4f4c60ad36ede3ed5b9d71b5b53080ae,ambiguous_isomer_trace_quarantined
butyl-formate,butyl formate,C5H10O2,150.0,15.192334,14.99732346,0.76155401,curve_point,False,C2_figure_digitised_isomer_trace_ambiguous,${ARCHIVE_ROOT}\outputs\no_qec_priority_2026_07_31\ready15_esters_experiment_beb\paired_curves\005_butyl_formate_experiment_beb_paired.csv,True,0.017543859649122806,0.011202996605724113,0.012919209343097227,1,773,2b3b610bfddb2c2e7eb8f1a82917ccdf23a6d2f053a74386da444457fbb61431,ambiguous_isomer_trace_quarantined
butyl-formate,butyl formate,C5H10O2,155.0,15.110801,14.8251527,0.75748778,curve_point,False,C2_figure_digitised_isomer_trace_ambiguous,${ARCHIVE_ROOT}\outputs\no_qec_priority_2026_07_31\ready15_esters_experiment_beb\paired_curves\005_butyl_formate_experiment_beb_paired.csv,True,0.017543859649122806,0.011202905118849634,0.019084541131051923,1,774,f9aa22ae811833ca80e6f31f1fc4099a93373e729d2d0c20d73d7f7c8a001b8a,ambiguous_isomer_trace_quarantined
butyl-formate,butyl formate,C5H10O2,160.0,15.029268,14.65435973,0.75342166,curve_point,False,C2_figure_digitised_isomer_trace_ambiguous,${ARCHIVE_ROOT}\outputs\no_qec_priority_2026_07_31\ready15_esters_experiment_beb\paired_curves\005_butyl_formate_experiment_beb_paired.csv,True,0.017543859649122806,0.011202812152254927,0.025261616301381365,1,775,3744d7daa26104e8e411ca645ddf98a7221de3b657a412db685675a0e937a5f0,ambiguous_isomer_trace_quarantined
butyl-formate,butyl formate,C5H10O2,165.0,14.974913,14.48528501,0.75071098,curve_point,False,C2_figure_digitised_isomer_trace_ambiguous,${ARCHIVE_ROOT}\outputs\no_qec_priority_2026_07_31\ready15_esters_experiment_beb\paired_curves\005_butyl_formate_experiment_beb_paired.csv,True,0.017543859649122806,0.011202749389975718,0.03324302705731675,1,776,52a2ddfc5addb717b9f7dd36b8582dd7cfdcf5ecdc32f387a4b34097db85072f,ambiguous_isomer_trace_quarantined
butyl-formate,butyl formate,C5H10O2,170.0,14.89338,14.31819843,0.74664506,curve_point,False,C2_figure_digitised_isomer_trace_ambiguous,${ARCHIVE_ROOT}\outputs\no_qec_priority_2026_07_31\ready15_esters_experiment_beb\paired_curves\005_butyl_formate_experiment_beb_paired.csv,True,0.017543859649122806,0.011202653828989807,0.039385473263877854,1,777,1def6fb51607409ce0029305cd082e1f7d9eaf77d90a7437877ef8af755b8667,ambiguous_isomer_trace_quarantined
butyl-formate,butyl formate,C5H10O2,175.0,14.811847,14.1533118,0.74257925,curve_point,False,C2_figure_digitised_isomer_trace_ambiguous,${ARCHIVE_ROOT}\outputs\no_qec_priority_2026_07_31\ready15_esters_experiment_beb\paired_curves\005_butyl_formate_experiment_beb_paired.csv,True,0.017543859649122806,0.011202556721616061,0.045478687361511984,1,778,8434b1cec0c059c4f65b70c0d90c2032dd3b80ec97df3e8c41af2904d413f9c2,ambiguous_isomer_trace_quarantined
butyl-formate,butyl formate,C5H10O2,180.0,14.811847,13.99078895,0.74257925,curve_point,False,C2_figure_digitised_isomer_trace_ambiguous,${ARCHIVE_ROOT}\outputs\no_qec_priority_2026_07_31\ready15_esters_experiment_beb\paired_curves\005_butyl_formate_experiment_beb_paired.csv,True,0.017543859649122806,0.011202556721616061,0.05702815259535075,1,779,d125c2863ee33bbe17f11323c0f96b45ba3fb443725dc5cb501571bd6eae3404,ambiguous_isomer_trace_quarantined
butyl-formate,butyl formate,C5H10O2,185.0,14.64878,13.83075413,0.734448,curve_point,False,C2_figure_digitised_isomer_trace_ambiguous,${ARCHIVE_ROOT}\outputs\no_qec_priority_2026_07_31\ready15_esters_experiment_beb\paired_curves\005_butyl_formate_experiment_beb_paired.csv,True,0.017543859649122806,0.01120235735561369,0.057462382793750356,1,780,c55a7e723a3bc4932b37721c32549eb315ad3b6f116dd84059bee20119709fc3,ambiguous_isomer_trace_quarantined
butyl-formate,butyl formate,C5H10O2,190.0,14.512892,13.67329882,0.72767233,curve_point,False,C2_figure_digitised_isomer_trace_ambiguous,${ARCHIVE_ROOT}\outputs\no_qec_priority_2026_07_31\ready15_esters_experiment_beb\paired_curves\005_butyl_formate_experiment_beb_paired.csv,True,0.017543859649122806,0.011202186357965067,0.059592418018087186,1,781,128204456351103dbe176e70e6b4624d4bba3bff91a89ce5975b4fd51451a1fe,ambiguous_isomer_trace_quarantined
butyl-formate,butyl formate,C5H10O2,195.0,14.377003,13.51848745,0.72089702,curve_point,False,C2_figure_digitised_isomer_trace_ambiguous,${ARCHIVE_ROOT}\outputs\no_qec_priority_2026_07_31\ready15_esters_experiment_beb\paired_curves\005_butyl_formate_experiment_beb_paired.csv,True,0.017543859649122806,0.011202010229480992,0.061571726750710584,1,782,c53977d99af88a92170443d16d26e8fd0b042fbf287cbb2b6cf01de61ba6182e,ambiguous_isomer_trace_quarantined
butyl-formate,butyl formate,C5H10O2,200.0,14.241115,13.36636209,0.71412207,curve_point,False,C2_figure_digitised_isomer_trace_ambiguous,${ARCHIVE_ROOT}\outputs\no_qec_priority_2026_07_31\ready15_esters_experiment_beb\paired_curves\005_butyl_formate_experiment_beb_paired.csv,True,0.017543859649122806,0.011201829290755454,0.06339194437978517,1,783,ccf492283ca1a616f5bb3801f83e4e7c0dc2431ceed89a669395b019fb575617,ambiguous_isomer_trace_quarantined
butyl-formate,butyl formate,C5H10O2,205.0,14.159582,13.21694633,0.71005728,curve_point,False,C2_figure_digitised_isomer_trace_ambiguous,${ARCHIVE_ROOT}\outputs\no_qec_priority_2026_07_31\ready15_esters_experiment_beb\paired_curves\005_butyl_formate_experiment_beb_paired.csv,True,0.017543859649122806,0.011201718167193845,0.06889174896784822,1,784,ba1f43d717fb2fac4bded18cc2daf1a49c38991ce17564fcbe70dafe5b711556,ambiguous_isomer_trace_quarantined
butyl-formate,butyl formate,C5H10O2,210.0,14.159582,13.07024856,0.71005728,curve_point,False,C2_figure_digitised_isomer_trace_ambiguous,${ARCHIVE_ROOT}\outputs\no_qec_priority_2026_07_31\ready15_esters_experiment_beb\paired_curves\005_butyl_formate_experiment_beb_paired.csv,True,0.017543859649122806,0.011201718167193845,0.08005302300299527,1,785,aa59be71ed72a7f4eea3ea1bf6cb3a704b982664b9bff52222dc24836769c74e,ambiguous_isomer_trace_quarantined
butyl-formate,butyl formate,C5H10O2,215.0,13.996516,12.92626463,0.70192811,curve_point,False,C2_figure_digitised_isomer_trace_ambiguous,${ARCHIVE_ROOT}\outputs\no_qec_priority_2026_07_31\ready15_esters_experiment_beb\paired_curves\005_butyl_formate_experiment_beb_paired.csv,True,0.017543859649122806,0.011201490085834681,0.0795471821804824,1,786,79f7dcda2fc53fdd76e7480efc1d56a6edabffa58d8a7bb3ed39c41a926bff10,ambiguous_isomer_trace_quarantined
butyl-formate,butyl formate,C5H10O2,220.0,13.779094,12.78498017,0.6910901,curve_point,False,C2_figure_digitised_isomer_trace_ambiguous,${ARCHIVE_ROOT}\outputs\no_qec_priority_2026_07_31\ready15_esters_experiment_beb\paired_curves\005_butyl_formate_experiment_beb_paired.csv,True,0.017543859649122806,0.011201173150233619,0.07488145825839004,1,787,3e5fd0051d821fe0aa1eb8784dbc7bb739037c3ac4ca72977a20cbe25d858e94,ambiguous_isomer_trace_quarantined
butyl-formate,butyl formate,C5H10O2,225.0,13.643206,12.64637242,0.68431687,curve_point,False,C2_figure_digitised_isomer_trace_ambiguous,${ARCHIVE_ROOT}\outputs\no_qec_priority_2026_07_31\ready15_esters_experiment_beb\paired_curves\005_butyl_formate_experiment_beb_paired.csv,True,0.017543859649122806,0.01120096755034167,0.07587125995394456,1,788,bf787e2b5cc4c1198febe11e2d569c392271c8cbc25a2398edfbf7b700b774c7,ambiguous_isomer_trace_quarantined
butyl-formate,butyl formate,C5H10O2,230.0,13.507317,12.51041186,0.67754408,curve_point,False,C2_figure_digitised_isomer_trace_ambiguous,${ARCHIVE_ROOT}\outputs\no_qec_priority_2026_07_31\ready15_esters_experiment_beb\paired_curves\005_butyl_formate_experiment_beb_paired.csv,True,0.017543859649122806,0.011200755397812658,0.07667029221651776,1,789,8ae10d5296385a9070875f06aa7b4577e39e6d18d3d1d13d8b2c69ded5da4aab,ambiguous_isomer_trace_quarantined
butyl-formate,butyl formate,C5H10O2,235.0,13.371429,12.37706349,0.67077172,curve_point,False,C2_figure_digitised_isomer_trace_ambiguous,${ARCHIVE_ROOT}\outputs\no_qec_priority_2026_07_31\ready15_esters_experiment_beb\paired_curves\005_butyl_formate_experiment_beb_paired.csv,True,0.017543859649122806,0.011200537040578893,0.07727522525877402,1,790,efc23f744a9fb9449c252c4434f046668875d8cd901bcb4d9fd47cecc6464a40,ambiguous_isomer_trace_quarantined
butyl-formate,butyl formate,C5H10O2,240.0,13.371429,12.24628799,0.67077172,curve_point,False,C2_figure_digitised_isomer_trace_ambiguous,${ARCHIVE_ROOT}\outputs\no_qec_priority_2026_07_31\ready15_esters_experiment_beb\paired_curves\005_butyl_formate_experiment_beb_paired.csv,True,0.017543859649122806,0.011200537040578893,0.08789739663347626,1,791,df2bd5d18e2fa38667424874e993e437260e79b6648adf747b78270016b530c1,ambiguous_isomer_trace_quarantined
butyl-formate,butyl formate,C5H10O2,245.0,13.262718,12.11804259,0.66535415,curve_point,False,C2_figure_digitised_isomer_trace_ambiguous,${ARCHIVE_ROOT}\outputs\no_qec_priority_2026_07_31\ready15_esters_experiment_beb\paired_curves\005_butyl_formate_experiment_beb_paired.csv,True,0.017543859649122806,0.011200357385295439,0.09026147600529832,1,792,f6a4e0e8461623c4c9b5fb7c8e4efd7bf08ff4d679a8d100936f23729fd4f973,ambiguous_isomer_trace_quarantined
butyl-formate,butyl formate,C5H10O2,250.0,13.072474,11.99228194,0.65587413,curve_point,False,C2_figure_digitised_isomer_trace_ambiguous,${ARCHIVE_ROOT}\outputs\no_qec_priority_2026_07_31\ready15_esters_experiment_beb\paired_curves\005_butyl_formate_experiment_beb_paired.csv,True,0.017543859649122806,0.011200032155471619,0.08624552697245028,1,793,cb3151ffe282322aa5c7c6eea1e13fd5e789bd5b59ffc5fa073040a6b312d03f,ambiguous_isomer_trace_quarantined
butyl-formate,butyl formate,C5H10O2,255.0,12.963763,11.86895865,0.65045739,curve_point,False,C2_figure_digitised_isomer_trace_ambiguous,${ARCHIVE_ROOT}\outputs\no_qec_priority_2026_07_31\ready15_esters_experiment_beb\paired_curves\005_butyl_formate_experiment_beb_paired.csv,True,0.017543859649122806,0.011199839858369275,0.08823152851479549,1,794,e73cc6a1637f9cdae9fc7670fe3c46ecdd3671e3415499170e07e8a4eb93b1be,ambiguous_isomer_trace_quarantined
butyl-formate,butyl formate,C5H10O2,260.0,12.88223,11.74802397,0.64639505,curve_point,False,C2_figure_digitised_isomer_trace_ambiguous,${ARCHIVE_ROOT}\outputs\no_qec_priority_2026_07_31\ready15_esters_experiment_beb\paired_curves\005_butyl_formate_experiment_beb_paired.csv,True,0.017543859649122806,0.011199692458563486,0.0921637886541656,1,795,bbc591ad5fce5dc53ccf7f6fdd563b32d425d6d46b1d73d9ba55f7935d1df458,ambiguous_isomer_trace_quarantined
butyl-formate,butyl formate,C5H10O2,265.0,12.855052,11.62942812,0.64504098,curve_point,False,C2_figure_digitised_isomer_trace_ambiguous,${ARCHIVE_ROOT}\outputs\no_qec_priority_2026_07_31\ready15_esters_experiment_beb\paired_curves\005_butyl_formate_experiment_beb_paired.csv,True,0.017543859649122806,0.011199642598808363,0.10019809333564321,1,796,d939e92da14d9fc883debcc51cd154e06fd61ca2cc5280810bc94f45522a0226,ambiguous_isomer_trace_quarantined
butyl-formate,butyl formate,C5H10O2,270.0,12.637631,11.51312078,0.63420912,curve_point,False,C2_figure_digitised_isomer_trace_ambiguous,${ARCHIVE_ROOT}\outputs\no_qec_priority_2026_07_31\ready15_esters_experiment_beb\paired_curves\005_butyl_formate_experiment_beb_paired.csv,True,0.017543859649122806,0.011199233100612263,0.09319162788105909,1,797,dad9417e4b866aa146cc0967b53f68c12a8800198b9e23fb9f88b77867986487,ambiguous_isomer_trace_quarantined
butyl-formate,butyl formate,C5H10O2,275.0,12.556098,11.39905134,0.63014753,curve_point,False,C2_figure_digitised_isomer_trace_ambiguous,${ARCHIVE_ROOT}\outputs\no_qec_priority_2026_07_31\ready15_esters_experiment_beb\paired_curves\005_butyl_formate_experiment_beb_paired.csv,True,0.017543859649122806,0.011199073952255448,0.09667630783434804,1,798,6b30437324f3ce050d71f197299721ce0d7b0b91731b1205db5ecc8cd4adb6b9,ambiguous_isomer_trace_quarantined
butyl-formate,butyl formate,C5H10O2,280.0,12.474564,11.28716922,0.62608612,curve_point,False,C2_figure_digitised_isomer_trace_ambiguous,${ARCHIVE_ROOT}\outputs\no_qec_priority_2026_07_31\ready15_esters_experiment_beb\paired_curves\005_butyl_formate_experiment_beb_paired.csv,True,0.017543859649122806,0.011198911494368805,0.10002507779670516,1,799,6c65d95bedf8d689e5b8ad3686ec2c1cb66c1d3e77b9c0eb267a53694c901239,ambiguous_isomer_trace_quarantined
butyl-formate,butyl formate,C5H10O2,285.0,12.447387,11.17742402,0.62473237,curve_point,False,C2_figure_digitised_isomer_trace_ambiguous,${ARCHIVE_ROOT}\outputs\no_qec_priority_2026_07_31\ready15_esters_experiment_beb\paired_curves\005_butyl_formate_experiment_beb_paired.csv,True,0.017543859649122806,0.01119885685128727,0.10761468984639432,1,800,488bf798c6574816c5b6210e432445c35868bca8068f15a14ad9323ba9e16042,ambiguous_isomer_trace_quarantined
isobutyl-acetate,isobutyl acetate,C6H12O2,15.0,1.98,1.839577232,0.11726901,curve_point,True,C2_figure_digitised_isomer_trace_ambiguous,${ARCHIVE_ROOT}\outputs\no_qec_priority_2026_07_31\ready15_esters_experiment_beb\paired_curves\013_isobutyl_acetate_experiment_beb_paired.csv,True,0.017543859649122806,0.02821468067558308,0.07356106470301252,3,1958,b1dbb4beeb8483b0f4f10f7e42f16b789abe01f6b643d605d4731c57449dc476,ambiguous_isomer_trace_quarantined
isobutyl-acetate,isobutyl acetate,C6H12O2,20.0,3.74,6.210821419,0.19728158,curve_point,True,C2_figure_digitised_isomer_trace_ambiguous,${ARCHIVE_ROOT}\outputs\no_qec_priority_2026_07_31\ready15_esters_experiment_beb\paired_curves\013_isobutyl_acetate_experiment_beb_paired.csv,True,0.017543859649122806,0.029405741706917857,-0.507207549362549,3,1959,556efab4b999d61d3971e029f7aebe000666b6d45e7ac5153904d4fb4ef6e259,ambiguous_isomer_trace_quarantined
isobutyl-acetate,isobutyl acetate,C6H12O2,25.0,6.16,9.978014804,0.31434857,curve_point,True,C2_figure_digitised_isomer_trace_ambiguous,${ARCHIVE_ROOT}\outputs\no_qec_priority_2026_07_31\ready15_esters_experiment_beb\paired_curves\013_isobutyl_acetate_experiment_beb_paired.csv,True,0.017543859649122806,0.029714155039088596,-0.4823073755563776,3,1960,9a9c989bae0c15305ccbb93bd7140a3d8d3b59c68f014639ca77a7d237ae4d9d,ambiguous_isomer_trace_quarantined
isobutyl-acetate,isobutyl acetate,C6H12O2,30.0,8.2657143,12.90650909,0.4180384,curve_point,True,C2_figure_digitised_isomer_trace_ambiguous,${ARCHIVE_ROOT}\outputs\no_qec_priority_2026_07_31\ready15_esters_experiment_beb\paired_curves\013_isobutyl_acetate_experiment_beb_paired.csv,True,0.017543859649122806,0.029795273097883417,-0.44561561250880094,3,1961,7eda6be13bee9b36556a6969d923172885d6ad41c77ae229d7b868961c751122,ambiguous_isomer_trace_quarantined
isobutyl-acetate,isobutyl acetate,C6H12O2,35.0,9.9942857,15.05565808,0.50365205,curve_point,True,C2_figure_digitised_isomer_trace_ambiguous,${ARCHIVE_ROOT}\outputs\no_qec_priority_2026_07_31\ready15_esters_experiment_beb\paired_curves\013_isobutyl_acetate_experiment_beb_paired.csv,True,0.017543859649122806,0.029827415531997022,-0.4097403730363476,3,1962,cd2d67c1a06db8819a85f5ad7d153c43435ca03d60a3dce4a543737ec8f6078f,ambiguous_isomer_trace_quarantined
isobutyl-acetate,isobutyl acetate,C6H12O2,40.0,11.565714,16.63761001,0.58169183,curve_point,True,C2_figure_digitised_isomer_trace_ambiguous,${ARCHIVE_ROOT}\outputs\no_qec_priority_2026_07_31\ready15_esters_experiment_beb\paired_curves\013_isobutyl_acetate_experiment_beb_paired.csv,True,0.017543859649122806,0.02984506657672886,-0.363620764090385,3,1963,78881569b2eb647a0e5723a94aa4130f2b400f9707f47821213167bab0c12ab3,ambiguous_isomer_trace_quarantined
isobutyl-acetate,isobutyl acetate,C6H12O2,45.0,12.791429,17.7828026,0.64265281,curve_point,True,C2_figure_digitised_isomer_trace_ambiguous,${ARCHIVE_ROOT}\outputs\no_qec_priority_2026_07_31\ready15_esters_experiment_beb\paired_curves\013_isobutyl_acetate_experiment_beb_paired.csv,True,0.017543859649122806,0.029854571069237026,-0.3294565069485968,3,1964,bcaf173075e73dac24f9fd1a5dd22156bb450fbf0a41876bdbdf4ca5be9cee1d,ambiguous_isomer_trace_quarantined
isobutyl-acetate,isobutyl acetate,C6H12O2,50.0,14.017143,18.60093559,0.7036702,curve_point,True,C2_figure_digitised_isomer_trace_ambiguous,${ARCHIVE_ROOT}\outputs\no_qec_priority_2026_07_31\ready15_esters_experiment_beb\paired_curves\013_isobutyl_acetate_experiment_beb_paired.csv,True,0.017543859649122806,0.02986169654255673,-0.2829307994651829,3,1965,71e81284ef8af8d1c85e3d09c64d7f8b8d1873988acbd5be4c3aa3fba4b21f06,ambiguous_isomer_trace_quarantined
isobutyl-acetate,isobutyl acetate,C6H12O2,55.0,14.991429,19.17448368,0.75220233,curve_point,True,C2_figure_digitised_isomer_trace_ambiguous,${ARCHIVE_ROOT}\outputs\no_qec_priority_2026_07_31\ready15_esters_experiment_beb\paired_curves\013_isobutyl_acetate_experiment_beb_paired.csv,True,0.017543859649122806,0.029866160357632364,-0.24610178237226285,3,1966,bf2299d8415bdb9636893ac9da6efb3580230ee880ef0b200099935e85ad2fba,ambiguous_isomer_trace_quarantined
isobutyl-acetate,isobutyl acetate,C6H12O2,60.0,16.22117,19.563547,0.81349059,curve_point,True,C2_figure_digitised_isomer_trace_ambiguous,${ARCHIVE_ROOT}\outputs\no_qec_priority_2026_07_31\ready15_esters_experiment_beb\paired_curves\013_isobutyl_acetate_experiment_beb_paired.csv,True,0.017543859649122806,0.029870687927557177,-0.18735080838023774,3,1967,99e5d63aebb80e60b6201174a388a1ca48670eb5391b84f4282aac139729d279,ambiguous_isomer_trace_quarantined
isobutyl-acetate,isobutyl acetate,C6H12O2,65.0,16.756627,19.81228588,0.8401859,curve_point,True,C2_figure_digitised_isomer_trace_ambiguous,${ARCHIVE_ROOT}\outputs\no_qec_priority_2026_07_31\ready15_esters_experiment_beb\paired_curves\013_isobutyl_acetate_experiment_beb_paired.csv,True,0.017543859649122806,0.029872356094672547,-0.16750842244394354,3,1968,303edb05d1e5101164f8cdbfab40037cf74ae3c1b6bcde98fec9a2a71fb3ccdf,ambiguous_isomer_trace_quarantined
isobutyl-acetate,isobutyl acetate,C6H12O2,70.0,17.134596,19.95350591,0.85903255,curve_point,True,C2_figure_digitised_isomer_trace_ambiguous,${ARCHIVE_ROOT}\outputs\no_qec_priority_2026_07_31\ready15_esters_experiment_beb\paired_curves\013_isobutyl_acetate_experiment_beb_paired.csv,True,0.017543859649122806,0.029873440453391856,-0.15230528515779698,3,1969,04d7fece53ca0a05c2a95e66169b4f6c6b9f356c32c174eee6d7cbe89068e1d8,ambiguous_isomer_trace_quarantined
isobutyl-acetate,isobutyl acetate,C6H12O2,75.0,17.512565,20.01185473,0.87788143,curve_point,True,C2_figure_digitised_isomer_trace_ambiguous,${ARCHIVE_ROOT}\outputs\no_qec_priority_2026_07_31\ready15_esters_experiment_beb\paired_curves\013_isobutyl_acetate_experiment_beb_paired.csv,True,0.017543859649122806,0.029874455404630646,-0.1334062111643136,3,1971,630baabd3ba34440965d4420df039ea7edf5bd928c2a33585ef7ada2471a9e58,ambiguous_isomer_trace_quarantined
isobutyl-acetate,isobutyl acetate,C6H12O2,80.0,17.764544,20.00605117,0.89044852,curve_point,True,C2_figure_digitised_isomer_trace_ambiguous,${ARCHIVE_ROOT}\outputs\no_qec_priority_2026_07_31\ready15_esters_experiment_beb\paired_curves\013_isobutyl_acetate_experiment_beb_paired.csv,True,0.017543859649122806,0.029875096190057227,-0.11883022559804583,3,1972,20a9af45749a51c4bafa253d05f2b56110b30bc54436c2949134a607960ee56d,ambiguous_isomer_trace_quarantined
isobutyl-acetate,isobutyl acetate,C6H12O2,85.0,17.922031,19.95045271,0.8983034,curve_point,True,C2_figure_digitised_isomer_trace_ambiguous,${ARCHIVE_ROOT}\outputs\no_qec_priority_2026_07_31\ready15_esters_experiment_beb\paired_curves\013_isobutyl_acetate_experiment_beb_paired.csv,True,0.017543859649122806,0.02987548314958552,-0.10722109713078685,3,1973,186f7ad50bac202ca07e4646c5c73c5975768d07f8093271a846904c8b907f05,ambiguous_isomer_trace_quarantined
isobutyl-acetate,isobutyl acetate,C6H12O2,90.0,18.17401,19.85617022,0.91087192,curve_point,True,C2_figure_digitised_isomer_trace_ambiguous,${ARCHIVE_ROOT}\outputs\no_qec_priority_2026_07_31\ready15_esters_experiment_beb\paired_curves\013_isobutyl_acetate_experiment_beb_paired.csv,True,0.017543859649122806,0.029876081286746355,-0.08852224963951018,3,1974,95029854ec59be1940302e7abfa2f2942232ff570575fba03001fbd99133c1ec,ambiguous_isomer_trace_quarantined
isobutyl-acetate,isobutyl acetate,C6H12O2,95.0,18.17401,19.73187071,0.91087192,curve_point,True,C2_figure_digitised_isomer_trace_ambiguous,${ARCHIVE_ROOT}\outputs\no_qec_priority_2026_07_31\ready15_esters_experiment_beb\paired_curves\013_isobutyl_acetate_experiment_beb_paired.csv,True,0.017543859649122806,0.029876081286746355,-0.0822425795395886,3,1975,e6d247eb511a8ae759887b019e77d3da9fee2fb3f17370dd8f8218600915b889,ambiguous_isomer_trace_quarantined
isobutyl-acetate,isobutyl acetate,C6H12O2,100.0,18.205508,19.58436236,0.91244304,curve_point,True,C2_figure_digitised_isomer_trace_ambiguous,${ARCHIVE_ROOT}\outputs\no_qec_priority_2026_07_31\ready15_esters_experiment_beb\paired_curves\013_isobutyl_acetate_experiment_beb_paired.csv,True,0.017543859649122806,0.0298761546582849,-0.07300722335827926,3,1976,b60897b6ecaa70893cac27e1620e0c5c2da54d85a8ba52e1f8a5bd973c992dce,ambiguous_isomer_trace_quarantined
isobutyl-acetate,isobutyl acetate,C6H12O2,105.0,18.237005,19.419026,0.91401418,curve_point,True,C2_figure_digitised_isomer_trace_ambiguous,${ARCHIVE_ROOT}\outputs\no_qec_priority_2026_07_31\ready15_esters_experiment_beb\paired_curves\013_isobutyl_acetate_experiment_beb_paired.csv,True,0.017543859649122806,0.029876227095294302,-0.06280053552292522,3,1977,44b7a93df3c59ac04588ce416baac0a31a9179b41cad9bde0db862e7d6ba6dad,ambiguous_isomer_trace_quarantined
isobutyl-acetate,isobutyl acetate,C6H12O2,110.0,18.3,19.2401368,0.91715649,curve_point,True,C2_figure_digitised_isomer_trace_ambiguous,${ARCHIVE_ROOT}\outputs\no_qec_priority_2026_07_31\ready15_esters_experiment_beb\paired_curves\013_isobutyl_acetate_experiment_beb_paired.csv,True,0.017543859649122806,0.02987637141521692,-0.050097495552017944,3,1978,c66d426b9f436c9c10ed62534da561735135c1fd863cf9e646d777b4026531ca,ambiguous_isomer_trace_quarantined
isobutyl-acetate,isobutyl acetate,C6H12O2,115.0,18.3,19.05110668,0.91715649,curve_point,False,C2_figure_digitised_isomer_trace_ambiguous,${ARCHIVE_ROOT}\outputs\no_qec_priority_2026_07_31\ready15_esters_experiment_beb\paired_curves\013_isobutyl_acetate_experiment_beb_paired.csv,True,0.017543859649122806,0.011203639280706345,-0.04022413347629651,3,1980,746ed246b5b744cbcec0560533bb38df36163a4a26fe7a508abf181b46707d5c,ambiguous_isomer_trace_quarantined
isobutyl-acetate,isobutyl acetate,C6H12O2,120.0,18.3,18.85466859,0.91715649,curve_point,False,C2_figure_digitised_isomer_trace_ambiguous,${ARCHIVE_ROOT}\outputs\no_qec_priority_2026_07_31\ready15_esters_experiment_beb\paired_curves\013_isobutyl_acetate_experiment_beb_paired.csv,True,0.017543859649122806,0.011203639280706345,-0.029859493938384385,3,1981,032c26e1c3b1a52943e772c439d6759dc2813a8d899fc93c4dcb49d19dc4fd4c,ambiguous_isomer_trace_quarantined
isobutyl-acetate,isobutyl acetate,C6H12O2,125.0,18.268503,18.65301801,0.91558532,curve_point,False,C2_figure_digitised_isomer_trace_ambiguous,${ARCHIVE_ROOT}\outputs\no_qec_priority_2026_07_31\ready15_esters_experiment_beb\paired_curves\013_isobutyl_acetate_experiment_beb_paired.csv,True,0.017543859649122806,0.011203612413030906,-0.02082952716007338,3,1982,f1b669138668d806c9b4886d1f74ca0fbcb2fad2a772e32543dec3fe8f5f5116,ambiguous_isomer_trace_quarantined
isobutyl-acetate,isobutyl acetate,C6H12O2,130.0,18.205508,18.44792233,0.91244304,curve_point,False,C2_figure_digitised_isomer_trace_ambiguous,${ARCHIVE_ROOT}\outputs\no_qec_priority_2026_07_31\ready15_esters_experiment_beb\paired_curves\013_isobutyl_acetate_experiment_beb_paired.csv,True,0.017543859649122806,0.011203557996856838,-0.013227567645413475,3,1983,b188611739f502ca04e991cf72b5581eb442d4965f77dd2b5a56fadc024bbc5c,ambiguous_isomer_trace_quarantined
isobutyl-acetate,isobutyl acetate,C6H12O2,135.0,18.111015,18.24080616,0.90772971,curve_point,False,C2_figure_digitised_isomer_trace_ambiguous,${ARCHIVE_ROOT}\outputs\no_qec_priority_2026_07_31\ready15_esters_experiment_beb\paired_curves\013_isobutyl_acetate_experiment_beb_paired.csv,True,0.017543859649122806,0.011203475240257381,-0.007140864329935807,3,1984,14a316e240e88ccacb7d45ab56e5a7b2a453781e337e3466d22d818c2f57563e,ambiguous_isomer_trace_quarantined
isobutyl-acetate,isobutyl acetate,C6H12O2,140.0,18.111015,18.03281829,0.90772971,curve_point,False,C2_figure_digitised_isomer_trace_ambiguous,${ARCHIVE_ROOT}\outputs\no_qec_priority_2026_07_31\ready15_esters_experiment_beb\paired_curves\013_isobutyl_acetate_experiment_beb_paired.csv,True,0.017543859649122806,0.011203475240257381,0.004326980559997871,3,1985,14fbed106555aebf00fe6267d1c40f3cab7660ee590ee1b7799668c3186da706,ambiguous_isomer_trace_quarantined
isobutyl-acetate,isobutyl acetate,C6H12O2,145.0,17.890534,17.82488457,0.8967324,curve_point,False,C2_figure_digitised_isomer_trace_ambiguous,${ARCHIVE_ROOT}\outputs\no_qec_priority_2026_07_31\ready15_esters_experiment_beb\paired_curves\013_isobutyl_acetate_experiment_beb_paired.csv,True,0.017543859649122806,0.01120327752721751,0.00367625560978343,3,1986,ecc90ca431559dba5ab0dcc3fa2d97eac04ef202357fc7d8958e84679452bafc,ambiguous_isomer_trace_quarantined
isobutyl-acetate,isobutyl acetate,C6H12O2,150.0,17.890534,17.61774995,0.8967324,curve_point,False,C2_figure_digitised_isomer_trace_ambiguous,${ARCHIVE_ROOT}\outputs\no_qec_priority_2026_07_31\ready15_esters_experiment_beb\paired_curves\013_isobutyl_acetate_experiment_beb_paired.csv,True,0.017543859649122806,0.01120327752721751,0.015364832436893247,3,1987,e1315ae01289d886305d6500cb29cb301904f869ea3400d21bc0353bf266f2a8,ambiguous_isomer_trace_quarantined
isobutyl-acetate,isobutyl acetate,C6H12O2,155.0,17.890534,17.4120121,0.8967324,curve_point,False,C2_figure_digitised_isomer_trace_ambiguous,${ARCHIVE_ROOT}\outputs\no_qec_priority_2026_07_31\ready15_esters_experiment_beb\paired_curves\013_isobutyl_acetate_experiment_beb_paired.csv,True,0.017543859649122806,0.01120327752721751,0.027111427539998883,3,1988,328ecd5cc30814a769e30a58fb1c8aa44e512ae6dc9d4422987847ac71ad573b,ambiguous_isomer_trace_quarantined
isobutyl-acetate,isobutyl acetate,C6H12O2,160.0,17.764544,17.2081484,0.89044852,curve_point,False,C2_figure_digitised_isomer_trace_ambiguous,${ARCHIVE_ROOT}\outputs\no_qec_priority_2026_07_31\ready15_esters_experiment_beb\paired_curves\013_isobutyl_acetate_experiment_beb_paired.csv,True,0.017543859649122806,0.01120316107127146,0.031821544870246694,3,1989,b2d77e6ebd5fcc8ac5f765c857a0f753bec75d16a946abd826c63936b73c2197,ambiguous_isomer_trace_quarantined
isobutyl-acetate,isobutyl acetate,C6H12O2,165.0,17.764544,17.00653768,0.89044852,curve_point,False,C2_figure_digitised_isomer_trace_ambiguous,${ARCHIVE_ROOT}\outputs\no_qec_priority_2026_07_31\ready15_esters_experiment_beb\paired_curves\013_isobutyl_acetate_experiment_beb_paired.csv,True,0.017543859649122806,0.01120316107127146,0.043606721154234675,3,1990,a4185f3a489bd1ecc47cb648c07986f094ace52a55585568e3f55bf5f07e359a,ambiguous_isomer_trace_quarantined
isobutyl-acetate,isobutyl acetate,C6H12O2,170.0,17.701549,16.80747795,0.88730666,curve_point,False,C2_figure_digitised_isomer_trace_ambiguous,${ARCHIVE_ROOT}\outputs\no_qec_priority_2026_07_31\ready15_esters_experiment_beb\paired_curves\013_isobutyl_acetate_experiment_beb_paired.csv,True,0.017543859649122806,0.011203101920894345,0.05182824642906954,3,1991,193acae2da5f53b972d3e9b838842bfb119eda2741ca1fd5529e2bf5470d65bb,ambiguous_isomer_trace_quarantined
isobutyl-acetate,isobutyl acetate,C6H12O2,175.0,17.701549,16.61120073,0.88730666,curve_point,False,C2_figure_digitised_isomer_trace_ambiguous,${ARCHIVE_ROOT}\outputs\no_qec_priority_2026_07_31\ready15_esters_experiment_beb\paired_curves\013_isobutyl_acetate_experiment_beb_paired.csv,True,0.017543859649122806,0.011203101920894345,0.06357493927791466,3,1992,85f445abae71d995dfbbd5949c66ce97e66613e82af8c55ea67998e84727bca3,ambiguous_isomer_trace_quarantined
isobutyl-acetate,isobutyl acetate,C6H12O2,180.0,17.638554,16.41788283,0.88416486,curve_point,False,C2_figure_digitised_isomer_trace_ambiguous,${ARCHIVE_ROOT}\outputs\no_qec_priority_2026_07_31\ready15_esters_experiment_beb\paired_curves\013_isobutyl_acetate_experiment_beb_paired.csv,True,0.017543859649122806,0.011203042121684811,0.07171591720822305,3,1993,b1cd38256bf85b381d02c10566ebbd9516e33303b486842f8fda82e5eae30c24,ambiguous_isomer_trace_quarantined
isobutyl-acetate,isobutyl acetate,C6H12O2,185.0,17.544062,16.22765596,0.87945227,curve_point,False,C2_figure_digitised_isomer_trace_ambiguous,${ARCHIVE_ROOT}\outputs\no_qec_priority_2026_07_31\ready15_esters_experiment_beb\paired_curves\013_isobutyl_acetate_experiment_beb_paired.csv,True,0.017543859649122806,0.01120295129533748,0.0779986003559816,3,1994,8a0e1f508bb46af604bb97b6fd0721095e917b51732c2dfa0151d87c5864a22a,ambiguous_isomer_trace_quarantined
isobutyl-acetate,isobutyl acetate,C6H12O2,190.0,17.544062,16.04061463,0.87945227,curve_point,False,C2_figure_digitised_isomer_trace_ambiguous,${ARCHIVE_ROOT}\outputs\no_qec_priority_2026_07_31\ready15_esters_experiment_beb\paired_curves\013_isobutyl_acetate_experiment_beb_paired.csv,True,0.017543859649122806,0.01120295129533748,0.08959162479828685,3,1995,ec9f67716e16c2ff339b3f3eb8ea8d9302d9d8149776ee03a56f478ecde25897,ambiguous_isomer_trace_quarantined
isobutyl-acetate,isobutyl acetate,C6H12O2,195.0,17.418072,15.85682276,0.87316901,curve_point,False,C2_figure_digitised_isomer_trace_ambiguous,${ARCHIVE_ROOT}\outputs\no_qec_priority_2026_07_31\ready15_esters_experiment_beb\paired_curves\013_isobutyl_acetate_experiment_beb_paired.csv,True,0.017543859649122806,0.011202827794469582,0.09390842216987566,3,1996,0b582794963887798ea4aec73cdb6a48364350240091219e8b6352dfe6e038e3,ambiguous_isomer_trace_quarantined
isobutyl-acetate,isobutyl acetate,C6H12O2,200.0,17.260585,15.67631898,0.86531527,curve_point,False,C2_figure_digitised_isomer_trace_ambiguous,${ARCHIVE_ROOT}\outputs\no_qec_priority_2026_07_31\ready15_esters_experiment_beb\paired_curves\013_isobutyl_acetate_experiment_beb_paired.csv,True,0.017543859649122806,0.011202669687829113,0.09627435004254739,3,1997,b4e7ba66949ec833faa89b4054e71743c565571c0016695a6b63e6218bdd491c,ambiguous_isomer_trace_quarantined
isobutyl-acetate,isobutyl acetate,C6H12O2,205.0,17.103098,15.49912121,0.85746191,curve_point,False,C2_figure_digitised_isomer_trace_ambiguous,${ARCHIVE_ROOT}\outputs\no_qec_priority_2026_07_31\ready15_esters_experiment_beb\paired_curves\013_isobutyl_acetate_experiment_beb_paired.csv,True,0.017543859649122806,0.011202507190763749,0.09847629050114662,3,1998,33c6081f832cc64964e50df9f3134f3b14c9763158149c954665da1daf187aae,ambiguous_isomer_trace_quarantined
isobutyl-acetate,isobutyl acetate,C6H12O2,210.0,16.914114,15.32523031,0.84803839,curve_point,False,C2_figure_digitised_isomer_trace_ambiguous,${ARCHIVE_ROOT}\outputs\no_qec_priority_2026_07_31\ready15_esters_experiment_beb\paired_curves\013_isobutyl_acetate_experiment_beb_paired.csv,True,0.017543859649122806,0.011202306263911374,0.098647911221691,3,1999,74eb24e7266c0bca17be835f4d5d515f8f754c6ab00046f59b96bb6071bcf283,ambiguous_isomer_trace_quarantined
isobutyl-acetate,isobutyl acetate,C6H12O2,215.0,16.788124,15.1546332,0.84175637,curve_point,False,C2_figure_digitised_isomer_trace_ambiguous,${ARCHIVE_ROOT}\outputs\no_qec_priority_2026_07_31\ready15_esters_experiment_beb\paired_curves\013_isobutyl_acetate_experiment_beb_paired.csv,True,0.017543859649122806,0.011202168372158067,0.10236542468871752,3,2000,165f62b37d3416d229b9a7151994e66af76c2058f5e6ddc1eac60f1e5409a442,ambiguous_isomer_trace_quarantined
isobutyl-acetate,isobutyl acetate,C6H12O2,220.0,16.47315,14.98730544,0.82605247,curve_point,False,C2_figure_digitised_isomer_trace_ambiguous,${ARCHIVE_ROOT}\outputs\no_qec_priority_2026_07_31\ready15_esters_experiment_beb\paired_curves\013_isobutyl_acetate_experiment_beb_paired.csv,True,0.017543859649122806,0.01120180996969075,0.09452824394809209,3,2001,48fb72dda60dcb2caa294ecbe023d9b9da3f4e2e2a4cb45d038e48ca3836d95c,ambiguous_isomer_trace_quarantined
isobutyl-acetate,isobutyl acetate,C6H12O2,225.0,16.252668,14.82321341,0.81506076,curve_point,False,C2_figure_digitised_isomer_trace_ambiguous,${ARCHIVE_ROOT}\outputs\no_qec_priority_2026_07_31\ready15_esters_experiment_beb\paired_curves\013_isobutyl_acetate_experiment_beb_paired.csv,True,0.017543859649122806,0.011201546603275802,0.09206265426569289,3,2002,011f64bc8f8e5e40955db74221be6636ac093d0d64af37968dee90c5ef97db2d,ambiguous_isomer_trace_quarantined
isobutyl-acetate,isobutyl acetate,C6H12O2,230.0,16.095181,14.66231605,0.80721009,curve_point,False,C2_figure_digitised_isomer_trace_ambiguous,${ARCHIVE_ROOT}\outputs\no_qec_priority_2026_07_31\ready15_esters_experiment_beb\paired_curves\013_isobutyl_acetate_experiment_beb_paired.csv,True,0.017543859649122806,0.011201351815316361,0.09323924212467703,3,2003,75f284dbcd592dea44ede8b74584a093bb5f89717866b9f7853fd741bf8f8b2f,ambiguous_isomer_trace_quarantined
isobutyl-acetate,isobutyl acetate,C6H12O2,235.0,15.906196,14.50456642,0.79778989,curve_point,False,C2_figure_digitised_isomer_trace_ambiguous,${ARCHIVE_ROOT}\outputs\no_qec_priority_2026_07_31\ready15_esters_experiment_beb\paired_curves\013_isobutyl_acetate_experiment_beb_paired.csv,True,0.017543859649122806,0.011201110324016137,0.0922451934879503,3,2004,51f12cfd8d5f1e250de7bc5c2fa8571722edc1b5bf2ac3f7633f1abcedea8ece,ambiguous_isomer_trace_quarantined
isobutyl-acetate,isobutyl acetate,C6H12O2,240.0,15.685714,14.34991293,0.78680055,curve_point,False,C2_figure_digitised_isomer_trace_ambiguous,${ARCHIVE_ROOT}\outputs\no_qec_priority_2026_07_31\ready15_esters_experiment_beb\paired_curves\013_isobutyl_acetate_experiment_beb_paired.csv,True,0.017543859649122806,0.011200817543255814,0.0890064872137771,3,2005,ba7863a1a15798e841d579cbcd89b9bede2d0da085b18c1d8a83ed40803df6be,ambiguous_isomer_trace_quarantined
isobutyl-acetate,isobutyl acetate,C6H12O2,245.0,15.465232,14.19830041,0.77581219,curve_point,False,C2_figure_digitised_isomer_trace_ambiguous,${ARCHIVE_ROOT}\outputs\no_qec_priority_2026_07_31\ready15_esters_experiment_beb\paired_curves\013_isobutyl_acetate_experiment_beb_paired.csv,True,0.017543859649122806,0.011200512194032588,0.08547213963382026,3,2006,0e9dd2ac7f67ee28acc4a3d211c64f2bc90e06094ac35ff15a47672e276d726a,ambiguous_isomer_trace_quarantined
isobutyl-acetate,isobutyl acetate,C6H12O2,250.0,15.276248,14.04967097,0.76639441,curve_point,False,C2_figure_digitised_isomer_trace_ambiguous,${ARCHIVE_ROOT}\outputs\no_qec_priority_2026_07_31\ready15_esters_experiment_beb\paired_curves\013_isobutyl_acetate_experiment_beb_paired.csv,True,0.017543859649122806,0.011200240024984896,0.08370022684768245,3,2007,00b5c2b26148dc34d2bc11f81908015bd2114029cc2e4b195847e6adadbd6aaa,ambiguous_isomer_trace_quarantined
isobutyl-acetate,isobutyl acetate,C6H12O2,255.0,15.118761,13.90396476,0.75854686,curve_point,False,C2_figure_digitised_isomer_trace_ambiguous,${ARCHIVE_ROOT}\outputs\no_qec_priority_2026_07_31\ready15_esters_experiment_beb\paired_curves\013_isobutyl_acetate_experiment_beb_paired.csv,True,0.017543859649122806,0.011200005302748887,0.08376238895192836,3,2008,3ab31efeb4d2f6ee780aa102720851524f7d3cc561cbcbdf7ff96fd1ade219e6,ambiguous_isomer_trace_quarantined
isobutyl-acetate,isobutyl acetate,C6H12O2,260.0,15.118761,13.76112055,0.75854686,curve_point,False,C2_figure_digitised_isomer_trace_ambiguous,${ARCHIVE_ROOT}\outputs\no_qec_priority_2026_07_31\ready15_esters_experiment_beb\paired_curves\013_isobutyl_acetate_experiment_beb_paired.csv,True,0.017543859649122806,0.011200005302748887,0.09408915844002358,3,2009,80249edaaec7e075577e0df310ea324a9f1a6744d6bae1bf49260443b0db1b1e,ambiguous_isomer_trace_quarantined
isobutyl-acetate,isobutyl acetate,C6H12O2,265.0,15.24475,13.6210763,0.76482486,curve_point,False,C2_figure_digitised_isomer_trace_ambiguous,${ARCHIVE_ROOT}\outputs\no_qec_priority_2026_07_31\ready15_esters_experiment_beb\paired_curves\013_isobutyl_acetate_experiment_beb_paired.csv,True,0.017543859649122806,0.011200193512173018,0.11261686039243607,3,2010,88548973112b7b11cd78724986e2a80f321191546bb7227c2e38b2803a991db5,ambiguous_isomer_trace_quarantined
isobutyl-acetate,isobutyl acetate,C6H12O2,270.0,15.213253,13.48376951,0.76325532,curve_point,False,C2_figure_digitised_isomer_trace_ambiguous,${ARCHIVE_ROOT}\outputs\no_qec_priority_2026_07_31\ready15_esters_experiment_beb\paired_curves\013_isobutyl_acetate_experiment_beb_paired.csv,True,0.017543859649122806,0.011200146981906032,0.12068025222277153,3,2011,c44eefb70362712b1aa237dc699e0e12a7dc24b06fb5c16dc12d3bd5283f59bb,ambiguous_isomer_trace_quarantined
isobutyl-acetate,isobutyl acetate,C6H12O2,275.0,15.087263,13.34913764,0.75697742,curve_point,False,C2_figure_digitised_isomer_trace_ambiguous,${ARCHIVE_ROOT}\outputs\no_qec_priority_2026_07_31\ready15_esters_experiment_beb\paired_curves\013_isobutyl_acetate_experiment_beb_paired.csv,True,0.017543859649122806,0.011199957328671333,0.122399091427269,3,2012,23bd2727eac364ac9456ddef4d05cc8caa0c35108e9012b162291745a55cbb50,ambiguous_isomer_trace_quarantined
isobutyl-acetate,isobutyl acetate,C6H12O2,280.0,14.992771,13.21711836,0.75226922,curve_point,False,C2_figure_digitised_isomer_trace_ambiguous,${ARCHIVE_ROOT}\outputs\no_qec_priority_2026_07_31\ready15_esters_experiment_beb\paired_curves\013_isobutyl_acetate_experiment_beb_paired.csv,True,0.017543859649122806,0.0111998121082168,0.12605531673257017,3,2013,f7846ed89548a9a24f73d7f1f1ff0daf41efa3d29e8bdd09484c438bc6703a38,ambiguous_isomer_trace_quarantined
isobutyl-acetate,isobutyl acetate,C6H12O2,285.0,14.929776,13.08764982,0.74913054,curve_point,False,C2_figure_digitised_isomer_trace_ambiguous,${ARCHIVE_ROOT}\outputs\no_qec_priority_2026_07_31\ready15_esters_experiment_beb\paired_curves\013_isobutyl_acetate_experiment_beb_paired.csv,True,0.017543859649122806,0.01119971366348935,0.13168858439398357,3,2014,e2cd06957e557caf382aba9be8c12beeb7671eaef1a545d0fde1d0906315ed12,ambiguous_isomer_trace_quarantined
isobutyl-formate,isobutyl formate,C5H10O2,15.0,1.3842857,1.528988172,0.087963379,curve_point,True,C2_figure_digitised_isomer_trace_ambiguous,${ARCHIVE_ROOT}\outputs\no_qec_priority_2026_07_31\ready15_esters_experiment_beb\paired_curves\006_isobutyl_formate_experiment_beb_paired.csv,True,0.017543859649122806,0.027403553411940784,-0.09942192461454362,0,2015,5fc9eb73e6922d694c7660460e1594234ad9955b4323b92a1d78ed986427f3b1,ambiguous_isomer_trace_quarantined
isobutyl-formate,isobutyl formate,C5H10O2,20.0,2.8771429,5.150898079,0.15375896,curve_point,True,C2_figure_digitised_isomer_trace_ambiguous,${ARCHIVE_ROOT}\outputs\no_qec_priority_2026_07_31\ready15_esters_experiment_beb\paired_curves\006_isobutyl_formate_experiment_beb_paired.csv,True,0.017543859649122806,0.029280435613066078,-0.5823733306134871,0,2016,ab5372a18ceb4d299b8ba4eced2257eac94ba4a072c8aa4ae5c645e8d7115c79,ambiguous_isomer_trace_quarantined
isobutyl-formate,isobutyl formate,C5H10O2,25.0,4.4785714,8.37302089,0.23041472,curve_point,True,C2_figure_digitised_isomer_trace_ambiguous,${ARCHIVE_ROOT}\outputs\no_qec_priority_2026_07_31\ready15_esters_experiment_beb\paired_curves\006_isobutyl_formate_experiment_beb_paired.csv,True,0.017543859649122806,0.029639550474270197,-0.6257106264993124,0,2017,983acf3094265dbe2953a66ce97d82cf403a37c5a5a7a3f736f555097d833bf4,ambiguous_isomer_trace_quarantined
isobutyl-formate,isobutyl formate,C5H10O2,30.0,6.3785714,10.87716373,0.32351564,curve_point,True,C2_figure_digitised_isomer_trace_ambiguous,${ARCHIVE_ROOT}\outputs\no_qec_priority_2026_07_31\ready15_esters_experiment_beb\paired_curves\006_isobutyl_formate_experiment_beb_paired.csv,True,0.017543859649122806,0.02976963998612811,-0.5337213670743497,0,2018,e9640b258ce04cfec6dd569cc80d612098ed833b1754936ae52d5beaa20e9dce,ambiguous_isomer_trace_quarantined
isobutyl-formate,isobutyl formate,C5H10O2,35.0,8.1157143,12.72187472,0.40940076,curve_point,True,C2_figure_digitised_isomer_trace_ambiguous,${ARCHIVE_ROOT}\outputs\no_qec_priority_2026_07_31\ready15_esters_experiment_beb\paired_curves\006_isobutyl_formate_experiment_beb_paired.csv,True,0.017543859649122806,0.029818285367068854,-0.44952071142589634,0,2019,c5f09323521d3441434a6ee9b7f177600a2e6ed7c622c9cd088dc590a9c56330,ambiguous_isomer_trace_quarantined
isobutyl-formate,isobutyl formate,C5H10O2,40.0,9.4457143,14.08749852,0.47539535,curve_point,True,C2_figure_digitised_isomer_trace_ambiguous,${ARCHIVE_ROOT}\outputs\no_qec_priority_2026_07_31\ready15_esters_experiment_beb\paired_curves\006_isobutyl_formate_experiment_beb_paired.csv,True,0.017543859649122806,0.02983891086205775,-0.3997266488983022,0,2020,924f09642b3e3ee57b664357c42d986604840735284bb7d3261bb78e9fda0808,ambiguous_isomer_trace_quarantined
isobutyl-formate,isobutyl formate,C5H10O2,45.0,10.721429,15.08070671,0.53881306,curve_point,True,C2_figure_digitised_isomer_trace_ambiguous,${ARCHIVE_ROOT}\outputs\no_qec_priority_2026_07_31\ready15_esters_experiment_beb\paired_curves\006_isobutyl_formate_experiment_beb_paired.csv,True,0.017543859649122806,0.029851943937555928,-0.34117177654257175,0,2021,e0577b2d53387981e0e776ba1a3de592fe87cc72e8b431aa51ed18ca785ed47f,ambiguous_isomer_trace_quarantined
isobutyl-formate,isobutyl formate,C5H10O2,50.0,11.318571,15.79359575,0.56852624,curve_point,True,C2_figure_digitised_isomer_trace_ambiguous,${ARCHIVE_ROOT}\outputs\no_qec_priority_2026_07_31\ready15_esters_experiment_beb\paired_curves\006_isobutyl_formate_experiment_beb_paired.csv,True,0.017543859649122806,0.029856589110227018,-0.3331596975277161,0,2022,6756de09d7ba8dea51223dd22332fec6803f812a244bee16d874a18819566342,ambiguous_isomer_trace_quarantined
isobutyl-formate,isobutyl formate,C5H10O2,55.0,12.621429,16.29637159,0.63340199,curve_point,True,C2_figure_digitised_isomer_trace_ambiguous,${ARCHIVE_ROOT}\outputs\no_qec_priority_2026_07_31\ready15_esters_experiment_beb\paired_curves\006_isobutyl_formate_experiment_beb_paired.csv,True,0.017543859649122806,0.029864538022513633,-0.25554639752650987,0,2023,984bf3d2a14b8575fcb994f62681948235052e33e84042c028d33bef6d68dc77,ambiguous_isomer_trace_quarantined
isobutyl-formate,isobutyl formate,C5H10O2,60.0,13.751916,16.64034977,0.68973542,curve_point,True,C2_figure_digitised_isomer_trace_ambiguous,${ARCHIVE_ROOT}\outputs\no_qec_priority_2026_07_31\ready15_esters_experiment_beb\paired_curves\006_isobutyl_formate_experiment_beb_paired.csv,True,0.017543859649122806,0.02986968646144931,-0.19065229514443002,0,2024,ba9992d9f59f42b318b547e7dadacc340fe873c742d7fa49beddf1a34181c50d,ambiguous_isomer_trace_quarantined
isobutyl-formate,isobutyl formate,C5H10O2,65.0,14.18676,16.86331798,0.71141219,curve_point,True,C2_figure_digitised_isomer_trace_ambiguous,${ARCHIVE_ROOT}\outputs\no_qec_priority_2026_07_31\ready15_esters_experiment_beb\paired_curves\006_isobutyl_formate_experiment_beb_paired.csv,True,0.017543859649122806,0.029871348059628617,-0.1728315938877022,0,2025,90f40fb57d543e5ea1125df6411bcb57ecfc93fd64b10bb343eb4b5aac799cf5,ambiguous_isomer_trace_quarantined
isobutyl-formate,isobutyl formate,C5H10O2,70.0,14.512892,16.99339597,0.72767233,curve_point,True,C2_figure_digitised_isomer_trace_ambiguous,${ARCHIVE_ROOT}\outputs\no_qec_priority_2026_07_31\ready15_esters_experiment_beb\paired_curves\006_isobutyl_formate_experiment_beb_paired.csv,True,0.017543859649122806,0.029872496954573512,-0.1577874383718854,0,2026,084fc2a9f635449296be600ca4c77faba5cbb07b68f73fcdd1277ef6afe801a5,ambiguous_isomer_trace_quarantined
isobutyl-formate,isobutyl formate,C5H10O2,75.0,14.811847,17.05174163,0.74257925,curve_point,True,C2_figure_digitised_isomer_trace_ambiguous,${ARCHIVE_ROOT}\outputs\no_qec_priority_2026_07_31\ready15_esters_experiment_beb\paired_curves\006_isobutyl_formate_experiment_beb_paired.csv,True,0.017543859649122806,0.029873484590976163,-0.1408250133644122,0,2028,9bfb3a23fb46273c32b717f735d63cb1de1170d439b299d4de5f69278147592a,ambiguous_isomer_trace_quarantined
isobutyl-formate,isobutyl formate,C5H10O2,80.0,15.110801,17.0544446,0.75748778,curve_point,True,C2_figure_digitised_isomer_trace_ambiguous,${ARCHIVE_ROOT}\outputs\no_qec_priority_2026_07_31\ready15_esters_experiment_beb\paired_curves\006_isobutyl_formate_experiment_beb_paired.csv,True,0.017543859649122806,0.02987441365026569,-0.12100106397978383,0,2029,f8fee3786d50f97f6f3386120bea234b967ac2fcec42f8f05abbd2381d305121,ambiguous_isomer_trace_quarantined
isobutyl-formate,isobutyl formate,C5H10O2,85.0,15.301045,17.01386095,0.76697582,curve_point,True,C2_figure_digitised_isomer_trace_ambiguous,${ARCHIVE_ROOT}\outputs\no_qec_priority_2026_07_31\ready15_esters_experiment_beb\paired_curves\006_isobutyl_formate_experiment_beb_paired.csv,True,0.017543859649122806,0.029874977079240344,-0.10610723511937378,0,2030,de035988841966a33bddeae431024b65c8bd9ff72be77591a9236d38aa782ea9,ambiguous_isomer_trace_quarantined
isobutyl-formate,isobutyl formate,C5H10O2,90.0,15.491289,16.93956421,0.77646445,curve_point,True,C2_figure_digitised_isomer_trace_ambiguous,${ARCHIVE_ROOT}\outputs\no_qec_priority_2026_07_31\ready15_esters_experiment_beb\paired_curves\006_isobutyl_formate_experiment_beb_paired.csv,True,0.017543859649122806,0.029875519911246234,-0.0893740974472231,0,2031,5cbb6f1d78e1baab6885f1d36f4d215ec85a186953075cb9e3779515da14a47d,ambiguous_isomer_trace_quarantined
isobutyl-formate,isobutyl formate,C5H10O2,95.0,15.545645,16.8390311,0.77917559,curve_point,True,C2_figure_digitised_isomer_trace_ambiguous,${ARCHIVE_ROOT}\outputs\no_qec_priority_2026_07_31\ready15_esters_experiment_beb\paired_curves\006_isobutyl_formate_experiment_beb_paired.csv,True,0.017543859649122806,0.02987567171797012,-0.0799189364382601,0,2032,e33e3152b1496163e7c14b2e4c7920509ad764c819b304e7ae88885cd393fe05,ambiguous_isomer_trace_quarantined
isobutyl-formate,isobutyl formate,C5H10O2,100.0,15.6,16.71814191,0.78188678,curve_point,True,C2_figure_digitised_isomer_trace_ambiguous,${ARCHIVE_ROOT}\outputs\no_qec_priority_2026_07_31\ready15_esters_experiment_beb\paired_curves\006_isobutyl_formate_experiment_beb_paired.csv,True,0.017543859649122806,0.02987582132924732,-0.06922355744100316,0,2033,0bc390db7f239037dfdbf42c2f08dc672067758d9b5e6f5211f4005d46ad7cd2,ambiguous_isomer_trace_quarantined
isobutyl-formate,isobutyl formate,C5H10O2,105.0,15.6,16.58154993,0.78188678,curve_point,False,C2_figure_digitised_isomer_trace_ambiguous,${ARCHIVE_ROOT}\outputs\no_qec_priority_2026_07_31\ready15_esters_experiment_beb\paired_curves\006_isobutyl_formate_experiment_beb_paired.csv,True,0.017543859649122806,0.011203432998467745,-0.061019712988407325,0,2035,41b688c34d0cf936156a14216199f96ac3203560a3f3aeecc6211f35a1a1ddca,ambiguous_isomer_trace_quarantined
isobutyl-formate,isobutyl formate,C5H10O2,110.0,15.6,16.43295715,0.78188678,curve_point,False,C2_figure_digitised_isomer_trace_ambiguous,${ARCHIVE_ROOT}\outputs\no_qec_priority_2026_07_31\ready15_esters_experiment_beb\paired_curves\006_isobutyl_formate_experiment_beb_paired.csv,True,0.017543859649122806,0.011203432998467745,-0.052017986382299174,0,2036,5fe58fb39d97b66cac92bb4a4e935c716a47e3b92165c4ceb469ddb10cd7428d,ambiguous_isomer_trace_quarantined
isobutyl-formate,isobutyl formate,C5H10O2,115.0,15.6,16.27532213,0.78188678,curve_point,False,C2_figure_digitised_isomer_trace_ambiguous,${ARCHIVE_ROOT}\outputs\no_qec_priority_2026_07_31\ready15_esters_experiment_beb\paired_curves\006_isobutyl_formate_experiment_beb_paired.csv,True,0.017543859649122806,0.011203432998467745,-0.042379066577211785,0,2037,4a72a0292190cfd4413ec5b028e37f735c15cca4fb30ae5f04ea34eedddfee63,ambiguous_isomer_trace_quarantined
isobutyl-formate,isobutyl formate,C5H10O2,120.0,15.6,16.11101821,0.78188678,curve_point,False,C2_figure_digitised_isomer_trace_ambiguous,${ARCHIVE_ROOT}\outputs\no_qec_priority_2026_07_31\ready15_esters_experiment_beb\paired_curves\006_isobutyl_formate_experiment_beb_paired.csv,True,0.017543859649122806,0.011203432998467745,-0.03223248453637666,0,2038,11159c096efe2aef399fdf72408072dcf879b618fe8ad12c4343169ad5105ab6,ambiguous_isomer_trace_quarantined
isobutyl-formate,isobutyl formate,C5H10O2,125.0,15.518467,15.94195505,0.77782002,curve_point,False,C2_figure_digitised_isomer_trace_ambiguous,${ARCHIVE_ROOT}\outputs\no_qec_priority_2026_07_31\ready15_esters_experiment_beb\paired_curves\006_isobutyl_formate_experiment_beb_paired.csv,True,0.017543859649122806,0.011203348480376974,-0.02692358230249195,0,2039,f073cbed941f7206c81313b7e0fb0ee1c3a85dca71c4b87b01a78410a913238e,ambiguous_isomer_trace_quarantined
isobutyl-formate,isobutyl formate,C5H10O2,130.0,15.518467,15.76967263,0.77782002,curve_point,False,C2_figure_digitised_isomer_trace_ambiguous,${ARCHIVE_ROOT}\outputs\no_qec_priority_2026_07_31\ready15_esters_experiment_beb\paired_curves\006_isobutyl_formate_experiment_beb_paired.csv,True,0.017543859649122806,0.011203348480376974,-0.016057907620101827,0,2040,ca0a996bbdaaa4e987cf0da528e825b390637ea69220ef98f4aff76d5a53ee3f,ambiguous_isomer_trace_quarantined
isobutyl-formate,isobutyl formate,C5H10O2,135.0,15.518467,15.5954147,0.77782002,curve_point,False,C2_figure_digitised_isomer_trace_ambiguous,${ARCHIVE_ROOT}\outputs\no_qec_priority_2026_07_31\ready15_esters_experiment_beb\paired_curves\006_isobutyl_formate_experiment_beb_paired.csv,True,0.017543859649122806,0.011203348480376974,-0.004946207459344726,0,2041,906ff910ded56a301e4210c54f574071958b4c121d762f7a038f6403d0a56e17,ambiguous_isomer_trace_quarantined
isobutyl-formate,isobutyl formate,C5H10O2,140.0,15.382578,15.42018634,0.7710423,curve_point,False,C2_figure_digitised_isomer_trace_ambiguous,${ARCHIVE_ROOT}\outputs\no_qec_priority_2026_07_31\ready15_esters_experiment_beb\paired_curves\006_isobutyl_formate_experiment_beb_paired.csv,True,0.017543859649122806,0.011203204558684886,-0.002441882051391509,0,2042,c52d204ee4e8e7119f56a0bfbe7b138e0f40e133fb8c2fcd3d76b58fb9273f69,ambiguous_isomer_trace_quarantined
isobutyl-formate,isobutyl formate,C5H10O2,145.0,15.382578,15.24479957,0.7710423,curve_point,False,C2_figure_digitised_isomer_trace_ambiguous,${ARCHIVE_ROOT}\outputs\no_qec_priority_2026_07_31\ready15_esters_experiment_beb\paired_curves\006_isobutyl_formate_experiment_beb_paired.csv,True,0.017543859649122806,0.011203204558684886,0.008997137224478483,0,2043,069e105ae21d6c561b09453c621f83696e34950307b84b2b34d09ce1b726c10d,ambiguous_isomer_trace_quarantined
isobutyl-formate,isobutyl formate,C5H10O2,150.0,15.192334,15.06990962,0.76155401,curve_point,False,C2_figure_digitised_isomer_trace_ambiguous,${ARCHIVE_ROOT}\outputs\no_qec_priority_2026_07_31\ready15_esters_experiment_beb\paired_curves\006_isobutyl_formate_experiment_beb_paired.csv,True,0.017543859649122806,0.011202996605724113,0.008090943249010265,0,2044,a88fa45e1756454ed34b3916391aea44053aad1994cdfb298e455b8e244f654c,ambiguous_isomer_trace_quarantined
isobutyl-formate,isobutyl formate,C5H10O2,155.0,15.110801,14.89604383,0.75748778,curve_point,False,C2_figure_digitised_isomer_trace_ambiguous,${ARCHIVE_ROOT}\outputs\no_qec_priority_2026_07_31\ready15_esters_experiment_beb\paired_curves\006_isobutyl_formate_experiment_beb_paired.csv,True,0.017543859649122806,0.011202905118849634,0.014314123199401863,0,2045,0596d41a6f92bb05cabeae7baed6d329e90f67fc2f434cf60b99ed01bfd07a6b,ambiguous_isomer_trace_quarantined
isobutyl-formate,isobutyl formate,C5H10O2,160.0,15.029268,14.72362505,0.75342166,curve_point,False,C2_figure_digitised_isomer_trace_ambiguous,${ARCHIVE_ROOT}\outputs\no_qec_priority_2026_07_31\ready15_esters_experiment_beb\paired_curves\006_isobutyl_formate_experiment_beb_paired.csv,True,0.017543859649122806,0.011202812152254927,0.020546150018373066,0,2046,4549a596a3cfc7cbbea2feef22a6dd1325acdfb4faadd50fe1c80e05c0981df3,ambiguous_isomer_trace_quarantined
isobutyl-formate,isobutyl formate,C5H10O2,165.0,14.974913,14.55299039,0.75071098,curve_point,False,C2_figure_digitised_isomer_trace_ambiguous,${ARCHIVE_ROOT}\outputs\no_qec_priority_2026_07_31\ready15_esters_experiment_beb\paired_curves\006_isobutyl_formate_experiment_beb_paired.csv,True,0.017543859649122806,0.011202749389975718,0.02857983671580703,0,2047,f64bb9ad23319e59ce8f64b54f601f16bf14225f441487c8be70897fe79457bf,ambiguous_isomer_trace_quarantined
isobutyl-formate,isobutyl formate,C5H10O2,170.0,14.89338,14.38440654,0.74664506,curve_point,False,C2_figure_digitised_isomer_trace_ambiguous,${ARCHIVE_ROOT}\outputs\no_qec_priority_2026_07_31\ready15_esters_experiment_beb\paired_curves\006_isobutyl_formate_experiment_beb_paired.csv,True,0.017543859649122806,0.011202653828989807,0.034772078242970086,0,2048,93c9c54f2d1e0aac6d06e154872fc667ac51b453905c83548f2da00f309b516a,ambiguous_isomer_trace_quarantined
isobutyl-formate,isobutyl formate,C5H10O2,175.0,14.811847,14.21808218,0.74257925,curve_point,False,C2_figure_digitised_isomer_trace_ambiguous,${ARCHIVE_ROOT}\outputs\no_qec_priority_2026_07_31\ready15_esters_experiment_beb\paired_curves\006_isobutyl_formate_experiment_beb_paired.csv,True,0.017543859649122806,0.011202556721616061,0.04091278604764531,0,2049,27622149de45e7f9b941cf858a83b60fc866f9593c76191a61982f54b993e8af,ambiguous_isomer_trace_quarantined
isobutyl-formate,isobutyl formate,C5H10O2,180.0,14.811847,14.05417818,0.74257925,curve_point,False,C2_figure_digitised_isomer_trace_ambiguous,${ARCHIVE_ROOT}\outputs\no_qec_priority_2026_07_31\ready15_esters_experiment_beb\paired_curves\006_isobutyl_formate_experiment_beb_paired.csv,True,0.017543859649122806,0.011202556721616061,0.052507602604711226,0,2050,432cfea653058ee9c098599bf9b2399bcc8314e68192c045422e4721a6b89cfc,ambiguous_isomer_trace_quarantined
isobutyl-formate,isobutyl formate,C5H10O2,185.0,14.64878,13.89281593,0.734448,curve_point,False,C2_figure_digitised_isomer_trace_ambiguous,${ARCHIVE_ROOT}\outputs\no_qec_priority_2026_07_31\ready15_esters_experiment_beb\paired_curves\006_isobutyl_formate_experiment_beb_paired.csv,True,0.017543859649122806,0.01120235735561369,0.05298518858419514,0,2051,b0aaad14cbafc865a66a162fbf574f3ccd362733f7c9459372e52f946da96ada,ambiguous_isomer_trace_quarantined
isobutyl-formate,isobutyl formate,C5H10O2,190.0,14.512892,13.73408421,0.72767233,curve_point,False,C2_figure_digitised_isomer_trace_ambiguous,${ARCHIVE_ROOT}\outputs\no_qec_priority_2026_07_31\ready15_esters_experiment_beb\paired_curves\006_isobutyl_formate_experiment_beb_paired.csv,True,0.017543859649122806,0.011202186357965067,0.05515671617829975,0,2052,7a54a9d2846281e5cf7b316a1648dc65c9f6f7f8668625331f32e464613e4171,ambiguous_isomer_trace_quarantined
isobutyl-formate,isobutyl formate,C5H10O2,195.0,14.377003,13.5780449,0.72089702,curve_point,False,C2_figure_digitised_isomer_trace_ambiguous,${ARCHIVE_ROOT}\outputs\no_qec_priority_2026_07_31\ready15_esters_experiment_beb\paired_curves\006_isobutyl_formate_experiment_beb_paired.csv,True,0.017543859649122806,0.011202010229480992,0.05717577341321042,0,2053,b57159743cd5c94104b546c06c96ebff0bdc4c08402085cdbc3cf6f7c51304eb,ambiguous_isomer_trace_quarantined
isobutyl-formate,isobutyl formate,C5H10O2,200.0,14.241115,13.42473762,0.71412207,curve_point,False,C2_figure_digitised_isomer_trace_ambiguous,${ARCHIVE_ROOT}\outputs\no_qec_priority_2026_07_31\ready15_esters_experiment_beb\paired_curves\006_isobutyl_formate_experiment_beb_paired.csv,True,0.017543859649122806,0.011201829290755454,0.059034107410437416,0,2054,aab573abf82bc4dfcf6a39a9226e8574d56fb04a6d5ee9a5193d04b8dd9623fd,ambiguous_isomer_trace_quarantined
isobutyl-formate,isobutyl formate,C5H10O2,205.0,14.159582,13.27418367,0.71005728,curve_point,False,C2_figure_digitised_isomer_trace_ambiguous,${ARCHIVE_ROOT}\outputs\no_qec_priority_2026_07_31\ready15_esters_experiment_beb\paired_curves\006_isobutyl_formate_experiment_beb_paired.csv,True,0.017543859649122806,0.011201718167193845,0.06457049660397392,0,2055,c7d3e246190f6241134986bf1aacf4320b2b27fc011a91f728c55e228ad63f36,ambiguous_isomer_trace_quarantined
isobutyl-formate,isobutyl formate,C5H10O2,210.0,14.159582,13.12638926,0.71005728,curve_point,False,C2_figure_digitised_isomer_trace_ambiguous,${ARCHIVE_ROOT}\outputs\no_qec_priority_2026_07_31\ready15_esters_experiment_beb\paired_curves\006_isobutyl_formate_experiment_beb_paired.csv,True,0.017543859649122806,0.011201718167193845,0.0757669167987502,0,2056,acc02d72d7740c0bea69389ed6996ff438fcbd10b53aed613196ed14b51adecb,ambiguous_isomer_trace_quarantined
isobutyl-formate,isobutyl formate,C5H10O2,215.0,13.996516,12.9813482,0.70192811,curve_point,False,C2_figure_digitised_isomer_trace_ambiguous,${ARCHIVE_ROOT}\outputs\no_qec_priority_2026_07_31\ready15_esters_experiment_beb\paired_curves\006_isobutyl_formate_experiment_beb_paired.csv,True,0.017543859649122806,0.011201490085834681,0.07529486813179086,0,2057,1d08c2d3052c57215d617ca63e230cb5b43032785d49228ade2c8c241c8b8bd0,ambiguous_isomer_trace_quarantined
isobutyl-formate,isobutyl formate,C5H10O2,220.0,13.779094,12.83904418,0.6910901,curve_point,False,C2_figure_digitised_isomer_trace_ambiguous,${ARCHIVE_ROOT}\outputs\no_qec_priority_2026_07_31\ready15_esters_experiment_beb\paired_curves\006_isobutyl_formate_experiment_beb_paired.csv,True,0.017543859649122806,0.011201173150233619,0.07066166128297481,0,2058,b49ee9c5d3432393e1f90aa25b394a845543bf63a03d6e8c66228a2df9793913,ambiguous_isomer_trace_quarantined
isobutyl-formate,isobutyl formate,C5H10O2,225.0,13.643206,12.69945262,0.68431687,curve_point,False,C2_figure_digitised_isomer_trace_ambiguous,${ARCHIVE_ROOT}\outputs\no_qec_priority_2026_07_31\ready15_esters_experiment_beb\paired_curves\006_isobutyl_formate_experiment_beb_paired.csv,True,0.017543859649122806,0.01120096755034167,0.07168277703679678,0,2059,9e7735646af15df3f1fb611b0126f737a003b8f5530a14ba74255f46bea2ab87,ambiguous_isomer_trace_quarantined
isobutyl-formate,isobutyl formate,C5H10O2,230.0,13.507317,12.56254226,0.67754408,curve_point,False,C2_figure_digitised_isomer_trace_ambiguous,${ARCHIVE_ROOT}\outputs\no_qec_priority_2026_07_31\ready15_esters_experiment_beb\paired_curves\006_isobutyl_formate_experiment_beb_paired.csv,True,0.017543859649122806,0.011200755397812658,0.07251198882169971,0,2060,a46252e184b708d7c4057d37f20e6093d74a424272af5276fa8a77938393f139,ambiguous_isomer_trace_quarantined
isobutyl-formate,isobutyl formate,C5H10O2,235.0,13.371429,12.4282765,0.67077172,curve_point,False,C2_figure_digitised_isomer_trace_ambiguous,${ARCHIVE_ROOT}\outputs\no_qec_priority_2026_07_31\ready15_esters_experiment_beb\paired_curves\006_isobutyl_formate_experiment_beb_paired.csv,True,0.017543859649122806,0.011200537040578893,0.0731460270468598,0,2061,539f95fd4fdb991bd077dcff6d5ce2c97dfa07f07c45182bebb2b98cd916820c,ambiguous_isomer_trace_quarantined
isobutyl-formate,isobutyl formate,C5H10O2,240.0,13.371429,12.29661448,0.67077172,curve_point,False,C2_figure_digitised_isomer_trace_ambiguous,${ARCHIVE_ROOT}\outputs\no_qec_priority_2026_07_31\ready15_esters_experiment_beb\paired_curves\006_isobutyl_formate_experiment_beb_paired.csv,True,0.017543859649122806,0.011200537040578893,0.08379628751660068,0,2062,001a8648a84b9ade34fc1a74f15be6c439ba549d3f93a6841af73d3779142a26,ambiguous_isomer_trace_quarantined
isobutyl-formate,isobutyl formate,C5H10O2,245.0,13.262718,12.16751199,0.66535415,curve_point,False,C2_figure_digitised_isomer_trace_ambiguous,${ARCHIVE_ROOT}\outputs\no_qec_priority_2026_07_31\ready15_esters_experiment_beb\paired_curves\006_isobutyl_formate_experiment_beb_paired.csv,True,0.017543859649122806,0.011200357385295439,0.08618749299134516,0,2063,028a2cce9b1568eb963046d49c5c3fa5d7b99ac823b232baf4ca526a2fb7b1a7,ambiguous_isomer_trace_quarantined
isobutyl-formate,isobutyl formate,C5H10O2,250.0,13.072474,12.0409223,0.65587413,curve_point,False,C2_figure_digitised_isomer_trace_ambiguous,${ARCHIVE_ROOT}\outputs\no_qec_priority_2026_07_31\ready15_esters_experiment_beb\paired_curves\006_isobutyl_formate_experiment_beb_paired.csv,True,0.017543859649122806,0.011200032155471619,0.08219775823330877,0,2064,37a1a22b554fc5b1ce88dad1c04e2e801355dcbb5210d3cecff6f6410fdfbad3,ambiguous_isomer_trace_quarantined
isobutyl-formate,isobutyl formate,C5H10O2,255.0,12.963763,11.91679677,0.65045739,curve_point,False,C2_figure_digitised_isomer_trace_ambiguous,${ARCHIVE_ROOT}\outputs\no_qec_priority_2026_07_31\ready15_esters_experiment_beb\paired_curves\006_isobutyl_formate_experiment_beb_paired.csv,True,0.017543859649122806,0.011199839858369275,0.08420910554301651,0,2065,c2570b6fcbf43baf438f69e05b2815b6ced48a33a6dcdd70ad9a618b9a374350,ambiguous_isomer_trace_quarantined
isobutyl-formate,isobutyl formate,C5H10O2,260.0,12.88223,11.79508539,0.64639505,curve_point,False,C2_figure_digitised_isomer_trace_ambiguous,${ARCHIVE_ROOT}\outputs\no_qec_priority_2026_07_31\ready15_esters_experiment_beb\paired_curves\006_isobutyl_formate_experiment_beb_paired.csv,True,0.017543859649122806,0.011199692458563486,0.0881658899940515,0,2066,42d02688d6305640311f437694e8362a7b5fac44716f957529caa2196c55c9e4,ambiguous_isomer_trace_quarantined
isobutyl-formate,isobutyl formate,C5H10O2,265.0,12.855052,11.67573728,0.64504098,curve_point,False,C2_figure_digitised_isomer_trace_ambiguous,${ARCHIVE_ROOT}\outputs\no_qec_priority_2026_07_31\ready15_esters_experiment_beb\paired_curves\006_isobutyl_formate_experiment_beb_paired.csv,True,0.017543859649122806,0.011199642598808363,0.09622393394603969,0,2067,edd674a73350591ba0505b09126a8bc3ca5959745cdd493724b79755b1de2322,ambiguous_isomer_trace_quarantined
isobutyl-formate,isobutyl formate,C5H10O2,270.0,12.637631,11.55870101,0.63420912,curve_point,False,C2_figure_digitised_isomer_trace_ambiguous,${ARCHIVE_ROOT}\outputs\no_qec_priority_2026_07_31\ready15_esters_experiment_beb\paired_curves\006_isobutyl_formate_experiment_beb_paired.csv,True,0.017543859649122806,0.011199233100612263,0.08924046271398915,0,2068,9d502c6a19d25e4f9ccf693ba4b408c4e3fd867e723a8c9c2e4065c12fcee31c,ambiguous_isomer_trace_quarantined
isobutyl-formate,isobutyl formate,C5H10O2,275.0,12.556098,11.44392495,0.63014753,curve_point,False,C2_figure_digitised_isomer_trace_ambiguous,${ARCHIVE_ROOT}\outputs\no_qec_priority_2026_07_31\ready15_esters_experiment_beb\paired_curves\006_isobutyl_formate_experiment_beb_paired.csv,True,0.017543859649122806,0.011199073952255448,0.0927474268380091,0,2069,dc2e136b1d4f15d9e75647bfd981540a7cbc870afeb61846570eee5fca1bfdc2,ambiguous_isomer_trace_quarantined
isobutyl-formate,isobutyl formate,C5H10O2,280.0,12.474564,11.33135755,0.62608612,curve_point,False,C2_figure_digitised_isomer_trace_ambiguous,${ARCHIVE_ROOT}\outputs\no_qec_priority_2026_07_31\ready15_esters_experiment_beb\paired_curves\006_isobutyl_formate_experiment_beb_paired.csv,True,0.017543859649122806,0.011198911494368805,0.09611780420040604,0,2070,e2be514b43ed84d78883b928184708eac0762dbd7bc49f2de0078ef58d867735,ambiguous_isomer_trace_quarantined
isobutyl-formate,isobutyl formate,C5H10O2,285.0,12.447387,11.22094752,0.62473237,curve_point,False,C2_figure_digitised_isomer_trace_ambiguous,${ARCHIVE_ROOT}\outputs\no_qec_priority_2026_07_31\ready15_esters_experiment_beb\paired_curves\006_isobutyl_formate_experiment_beb_paired.csv,True,0.017543859649122806,0.01119885685128727,0.10372837563807774,0,2071,36a2aca4b0512beb3123f3ec83bab49876e978a1452599b2196a8677f930bc3a,ambiguous_isomer_trace_quarantined
ozone,ozone,O3,40.1897,2.43564,2.44681,0.336634,curve_point,True,NIST_strict_numeric,${ARCHIVE_ROOT}\nist_strict_usable_numeric_pairs_2026_07_30\paired_numeric\024_O3_BEB_vs_experiment.csv,True,0.03125,0.026863682718664947,-0.00457557967326009,1,2844,af7819b4de367dcf9df594e695050f6cb1cc806979661d7e9c1bd1cbc019d194,O3_exp_2_renormalized_duplicate_of_Newson
ozone,ozone,O3,44.9975,2.53465,2.72086,,curve_point,True,NIST_strict_numeric,${ARCHIVE_ROOT}\nist_strict_usable_numeric_pairs_2026_07_30\paired_numeric\024_O3_BEB_vs_experiment.csv,True,0.03125,0.03125,-0.07089244635537872,1,2847,b9b9730b71d7a8937165e65384b9a2a14fa08ca311eb9200238dfef67dac6b3b,O3_exp_2_renormalized_duplicate_of_Newson
ozone,ozone,O3,50.3805,2.85149,2.96654,,curve_point,True,NIST_strict_numeric,${ARCHIVE_ROOT}\nist_strict_usable_numeric_pairs_2026_07_30\paired_numeric\024_O3_BEB_vs_experiment.csv,True,0.03125,0.03125,-0.03955462584711598,1,2849,2489110ce715b335349474f4dd54d5aac93061e48b7ebd7583f58c2903a021fe,O3_exp_2_renormalized_duplicate_of_Newson
ozone,ozone,O3,55.0087,3.0297,3.14327,,curve_point,True,NIST_strict_numeric,${ARCHIVE_ROOT}\nist_strict_usable_numeric_pairs_2026_07_30\paired_numeric\024_O3_BEB_vs_experiment.csv,True,0.03125,0.03125,-0.036800054593435313,1,2852,d17971e0e045c58607abecb814d06726df8f78c285f648a9e8f1974bb5468393,O3_exp_2_renormalized_duplicate_of_Newson
ozone,ozone,O3,60.0621,3.34653,3.29954,,curve_point,True,NIST_strict_numeric,${ARCHIVE_ROOT}\nist_strict_usable_numeric_pairs_2026_07_30\paired_numeric\024_O3_BEB_vs_experiment.csv,True,0.03125,0.03125,0.014140923291445761,1,2854,683270e7018696c57b4ba27eac0c84132d8c31e8f55db138ae2b75bd8ce2f6e2,O3_exp_2_renormalized_duplicate_of_Newson
ozone,ozone,O3,65.5796,3.38614,3.43336,,curve_point,True,NIST_strict_numeric,${ARCHIVE_ROOT}\nist_strict_usable_numeric_pairs_2026_07_30\paired_numeric\024_O3_BEB_vs_experiment.csv,True,0.03125,0.03125,-0.013848743949621637,1,2857,a16b312fe2243b9620010e5dc77e6ec4190e19eab0703ec11e8112c73092bf4e,O3_exp_2_renormalized_duplicate_of_Newson
ozone,ozone,O3,70.7107,3.62376,3.53123,,curve_point,True,NIST_strict_numeric,${ARCHIVE_ROOT}\nist_strict_usable_numeric_pairs_2026_07_30\paired_numeric\024_O3_BEB_vs_experiment.csv,True,0.03125,0.03125,0.02586590864242589,1,2860,3f51710ea4b00c928db775419c4f9a9415821b541a05e485968117450a40400a,O3_exp_2_renormalized_duplicate_of_Newson
ozone,ozone,O3,80.17,3.80198,3.6616,,curve_point,True,NIST_strict_numeric,${ARCHIVE_ROOT}\nist_strict_usable_numeric_pairs_2026_07_30\paired_numeric\024_O3_BEB_vs_experiment.csv,True,0.03125,0.03125,0.0376217733058374,1,2861,092f28cd54d57ccb6107ab3962d818db73d7c3daf39c06e030249bd5b7df9d7f,O3_exp_2_renormalized_duplicate_of_Newson
ozone,ozone,O3,90.8947,3.82178,3.74647,,curve_point,True,NIST_strict_numeric,${ARCHIVE_ROOT}\nist_strict_usable_numeric_pairs_2026_07_30\paired_numeric\024_O3_BEB_vs_experiment.csv,True,0.03125,0.03125,0.019902219358696082,1,2863,4d045326fc8e2b26fdd4ffb8c1f9993f53272ceea225024215fd1e1879e97825,O3_exp_2_renormalized_duplicate_of_Newson
ozone,ozone,O3,100.499,3.84158,3.784,0.534653,curve_point,True,NIST_strict_numeric,${ARCHIVE_ROOT}\nist_strict_usable_numeric_pairs_2026_07_30\paired_numeric\024_O3_BEB_vs_experiment.csv,True,0.03125,0.02665106250386937,0.015102089117569537,1,2865,e1654cc2feaf87c463558cccb7844d487d71a3999b5ada68a87ca9c6a1fc7a35,O3_exp_2_renormalized_duplicate_of_Newson
ozone,ozone,O3,152.089,3.54455,3.69102,,curve_point,False,NIST_strict_numeric,${ARCHIVE_ROOT}\nist_strict_usable_numeric_pairs_2026_07_30\paired_numeric\024_O3_BEB_vs_experiment.csv,True,0.03125,0.01171875,-0.04049163004351955,1,2868,480a85fe7e666f3335b6b68ab4dab410facdea076611edfa894e7987694e8fb8,O3_exp_2_renormalized_duplicate_of_Newson
ozone,ozone,O3,200.474,3.38614,3.45454,,curve_point,False,NIST_strict_numeric,${ARCHIVE_ROOT}\nist_strict_usable_numeric_pairs_2026_07_30\paired_numeric\024_O3_BEB_vs_experiment.csv,True,0.03125,0.01171875,-0.01999867840141323,1,2870,b25638d16fb61c418fa089a9ab8667b3a860ea9f4b51e39800ac6ca3c7ffa353,O3_exp_2_renormalized_duplicate_of_Newson
ozone,ozone,O3,260.954,3.24752,3.14952,,curve_point,False,NIST_strict_numeric,${ARCHIVE_ROOT}\nist_strict_usable_numeric_pairs_2026_07_30\paired_numeric\024_O3_BEB_vs_experiment.csv,True,0.03125,0.01171875,0.030641567853175615,1,2872,0a2d48ad286e80d01fd397f0db49183c918726c5f80805c5468ce7fdd3d2cb9a,O3_exp_2_renormalized_duplicate_of_Newson
sec-butyl-acetate,sec-butyl acetate,C6H12O2,15.0,1.98,1.841797044,0.11726901,curve_point,True,C2_figure_digitised_isomer_trace_ambiguous,${ARCHIVE_ROOT}\outputs\no_qec_priority_2026_07_31\ready15_esters_experiment_beb\paired_curves\014_sec-butyl_acetate_experiment_beb_paired.csv,True,0.017543859649122806,0.02821468067558308,0.07235509535427997,2,3197,6cfa8b2b67663d2450dc1a9edcdd7170de0fe48b00886cd5cce7b85f29721d0a,ambiguous_isomer_trace_quarantined
sec-butyl-acetate,sec-butyl acetate,C6H12O2,20.0,3.74,6.204690812,0.19728158,curve_point,True,C2_figure_digitised_isomer_trace_ambiguous,${ARCHIVE_ROOT}\outputs\no_qec_priority_2026_07_31\ready15_esters_experiment_beb\paired_curves\014_sec-butyl_acetate_experiment_beb_paired.csv,True,0.017543859649122806,0.029405741706917857,-0.5062199771409281,2,3198,8e93bf9e60888134ed689179c68935163d73cc8d17705becb28d02f2a92790b0,ambiguous_isomer_trace_quarantined
sec-butyl-acetate,sec-butyl acetate,C6H12O2,25.0,6.16,9.988897261,0.31434857,curve_point,True,C2_figure_digitised_isomer_trace_ambiguous,${ARCHIVE_ROOT}\outputs\no_qec_priority_2026_07_31\ready15_esters_experiment_beb\paired_curves\014_sec-butyl_acetate_experiment_beb_paired.csv,True,0.017543859649122806,0.029714155039088596,-0.48339742473795594,2,3199,d24df30f521ff7bee011f6effc3c19757d8342a5078f8bb0a1defd5ed434acc3,ambiguous_isomer_trace_quarantined
sec-butyl-acetate,sec-butyl acetate,C6H12O2,30.0,8.2657143,12.92539932,0.4180384,curve_point,True,C2_figure_digitised_isomer_trace_ambiguous,${ARCHIVE_ROOT}\outputs\no_qec_priority_2026_07_31\ready15_esters_experiment_beb\paired_curves\014_sec-butyl_acetate_experiment_beb_paired.csv,True,0.017543859649122806,0.029795273097883417,-0.4470781628606716,2,3200,febb2bab9a66e8f6e9844ed446c7c8eb9202c58cb3b56953552306f860565b5d,ambiguous_isomer_trace_quarantined
sec-butyl-acetate,sec-butyl acetate,C6H12O2,35.0,9.9942857,15.07962667,0.50365205,curve_point,True,C2_figure_digitised_isomer_trace_ambiguous,${ARCHIVE_ROOT}\outputs\no_qec_priority_2026_07_31\ready15_esters_experiment_beb\paired_curves\014_sec-butyl_acetate_experiment_beb_paired.csv,True,0.017543859649122806,0.029827415531997022,-0.4113311059763599,2,3201,a4911f1591e7217c91cbe5f3fe841e1675489228b90a5a9688db7603c673401b,ambiguous_isomer_trace_quarantined
sec-butyl-acetate,sec-butyl acetate,C6H12O2,40.0,11.565714,16.66358257,0.58169183,curve_point,True,C2_figure_digitised_isomer_trace_ambiguous,${ARCHIVE_ROOT}\outputs\no_qec_priority_2026_07_31\ready15_esters_experiment_beb\paired_curves\014_sec-butyl_acetate_experiment_beb_paired.csv,True,0.017543859649122806,0.02984506657672886,-0.36518062205666546,2,3202,7546db3fe5faf3485d172ca737ca07bfc942ead80957c96bce59f423b74890f5,ambiguous_isomer_trace_quarantined
sec-butyl-acetate,sec-butyl acetate,C6H12O2,45.0,12.791429,17.80862708,0.64265281,curve_point,True,C2_figure_digitised_isomer_trace_ambiguous,${ARCHIVE_ROOT}\outputs\no_qec_priority_2026_07_31\ready15_esters_experiment_beb\paired_curves\014_sec-butyl_acetate_experiment_beb_paired.csv,True,0.017543859649122806,0.029854571069237026,-0.33090767003836935,2,3203,9fae99be8ad099ca560b15febe505d6a3cb8f9c30c0062635ac08e8b3c67f20c,ambiguous_isomer_trace_quarantined
sec-butyl-acetate,sec-butyl acetate,C6H12O2,50.0,14.017143,18.62542166,0.7036702,curve_point,True,C2_figure_digitised_isomer_trace_ambiguous,${ARCHIVE_ROOT}\outputs\no_qec_priority_2026_07_31\ready15_esters_experiment_beb\paired_curves\014_sec-butyl_acetate_experiment_beb_paired.csv,True,0.017543859649122806,0.02986169654255673,-0.2842463229458644,2,3204,74a6a26cd253b81fb964a1f87340e2128392605ddeac84a0520ce2e407cec1c4,ambiguous_isomer_trace_quarantined
sec-butyl-acetate,sec-butyl acetate,C6H12O2,55.0,14.677143,19.19696061,0.73654418,curve_point,True,C2_figure_digitised_isomer_trace_ambiguous,${ARCHIVE_ROOT}\outputs\no_qec_priority_2026_07_31\ready15_esters_experiment_beb\paired_curves\014_sec-butyl_acetate_experiment_beb_paired.csv,True,0.017543859649122806,0.029864816824732698,-0.2684605792231053,2,3205,010c894397d5890bfa664676b629a8fcd58318936456dd5dddf44279e2716cc8,ambiguous_isomer_trace_quarantined
sec-butyl-acetate,sec-butyl acetate,C6H12O2,60.0,16.13253,19.58366944,0.8090719,curve_point,True,C2_figure_digitised_isomer_trace_ambiguous,${ARCHIVE_ROOT}\outputs\no_qec_priority_2026_07_31\ready15_esters_experiment_beb\paired_curves\014_sec-butyl_acetate_experiment_beb_paired.csv,True,0.017543859649122806,0.029870395878146244,-0.1938582966761803,2,3206,c01ff09fe3d986d5d96540be87d7b381f46d6fe82a7e9d146f42addc8f5006a6,ambiguous_isomer_trace_quarantined
sec-butyl-acetate,sec-butyl acetate,C6H12O2,65.0,16.66506,19.82991119,0.83562049,curve_point,True,C2_figure_digitised_isomer_trace_ambiguous,${ARCHIVE_ROOT}\outputs\no_qec_priority_2026_07_31\ready15_esters_experiment_beb\paired_curves\014_sec-butyl_acetate_experiment_beb_paired.csv,True,0.017543859649122806,0.029872081833083132,-0.17387715184059155,2,3207,5ed79dbcbe7adef021573552e73554400901a46f61563b755431a9cf3189509a,ambiguous_isomer_trace_quarantined
sec-butyl-acetate,sec-butyl acetate,C6H12O2,70.0,17.040964,19.96861667,0.85436359,curve_point,True,C2_figure_digitised_isomer_trace_ambiguous,${ARCHIVE_ROOT}\outputs\no_qec_priority_2026_07_31\ready15_esters_experiment_beb\paired_curves\014_sec-butyl_acetate_experiment_beb_paired.csv,True,0.017543859649122806,0.029873178315212974,-0.1585417820518662,2,3208,016fac55dbdb1c81da8b88a71f45cb17799937ecd25be10317ac8a171cc7930e,ambiguous_isomer_trace_quarantined
sec-butyl-acetate,sec-butyl acetate,C6H12O2,75.0,17.416867,20.02450946,0.87310893,curve_point,True,C2_figure_digitised_isomer_trace_ambiguous,${ARCHIVE_ROOT}\outputs\no_qec_priority_2026_07_31\ready15_esters_experiment_beb\paired_curves\014_sec-butyl_acetate_experiment_beb_paired.csv,True,0.017543859649122806,0.029874204129812114,-0.139517891771853,2,3210,e7e51b0576db471028475b9f1ee2ab8381a20bb1f0441ae49dfcd2ea96ba1198,ambiguous_isomer_trace_quarantined
sec-butyl-acetate,sec-butyl acetate,C6H12O2,80.0,17.66747,20.01635284,0.885607,curve_point,True,C2_figure_digitised_isomer_trace_ambiguous,${ARCHIVE_ROOT}\outputs\no_qec_priority_2026_07_31\ready15_esters_experiment_beb\paired_curves\014_sec-butyl_acetate_experiment_beb_paired.csv,True,0.017543859649122806,0.029874852438124436,-0.12482448591854849,2,3211,3c8c178a99f36f3cd10409feb41d9f33f5d8ad364afa88ece2707d86b9a5c580,ambiguous_isomer_trace_quarantined
sec-butyl-acetate,sec-butyl acetate,C6H12O2,85.0,17.824096,19.9585286,0.89341874,curve_point,True,C2_figure_digitised_isomer_trace_ambiguous,${ARCHIVE_ROOT}\outputs\no_qec_priority_2026_07_31\ready15_esters_experiment_beb\paired_curves\014_sec-butyl_acetate_experiment_beb_paired.csv,True,0.017543859649122806,0.029875243494559365,-0.11310530100440609,2,3212,039af2ea1347e9310c41521f5f5d5807cde0f83570525dda2e7f06b8272ba91e,ambiguous_isomer_trace_quarantined
sec-butyl-acetate,sec-butyl acetate,C6H12O2,90.0,18.074699,19.86215905,0.90591824,curve_point,True,C2_figure_digitised_isomer_trace_ambiguous,${ARCHIVE_ROOT}\outputs\no_qec_priority_2026_07_31\ready15_esters_experiment_beb\paired_curves\014_sec-butyl_acetate_experiment_beb_paired.csv,True,0.017543859649122806,0.029875848746573643,-0.09430325113184376,2,3213,39732f3ca3ee35e5ca8abb03213960dad24ab6545db6da71b2483e1736a0463f,ambiguous_isomer_trace_quarantined
sec-butyl-acetate,sec-butyl acetate,C6H12O2,95.0,18.074699,19.73591447,0.90591824,curve_point,True,C2_figure_digitised_isomer_trace_ambiguous,${ARCHIVE_ROOT}\outputs\no_qec_priority_2026_07_31\ready15_esters_experiment_beb\paired_curves\014_sec-butyl_acetate_experiment_beb_paired.csv,True,0.017543859649122806,0.029875848746573643,-0.08792693044200003,2,3214,798d72c76dca9b16672f4b7ab8c73431e62932249c79023875ee4b8d1f2481af,ambiguous_isomer_trace_quarantined
sec-butyl-acetate,sec-butyl acetate,C6H12O2,100.0,18.106024,19.58660121,0.90748074,curve_point,True,C2_figure_digitised_isomer_trace_ambiguous,${ARCHIVE_ROOT}\outputs\no_qec_priority_2026_07_31\ready15_esters_experiment_beb\paired_curves\014_sec-butyl_acetate_experiment_beb_paired.csv,True,0.017543859649122806,0.029875922428792914,-0.07860102015291195,2,3215,12475536a58960284236c94619e7bd040bc23ea8cbd3e19aac1425cf72df28d1,ambiguous_isomer_trace_quarantined
sec-butyl-acetate,sec-butyl acetate,C6H12O2,105.0,18.137349,19.41959515,0.90904325,curve_point,True,C2_figure_digitised_isomer_trace_ambiguous,${ARCHIVE_ROOT}\outputs\no_qec_priority_2026_07_31\ready15_esters_experiment_beb\paired_curves\014_sec-butyl_acetate_experiment_beb_paired.csv,True,0.017543859649122806,0.029875995758619777,-0.06830932269824483,2,3216,d2fef9d7ba2b845cb6af98f079a883bf169a32cebb821cf158f6f5fad9a14bc3,ambiguous_isomer_trace_quarantined
sec-butyl-acetate,sec-butyl acetate,C6H12O2,110.0,18.2,19.23916477,0.91216831,curve_point,True,C2_figure_digitised_isomer_trace_ambiguous,${ARCHIVE_ROOT}\outputs\no_qec_priority_2026_07_31\ready15_esters_experiment_beb\paired_curves\014_sec-butyl_acetate_experiment_beb_paired.csv,True,0.017543859649122806,0.029876141758725477,-0.05552643908985957,2,3217,69b8a0a2929b65a5076eced6f553801b6accf537f67efe561dcc1da8b0e1c0d1,ambiguous_isomer_trace_quarantined
sec-butyl-acetate,sec-butyl acetate,C6H12O2,115.0,18.2,19.04871435,0.91216831,curve_point,False,C2_figure_digitised_isomer_trace_ambiguous,${ARCHIVE_ROOT}\outputs\no_qec_priority_2026_07_31\ready15_esters_experiment_beb\paired_curves\014_sec-butyl_acetate_experiment_beb_paired.csv,True,0.017543859649122806,0.011203553159522053,-0.045578017023553734,2,3219,783662a873075b60f7683046fc5dd7d379e15f294ba2387b5baac840558b51c3,ambiguous_isomer_trace_quarantined
sec-butyl-acetate,sec-butyl acetate,C6H12O2,120.0,18.2,18.85096885,0.91216831,curve_point,False,C2_figure_digitised_isomer_trace_ambiguous,${ARCHIVE_ROOT}\outputs\no_qec_priority_2026_07_31\ready15_esters_experiment_beb\paired_curves\014_sec-butyl_acetate_experiment_beb_paired.csv,True,0.017543859649122806,0.011203553159522053,-0.03514271636842861,2,3220,a123f9d4a01ffbb6ae333c0e39eba4a9b3b9b1b43a4253fb3ff0bfc31bdccbf3,ambiguous_isomer_trace_quarantined
sec-butyl-acetate,sec-butyl acetate,C6H12O2,125.0,18.168675,18.64811574,0.91060577,curve_point,False,C2_figure_digitised_isomer_trace_ambiguous,${ARCHIVE_ROOT}\outputs\no_qec_priority_2026_07_31\ready15_esters_experiment_beb\paired_curves\014_sec-butyl_acetate_experiment_beb_paired.csv,True,0.017543859649122806,0.011203525959886197,-0.026046150928349308,2,3221,b44212b787f379ebb215b1b551a383fb9af8698ab0deda3ea71a04a036f1cf05,ambiguous_isomer_trace_quarantined
sec-butyl-acetate,sec-butyl acetate,C6H12O2,130.0,18.106024,18.44191464,0.90748074,curve_point,False,C2_figure_digitised_isomer_trace_ambiguous,${ARCHIVE_ROOT}\outputs\no_qec_priority_2026_07_31\ready15_esters_experiment_beb\paired_curves\014_sec-butyl_acetate_experiment_beb_paired.csv,True,0.017543859649122806,0.011203470910797342,-0.018381342961186434,2,3222,fd9b830a335d62ba7093200b1d244429721fc40e3d1df45ee75d617abe1a5cc2,ambiguous_isomer_trace_quarantined
sec-butyl-acetate,sec-butyl acetate,C6H12O2,135.0,18.012048,18.23378273,0.90279329,curve_point,False,C2_figure_digitised_isomer_trace_ambiguous,${ARCHIVE_ROOT}\outputs\no_qec_priority_2026_07_31\ready15_esters_experiment_beb\paired_curves\014_sec-butyl_acetate_experiment_beb_paired.csv,True,0.017543859649122806,0.011203387360578089,-0.012235200113792885,2,3223,6a003745efb4ae61893c1d0c1262af4d2df73d869758e331ec9cab7a57dd29cc,ambiguous_isomer_trace_quarantined
sec-butyl-acetate,sec-butyl acetate,C6H12O2,140.0,18.012048,18.02486178,0.90279329,curve_point,False,C2_figure_digitised_isomer_trace_ambiguous,${ARCHIVE_ROOT}\outputs\no_qec_priority_2026_07_31\ready15_esters_experiment_beb\paired_curves\014_sec-butyl_acetate_experiment_beb_paired.csv,True,0.017543859649122806,0.011203387360578089,-0.000711147577206335,2,3224,5002d4cdbdd7e5a7140c3073075abc9c86610e63e289a0761ea991cb66e82063,ambiguous_isomer_trace_quarantined
sec-butyl-acetate,sec-butyl acetate,C6H12O2,145.0,17.792771,17.8160711,0.89185637,curve_point,False,C2_figure_digitised_isomer_trace_ambiguous,${ARCHIVE_ROOT}\outputs\no_qec_priority_2026_07_31\ready15_esters_experiment_beb\paired_curves\014_sec-butyl_acetate_experiment_beb_paired.csv,True,0.017543859649122806,0.011203187307504376,-0.0013086695298830699,2,3225,c7c002556343ee9c9af0629fccef81ecc35e621bea37173ac85cc3fa21b2aff5,ambiguous_isomer_trace_quarantined
sec-butyl-acetate,sec-butyl acetate,C6H12O2,150.0,17.792771,17.60814957,0.89185637,curve_point,False,C2_figure_digitised_isomer_trace_ambiguous,${ARCHIVE_ROOT}\outputs\no_qec_priority_2026_07_31\ready15_esters_experiment_beb\paired_curves\014_sec-butyl_acetate_experiment_beb_paired.csv,True,0.017543859649122806,0.011203187307504376,0.01043041258958036,2,3226,9646ea2e106882a19d8c77e84405f8ae52d9216dcca35dccad37628783017276,ambiguous_isomer_trace_quarantined
sec-butyl-acetate,sec-butyl acetate,C6H12O2,155.0,17.792771,17.40168924,0.89185637,curve_point,False,C2_figure_digitised_isomer_trace_ambiguous,${ARCHIVE_ROOT}\outputs\no_qec_priority_2026_07_31\ready15_esters_experiment_beb\paired_curves\014_sec-butyl_acetate_experiment_beb_paired.csv,True,0.017543859649122806,0.011203187307504376,0.02222496694513329,2,3227,5e55f612895df32d18a5eae4576ab74ca0049e795f1baee60122aee4039f0f6a,ambiguous_isomer_trace_quarantined
sec-butyl-acetate,sec-butyl acetate,C6H12O2,160.0,17.66747,17.1971623,0.885607,curve_point,False,C2_figure_digitised_isomer_trace_ambiguous,${ARCHIVE_ROOT}\outputs\no_qec_priority_2026_07_31\ready15_esters_experiment_beb\paired_curves\014_sec-butyl_acetate_experiment_beb_paired.csv,True,0.017543859649122806,0.011203069664296664,0.026980707898170683,2,3228,19fd25504676d806fd88d2560b0fc259b32614ddcc751f6ee9594c7c372db0d6,ambiguous_isomer_trace_quarantined
sec-butyl-acetate,sec-butyl acetate,C6H12O2,165.0,17.66747,16.99494283,0.885607,curve_point,False,C2_figure_digitised_isomer_trace_ambiguous,${ARCHIVE_ROOT}\outputs\no_qec_priority_2026_07_31\ready15_esters_experiment_beb\paired_curves\014_sec-butyl_acetate_experiment_beb_paired.csv,True,0.017543859649122806,0.011203069664296664,0.038809276336465685,2,3229,71c742f4f8cc4b49287ed52fbb2a3ffb700f961e2d3e87e5f3904ddb219d45f6,ambiguous_isomer_trace_quarantined
sec-butyl-acetate,sec-butyl acetate,C6H12O2,170.0,17.604819,16.79532448,0.88248239,curve_point,False,C2_figure_digitised_isomer_trace_ambiguous,${ARCHIVE_ROOT}\outputs\no_qec_priority_2026_07_31\ready15_esters_experiment_beb\paired_curves\014_sec-butyl_acetate_experiment_beb_paired.csv,True,0.017543859649122806,0.011203009836604534,0.047072128470690415,2,3230,d9534dd6d72b814f69b9d01494df884a75b80f87516b44a92b597461da3f2c23,ambiguous_isomer_trace_quarantined
sec-butyl-acetate,sec-butyl acetate,C6H12O2,175.0,17.604819,16.59853477,0.88248239,curve_point,False,C2_figure_digitised_isomer_trace_ambiguous,${ARCHIVE_ROOT}\outputs\no_qec_priority_2026_07_31\ready15_esters_experiment_beb\paired_curves\014_sec-butyl_acetate_experiment_beb_paired.csv,True,0.017543859649122806,0.011203009836604534,0.05885824678476354,2,3231,70f25d82bf88a2032dfda4f8f5a38ded207374dfd082ee415c2ba4c533a75fdb,ambiguous_isomer_trace_quarantined
sec-butyl-acetate,sec-butyl acetate,C6H12O2,180.0,17.542169,16.40474684,0.87935785,curve_point,False,C2_figure_digitised_isomer_trace_ambiguous,${ARCHIVE_ROOT}\outputs\no_qec_priority_2026_07_31\ready15_esters_experiment_beb\paired_curves\014_sec-butyl_acetate_experiment_beb_paired.csv,True,0.017543859649122806,0.011202949505899739,0.06703690509052122,2,3232,400fa1bd7f7f20c23d6dbb0e744e80d526c15efae00ea61a268112432b99bb38,ambiguous_isomer_trace_quarantined
sec-butyl-acetate,sec-butyl acetate,C6H12O2,185.0,17.448193,16.21408904,0.87467114,curve_point,False,C2_figure_digitised_isomer_trace_ambiguous,${ARCHIVE_ROOT}\outputs\no_qec_priority_2026_07_31\ready15_esters_experiment_beb\paired_curves\014_sec-butyl_acetate_experiment_beb_paired.csv,True,0.017543859649122806,0.011202857625242885,0.07335553217690838,2,3233,7c55b7e7a6f0b8f0caf934ac532ab2fa66158780c1fb8e7786a8bce21c39cb7d,ambiguous_isomer_trace_quarantined
sec-butyl-acetate,sec-butyl acetate,C6H12O2,190.0,17.448193,16.02665283,0.87467114,curve_point,False,C2_figure_digitised_isomer_trace_ambiguous,${ARCHIVE_ROOT}\outputs\no_qec_priority_2026_07_31\ready15_esters_experiment_beb\paired_curves\014_sec-butyl_acetate_experiment_beb_paired.csv,True,0.017543859649122806,0.011202857625242885,0.08498295207213298,2,3234,90879020ff22fe7cfe659c28d4d7c7350c464837e34a3ae4f193edb9a729399f,ambiguous_isomer_trace_quarantined
sec-butyl-acetate,sec-butyl acetate,C6H12O2,195.0,17.322892,15.84249929,0.86842239,curve_point,False,C2_figure_digitised_isomer_trace_ambiguous,${ARCHIVE_ROOT}\outputs\no_qec_priority_2026_07_31\ready15_esters_experiment_beb\paired_curves\014_sec-butyl_acetate_experiment_beb_paired.csv,True,0.017543859649122806,0.011202732875438479,0.08933270639205092,2,3235,13d9f7d725ccee4a08a0b635feb2cb84daeab9aedc9e1ab33591c533cdf1540b,ambiguous_isomer_trace_quarantined
sec-butyl-acetate,sec-butyl acetate,C6H12O2,200.0,17.166265,15.66166451,0.86061179,curve_point,False,C2_figure_digitised_isomer_trace_ambiguous,${ARCHIVE_ROOT}\outputs\no_qec_priority_2026_07_31\ready15_esters_experiment_beb\paired_curves\014_sec-butyl_acetate_experiment_beb_paired.csv,True,0.017543859649122806,0.011202572923263916,0.09173014520620267,2,3236,2d6d965587e0f339992c1fd34140f42a4eaf9da07d89add01962199bbe8ece48,ambiguous_isomer_trace_quarantined
sec-butyl-acetate,sec-butyl acetate,C6H12O2,205.0,17.009639,15.48416401,0.85280158,curve_point,False,C2_figure_digitised_isomer_trace_ambiguous,${ARCHIVE_ROOT}\outputs\no_qec_priority_2026_07_31\ready15_esters_experiment_beb\paired_curves\014_sec-butyl_acetate_experiment_beb_paired.csv,True,0.017543859649122806,0.011202408695178263,0.09396235848891561,2,3237,6f307142ca35b4fd9f0e4b09694b7d4a5492287ec94621e58f384894dfbe3375,ambiguous_isomer_trace_quarantined
sec-butyl-acetate,sec-butyl acetate,C6H12O2,210.0,16.821687,15.30999652,0.84342983,curve_point,False,C2_figure_digitised_isomer_trace_ambiguous,${ARCHIVE_ROOT}\outputs\no_qec_priority_2026_07_31\ready15_esters_experiment_beb\paired_curves\014_sec-butyl_acetate_experiment_beb_paired.csv,True,0.017543859649122806,0.011202205439764135,0.09416296441337824,2,3238,5a8ac9fb9e30da748d8540635ecc792924550fa7267a0d346e290c78dbeb0420,ambiguous_isomer_trace_quarantined
sec-butyl-acetate,sec-butyl acetate,C6H12O2,215.0,16.696386,15.13914696,0.83718233,curve_point,False,C2_figure_digitised_isomer_trace_ambiguous,${ARCHIVE_ROOT}\outputs\no_qec_priority_2026_07_31\ready15_esters_experiment_beb\paired_curves\014_sec-butyl_acetate_experiment_beb_paired.csv,True,0.017543859649122806,0.011202066131525435,0.09790838585674708,2,3239,6ebabd252c3ffa41ca89b1cc4ceae18c746fa634272d4057486f8a3f09ce4282,ambiguous_isomer_trace_quarantined
sec-butyl-acetate,sec-butyl acetate,C6H12O2,220.0,16.383133,14.97158908,0.82156473,curve_point,False,C2_figure_digitised_isomer_trace_ambiguous,${ARCHIVE_ROOT}\outputs\no_qec_priority_2026_07_31\ready15_esters_experiment_beb\paired_curves\014_sec-butyl_acetate_experiment_beb_paired.csv,True,0.017543859649122806,0.011201703763504534,0.09009798620992399,2,3240,2d5a4a3bc4eb6d26947386e3a22844c4bcaaaf4e8110665f7d649efdde04f5c3,ambiguous_isomer_trace_quarantined
sec-butyl-acetate,sec-butyl acetate,C6H12O2,225.0,16.163855,14.80728758,0.81063344,curve_point,False,C2_figure_digitised_isomer_trace_ambiguous,${ARCHIVE_ROOT}\outputs\no_qec_priority_2026_07_31\ready15_esters_experiment_beb\paired_curves\014_sec-butyl_acetate_experiment_beb_paired.csv,True,0.017543859649122806,0.0112014373209912,0.08765811299111916,2,3241,fb9dc60a298594f1d76918402ee6773c55023ff673f9f34d7b7371084ed65999,ambiguous_isomer_trace_quarantined
sec-butyl-acetate,sec-butyl acetate,C6H12O2,230.0,16.007229,14.64619987,0.80282592,curve_point,False,C2_figure_digitised_isomer_trace_ambiguous,${ARCHIVE_ROOT}\outputs\no_qec_priority_2026_07_31\ready15_esters_experiment_beb\paired_curves\014_sec-butyl_acetate_experiment_beb_paired.csv,True,0.017543859649122806,0.011201240509464687,0.08885952542800192,2,3242,35fb13d35a7eb5769c1d35fc4834c40e9f4167352768114434dd736d88af9ed6,ambiguous_isomer_trace_quarantined
sec-butyl-acetate,sec-butyl acetate,C6H12O2,235.0,15.819277,14.48827761,0.79345752,curve_point,False,C2_figure_digitised_isomer_trace_ambiguous,${ARCHIVE_ROOT}\outputs\no_qec_priority_2026_07_31\ready15_esters_experiment_beb\paired_curves\014_sec-butyl_acetate_experiment_beb_paired.csv,True,0.017543859649122806,0.011200996396181351,0.08788937787920005,2,3243,e59e70d3c3aac36e45847332dcce2ced59607206e4e255443a61c3703676f3dc,ambiguous_isomer_trace_quarantined
sec-butyl-acetate,sec-butyl acetate,C6H12O2,240.0,15.6,14.3334679,0.78252861,curve_point,False,C2_figure_digitised_isomer_trace_ambiguous,${ARCHIVE_ROOT}\outputs\no_qec_priority_2026_07_31\ready15_esters_experiment_beb\paired_curves\014_sec-butyl_acetate_experiment_beb_paired.csv,True,0.017543859649122806,0.011200700434739736,0.08467369890201613,2,3244,314ead9f19df2f5c674464b631adbc7a202879b2c8396bb16a73b30688d213b8,ambiguous_isomer_trace_quarantined
sec-butyl-acetate,sec-butyl acetate,C6H12O2,245.0,15.380723,14.18171437,0.77160068,curve_point,False,C2_figure_digitised_isomer_trace_ambiguous,${ARCHIVE_ROOT}\outputs\no_qec_priority_2026_07_31\ready15_esters_experiment_beb\paired_curves\014_sec-butyl_acetate_experiment_beb_paired.csv,True,0.017543859649122806,0.011200391790724195,0.08116155771506338,2,3245,f24228b5f6723931b792383932dbf9948210089ec2f66b8c44c1ada99393280f,ambiguous_isomer_trace_quarantined
sec-butyl-acetate,sec-butyl acetate,C6H12O2,250.0,15.192771,14.03295804,0.76223471,curve_point,False,C2_figure_digitised_isomer_trace_ambiguous,${ARCHIVE_ROOT}\outputs\no_qec_priority_2026_07_31\ready15_esters_experiment_beb\paired_curves\014_sec-butyl_acetate_experiment_beb_paired.csv,True,0.017543859649122806,0.011200116458599755,0.07941101394742,2,3246,7c3928a5042390401d08752fec1ad4bceceb1b3b91b18a279519104a79770ff4,ambiguous_isomer_trace_quarantined
sec-butyl-acetate,sec-butyl acetate,C6H12O2,255.0,15.036145,13.88713804,0.75443033,curve_point,False,C2_figure_digitised_isomer_trace_ambiguous,${ARCHIVE_ROOT}\outputs\no_qec_priority_2026_07_31\ready15_esters_experiment_beb\paired_curves\014_sec-butyl_acetate_experiment_beb_paired.csv,True,0.017543859649122806,0.01119987926871783,0.07949387827793547,2,3247,1f3900253770bc70eb0cdc147a2368957d3d33931f2f48fc80854372224547aa,ambiguous_isomer_trace_quarantined
sec-butyl-acetate,sec-butyl acetate,C6H12O2,260.0,15.036145,13.74419221,0.75443033,curve_point,False,C2_figure_digitised_isomer_trace_ambiguous,${ARCHIVE_ROOT}\outputs\no_qec_priority_2026_07_31\ready15_esters_experiment_beb\paired_curves\014_sec-butyl_acetate_experiment_beb_paired.csv,True,0.017543859649122806,0.01119987926871783,0.08984061902189486,2,3248,4efd921351f760e9e9cb861d29104ad0aa880443a172367f9aed9516750333b6,ambiguous_isomer_trace_quarantined
sec-butyl-acetate,sec-butyl acetate,C6H12O2,265.0,15.161446,13.60405762,0.76067379,curve_point,False,C2_figure_digitised_isomer_trace_ambiguous,${ARCHIVE_ROOT}\outputs\no_qec_priority_2026_07_31\ready15_esters_experiment_beb\paired_curves\014_sec-butyl_acetate_experiment_beb_paired.csv,True,0.017543859649122806,0.01120006964997531,0.10838765559640373,2,3249,53e46f16b0c398998e756c9a96e4d8842e1cabf67da32fea7224642c1f777e9f,ambiguous_isomer_trace_quarantined
sec-butyl-acetate,sec-butyl acetate,C6H12O2,270.0,15.13012,13.46667101,0.75911289,curve_point,False,C2_figure_digitised_isomer_trace_ambiguous,${ARCHIVE_ROOT}\outputs\no_qec_priority_2026_07_31\ready15_esters_experiment_beb\paired_curves\014_sec-butyl_acetate_experiment_beb_paired.csv,True,0.017543859649122806,0.011200022339150167,0.11646964020750959,2,3250,74260e3355fe3eacb87af775c2dedb399bca57ca92fd9394bd7c19e4e16948c2,ambiguous_isomer_trace_quarantined
sec-butyl-acetate,sec-butyl acetate,C6H12O2,275.0,15.004819,13.33196907,0.75286953,curve_point,False,C2_figure_digitised_isomer_trace_ambiguous,${ARCHIVE_ROOT}\outputs\no_qec_priority_2026_07_31\ready15_esters_experiment_beb\paired_curves\014_sec-butyl_acetate_experiment_beb_paired.csv,True,0.017543859649122806,0.01119983072148411,0.1182065757129875,2,3251,0eca76fbcbc7e14c8dbce6c6995607c6f315f6661a4b68fa6331111d53011d6d,ambiguous_isomer_trace_quarantined
sec-butyl-acetate,sec-butyl acetate,C6H12O2,280.0,14.910843,13.1998888,0.74818724,curve_point,False,C2_figure_digitised_isomer_trace_ambiguous,${ARCHIVE_ROOT}\outputs\no_qec_priority_2026_07_31\ready15_esters_experiment_beb\paired_curves\014_sec-butyl_acetate_experiment_beb_paired.csv,True,0.017543859649122806,0.011199683811158805,0.12188026109936032,2,3252,32411d2db5edb81a0c847cb4c2e5bc1af42ecd24b2857bb3aa47e634a914cfc1,ambiguous_isomer_trace_quarantined
sec-butyl-acetate,sec-butyl acetate,C6H12O2,285.0,14.848193,13.07036772,0.74506583,curve_point,False,C2_figure_digitised_isomer_trace_ambiguous,${ARCHIVE_ROOT}\outputs\no_qec_priority_2026_07_31\ready15_esters_experiment_beb\paired_curves\014_sec-butyl_acetate_experiment_beb_paired.csv,True,0.017543859649122806,0.011199584464007964,0.12753051244310307,2,3253,03b1a35e7d393d446ccf3dadf50849da6246d969c0f911918d86551ac5e76227,ambiguous_isomer_trace_quarantined
tert-butyl-acetate,tert-butyl acetate,C6H12O2,15.0,1.98,1.77766331,0.11726901,curve_point,True,C2_figure_digitised_isomer_trace_ambiguous,${ARCHIVE_ROOT}\outputs\no_qec_priority_2026_07_31\ready15_esters_experiment_beb\paired_curves\015_tert-butyl_acetate_experiment_beb_paired.csv,True,0.017543859649122806,0.02821468067558308,0.10779709000088625,1,3713,298d0f4637682fe753cdf7b6c997544abb4e5293c611bbd4871daf95bda54475,ambiguous_isomer_trace_quarantined
tert-butyl-acetate,tert-butyl acetate,C6H12O2,20.0,4.2114286,6.219470881,0.21975292,curve_point,True,C2_figure_digitised_isomer_trace_ambiguous,${ARCHIVE_ROOT}\outputs\no_qec_priority_2026_07_31\ready15_esters_experiment_beb\paired_curves\015_tert-butyl_acetate_experiment_beb_paired.csv,True,0.017543859649122806,0.029508266262477618,-0.38988291071922776,1,3714,7bb9fbfa2cde1c5712e8029058b15c85ea4863b469bbc0de2b5d86885218802b,ambiguous_isomer_trace_quarantined
tert-butyl-acetate,tert-butyl acetate,C6H12O2,25.0,6.16,9.981639285,0.31434857,curve_point,True,C2_figure_digitised_isomer_trace_ambiguous,${ARCHIVE_ROOT}\outputs\no_qec_priority_2026_07_31\ready15_esters_experiment_beb\paired_curves\015_tert-butyl_acetate_experiment_beb_paired.csv,True,0.017543859649122806,0.029714155039088596,-0.48267055630326605,1,3715,e495c2253938ca6c8f65d2b0c0fd27e425595a644b7d84d829f037b227f4ba08,ambiguous_isomer_trace_quarantined
tert-butyl-acetate,tert-butyl acetate,C6H12O2,30.0,8.2657143,12.91618517,0.4180384,curve_point,True,C2_figure_digitised_isomer_trace_ambiguous,${ARCHIVE_ROOT}\outputs\no_qec_priority_2026_07_31\ready15_esters_experiment_beb\paired_curves\015_tert-butyl_acetate_experiment_beb_paired.csv,True,0.017543859649122806,0.029795273097883417,-0.4463650370541598,1,3716,93930400d33caa01eeb283a21483bb1d84e5364ee75fb17680cc794ca48e2079,ambiguous_isomer_trace_quarantined
tert-butyl-acetate,tert-butyl acetate,C6H12O2,35.0,9.9942857,15.06999859,0.50365205,curve_point,True,C2_figure_digitised_isomer_trace_ambiguous,${ARCHIVE_ROOT}\outputs\no_qec_priority_2026_07_31\ready15_esters_experiment_beb\paired_curves\015_tert-butyl_acetate_experiment_beb_paired.csv,True,0.017543859649122806,0.029827415531997022,-0.41069241940932893,1,3717,013096edd7c942c652290f85beab8795f364da128ebee4efdf3e4210f0b64e24,ambiguous_isomer_trace_quarantined
tert-butyl-acetate,tert-butyl acetate,C6H12O2,40.0,11.942857,16.65549791,0.60044201,curve_point,True,C2_figure_digitised_isomer_trace_ambiguous,${ARCHIVE_ROOT}\outputs\no_qec_priority_2026_07_31\ready15_esters_experiment_beb\paired_curves\015_tert-butyl_acetate_experiment_beb_paired.csv,True,0.017543859649122806,0.02984830380409936,-0.33260700765202944,1,3718,0a28c1a867775137d6f4746bbf8672ec7b8531270dffb0447605e006993c1d80,ambiguous_isomer_trace_quarantined
tert-butyl-acetate,tert-butyl acetate,C6H12O2,45.0,12.791429,17.80268324,0.64265281,curve_point,True,C2_figure_digitised_isomer_trace_ambiguous,${ARCHIVE_ROOT}\outputs\no_qec_priority_2026_07_31\ready15_esters_experiment_beb\paired_curves\015_tert-butyl_acetate_experiment_beb_paired.csv,True,0.017543859649122806,0.029854571069237026,-0.33057385249547167,1,3719,c6cfa6a55a7929b74c613276371444e8fc67324be123740ea7f11842486fefd7,ambiguous_isomer_trace_quarantined
tert-butyl-acetate,tert-butyl acetate,C6H12O2,50.0,14.017143,18.6220467,0.7036702,curve_point,True,C2_figure_digitised_isomer_trace_ambiguous,${ARCHIVE_ROOT}\outputs\no_qec_priority_2026_07_31\ready15_esters_experiment_beb\paired_curves\015_tert-butyl_acetate_experiment_beb_paired.csv,True,0.017543859649122806,0.02986169654255673,-0.28406510472310514,1,3720,f28afc14e38d0affb729f9cdd3c319b71e0cb2007c05ae5c065c10561128c23e,ambiguous_isomer_trace_quarantined
tert-butyl-acetate,tert-butyl acetate,C6H12O2,55.0,14.991429,19.19631658,0.75220233,curve_point,True,C2_figure_digitised_isomer_trace_ambiguous,${ARCHIVE_ROOT}\outputs\no_qec_priority_2026_07_31\ready15_esters_experiment_beb\paired_curves\015_tert-butyl_acetate_experiment_beb_paired.csv,True,0.017543859649122806,0.029866160357632364,-0.24723977804648692,1,3721,f3886a873869be3117d0651d27f4602d7a76fde60aea5f7e95f9295268f4fca8,ambiguous_isomer_trace_quarantined
tert-butyl-acetate,tert-butyl acetate,C6H12O2,60.0,17.77451,19.58575658,0.89094557,curve_point,True,C2_figure_digitised_isomer_trace_ambiguous,${ARCHIVE_ROOT}\outputs\no_qec_priority_2026_07_31\ready15_esters_experiment_beb\paired_curves\015_tert-butyl_acetate_experiment_beb_paired.csv,True,0.017543859649122806,0.029875121059287413,-0.0970371884542645,1,3722,d719ef08130d5868e7672ad9d660a037cd7817f37eefa914ff4bc4f8151546df,ambiguous_isomer_trace_quarantined
tert-butyl-acetate,tert-butyl acetate,C6H12O2,65.0,17.77451,19.83463519,0.89094557,curve_point,True,C2_figure_digitised_isomer_trace_ambiguous,${ARCHIVE_ROOT}\outputs\no_qec_priority_2026_07_31\ready15_esters_experiment_beb\paired_curves\015_tert-butyl_acetate_experiment_beb_paired.csv,True,0.017543859649122806,0.029875121059287413,-0.10966425305918813,1,3723,93d6dea4e819412c70d2b6024ce2be2f6faefae02a4640e261bb60f70c2ba6f1,ambiguous_isomer_trace_quarantined
tert-butyl-acetate,tert-butyl acetate,C6H12O2,70.0,17.865196,19.97583103,0.89546865,curve_point,True,C2_figure_digitised_isomer_trace_ambiguous,${ARCHIVE_ROOT}\outputs\no_qec_priority_2026_07_31\ready15_esters_experiment_beb\paired_curves\015_tert-butyl_acetate_experiment_beb_paired.csv,True,0.017543859649122806,0.029875344550876266,-0.11166863170344266,1,3724,eca4c7dcc16ea4608ae907a01b9a170738df0d4a3d82ebe82a3ac133170fda9e,ambiguous_isomer_trace_quarantined
tert-butyl-acetate,tert-butyl acetate,C6H12O2,75.0,17.895425,20.03404198,0.89697636,curve_point,True,C2_figure_digitised_isomer_trace_ambiguous,${ARCHIVE_ROOT}\outputs\no_qec_priority_2026_07_31\ready15_esters_experiment_beb\paired_curves\015_tert-butyl_acetate_experiment_beb_paired.csv,True,0.017543859649122806,0.029875418544617924,-0.11288783203842184,1,3726,8de7e7a0aa88a01e51399ca23bf1ab44807b63981ee638eb7007afd4702c0e8a,ambiguous_isomer_trace_quarantined
tert-butyl-acetate,tert-butyl acetate,C6H12O2,80.0,17.895425,20.02802194,0.89697636,curve_point,True,C2_figure_digitised_isomer_trace_ambiguous,${ARCHIVE_ROOT}\outputs\no_qec_priority_2026_07_31\ready15_esters_experiment_beb\paired_curves\015_tert-butyl_acetate_experiment_beb_paired.csv,True,0.017543859649122806,0.029875418544617924,-0.11258729634673438,1,3727,2afdbe6b20516ece027c87b35bb0628583da0bcf1ef2fe243ee0d4173017da1b,ambiguous_isomer_trace_quarantined
tert-butyl-acetate,tert-butyl acetate,C6H12O2,85.0,17.895425,19.97215316,0.89697636,curve_point,True,C2_figure_digitised_isomer_trace_ambiguous,${ARCHIVE_ROOT}\outputs\no_qec_priority_2026_07_31\ready15_esters_experiment_beb\paired_curves\015_tert-butyl_acetate_experiment_beb_paired.csv,True,0.017543859649122806,0.029875418544617924,-0.10979386775847796,1,3728,e702c1d76f3a3288d56847409f2d331060863813f41395f4347e75771cf77b4d,ambiguous_isomer_trace_quarantined
tert-butyl-acetate,tert-butyl acetate,C6H12O2,90.0,17.895425,19.87756422,0.89697636,curve_point,True,C2_figure_digitised_isomer_trace_ambiguous,${ARCHIVE_ROOT}\outputs\no_qec_priority_2026_07_31\ready15_esters_experiment_beb\paired_curves\015_tert-butyl_acetate_experiment_beb_paired.csv,True,0.017543859649122806,0.029875418544617924,-0.10504657599015146,1,3729,4e2929544d58ac92aeb6f5de8e7feedbad5b34b4d132bf873f0eb055dd2ed567,ambiguous_isomer_trace_quarantined
tert-butyl-acetate,tert-butyl acetate,C6H12O2,95.0,17.895425,19.75293487,0.89697636,curve_point,True,C2_figure_digitised_isomer_trace_ambiguous,${ARCHIVE_ROOT}\outputs\no_qec_priority_2026_07_31\ready15_esters_experiment_beb\paired_curves\015_tert-butyl_acetate_experiment_beb_paired.csv,True,0.017543859649122806,0.029875418544617924,-0.0987569877330413,1,3730,f7b8ae3bb8bb88ae363d8a62ae82cab5269b876c3c5b67ed828cdbdc590ed940,ambiguous_isomer_trace_quarantined
tert-butyl-acetate,tert-butyl acetate,C6H12O2,100.0,17.895425,19.60508249,0.89697636,curve_point,True,C2_figure_digitised_isomer_trace_ambiguous,${ARCHIVE_ROOT}\outputs\no_qec_priority_2026_07_31\ready15_esters_experiment_beb\paired_curves\015_tert-butyl_acetate_experiment_beb_paired.csv,True,0.017543859649122806,0.029875418544617924,-0.09124374974883405,1,3731,491cee21b131675caf30f1dac2c56a64f66084b76acaccdbf78ea5cbfd187824,ambiguous_isomer_trace_quarantined
tert-butyl-acetate,tert-butyl acetate,C6H12O2,105.0,17.895425,19.43939461,0.89697636,curve_point,True,C2_figure_digitised_isomer_trace_ambiguous,${ARCHIVE_ROOT}\outputs\no_qec_priority_2026_07_31\ready15_esters_experiment_beb\paired_curves\015_tert-butyl_acetate_experiment_beb_paired.csv,True,0.017543859649122806,0.029875418544617924,-0.08275656349977137,1,3732,d98a0c8b31f9d1fd4cb6d682d486ccc5fdc51f90615f661a73f037c398583daa,ambiguous_isomer_trace_quarantined
tert-butyl-acetate,tert-butyl acetate,C6H12O2,110.0,17.895425,19.26015128,0.89697636,curve_point,True,C2_figure_digitised_isomer_trace_ambiguous,${ARCHIVE_ROOT}\outputs\no_qec_priority_2026_07_31\ready15_esters_experiment_beb\paired_curves\015_tert-butyl_acetate_experiment_beb_paired.csv,True,0.017543859649122806,0.029875418544617924,-0.07349316737339717,1,3733,78f1c61d91781cbf733c78f64ea89c885c240d504492e7558444ff6a9865bf1b,ambiguous_isomer_trace_quarantined
tert-butyl-acetate,tert-butyl acetate,C6H12O2,115.0,17.895425,19.07076794,0.89697636,curve_point,True,C2_figure_digitised_isomer_trace_ambiguous,${ARCHIVE_ROOT}\outputs\no_qec_priority_2026_07_31\ready15_esters_experiment_beb\paired_curves\015_tert-butyl_acetate_experiment_beb_paired.csv,True,0.017543859649122806,0.029875418544617924,-0.06361159474811909,1,3734,c2b22ab20a8bbe6b3f8176b01bc451f6f04badeabaaa2033afe8a0af02eedb7e,ambiguous_isomer_trace_quarantined
tert-butyl-acetate,tert-butyl acetate,C6H12O2,120.0,17.895425,18.87398009,0.89697636,curve_point,True,C2_figure_digitised_isomer_trace_ambiguous,${ARCHIVE_ROOT}\outputs\no_qec_priority_2026_07_31\ready15_esters_experiment_beb\paired_curves\015_tert-butyl_acetate_experiment_beb_paired.csv,True,0.017543859649122806,0.029875418544617924,-0.0532391651215485,1,3735,70a7dbb3c9f4aa5cde9378d6dbd5d1a217ebebb0856c7fd1c2696212a7a36465,ambiguous_isomer_trace_quarantined
tert-butyl-acetate,tert-butyl acetate,C6H12O2,125.0,17.895425,18.67198503,0.89697636,curve_point,True,C2_figure_digitised_isomer_trace_ambiguous,${ARCHIVE_ROOT}\outputs\no_qec_priority_2026_07_31\ready15_esters_experiment_beb\paired_curves\015_tert-butyl_acetate_experiment_beb_paired.csv,True,0.017543859649122806,0.029875418544617924,-0.04247918022194918,1,3736,ff825d3b5cc545c463c283ae66f67c60979dd7f51074aadb791482925eab4ee5,ambiguous_isomer_trace_quarantined
tert-butyl-acetate,tert-butyl acetate,C6H12O2,130.0,17.895425,18.46655144,0.89697636,curve_point,True,C2_figure_digitised_isomer_trace_ambiguous,${ARCHIVE_ROOT}\outputs\no_qec_priority_2026_07_31\ready15_esters_experiment_beb\paired_curves\015_tert-butyl_acetate_experiment_beb_paired.csv,True,0.017543859649122806,0.029875418544617924,-0.03141597176775894,1,3737,72c80f37adc4f2d8fad6dccdb294148442f03350d2784fc9ef3addf1327d5b2c,ambiguous_isomer_trace_quarantined
tert-butyl-acetate,tert-butyl acetate,C6H12O2,135.0,17.895425,18.2591048,0.89697636,curve_point,True,C2_figure_digitised_isomer_trace_ambiguous,${ARCHIVE_ROOT}\outputs\no_qec_priority_2026_07_31\ready15_esters_experiment_beb\paired_curves\015_tert-butyl_acetate_experiment_beb_paired.csv,True,0.017543859649122806,0.029875418544617924,-0.020118755186661588,1,3738,90f8118ff3422b8352a14d0cea79952352bfd9674687f5d322398fe109a312ec,ambiguous_isomer_trace_quarantined
tert-butyl-acetate,tert-butyl acetate,C6H12O2,140.0,17.895425,18.05079447,0.89697636,curve_point,True,C2_figure_digitised_isomer_trace_ambiguous,${ARCHIVE_ROOT}\outputs\no_qec_priority_2026_07_31\ready15_esters_experiment_beb\paired_curves\015_tert-butyl_acetate_experiment_beb_paired.csv,True,0.017543859649122806,0.029875418544617924,-0.008644605181997781,1,3739,f53f35b6342c2ebd26f1cdb556edcd268413b2313486e45b8adf84642440232c,ambiguous_isomer_trace_quarantined
tert-butyl-acetate,tert-butyl acetate,C6H12O2,145.0,17.895425,17.84254666,0.89697636,curve_point,True,C2_figure_digitised_isomer_trace_ambiguous,${ARCHIVE_ROOT}\outputs\no_qec_priority_2026_07_31\ready15_esters_experiment_beb\paired_curves\015_tert-butyl_acetate_experiment_beb_paired.csv,True,0.017543859649122806,0.029875418544617924,0.0029592266226594046,1,3740,a47632ba3bda341df9559f4c93f584987c8568e188ec4d1e7dca54202c921ba5,ambiguous_isomer_trace_quarantined
tert-butyl-acetate,tert-butyl acetate,C6H12O2,150.0,17.895425,17.6351065,0.89697636,curve_point,True,C2_figure_digitised_isomer_trace_ambiguous,${ARCHIVE_ROOT}\outputs\no_qec_priority_2026_07_31\ready15_esters_experiment_beb\paired_curves\015_tert-butyl_acetate_experiment_beb_paired.csv,True,0.017543859649122806,0.029875418544617924,0.014653490790194706,1,3741,de0808bbf55cfe5b7d6ba6c128294e4e6fddde881815cfba5545c9059e7d234e,ambiguous_isomer_trace_quarantined
tert-butyl-acetate,tert-butyl acetate,C6H12O2,155.0,17.895425,17.42907171,0.89697636,curve_point,True,C2_figure_digitised_isomer_trace_ambiguous,${ARCHIVE_ROOT}\outputs\no_qec_priority_2026_07_31\ready15_esters_experiment_beb\paired_curves\015_tert-butyl_acetate_experiment_beb_paired.csv,True,0.017543859649122806,0.029875418544617924,0.02640549364860791,1,3742,c7990576bbc3625bc650be34b335b70b378f8bf6c9de70078955cfcc831cf741,ambiguous_isomer_trace_quarantined
tert-butyl-acetate,tert-butyl acetate,C6H12O2,160.0,17.895425,17.22491962,0.89697636,curve_point,True,C2_figure_digitised_isomer_trace_ambiguous,${ARCHIVE_ROOT}\outputs\no_qec_priority_2026_07_31\ready15_esters_experiment_beb\paired_curves\015_tert-butyl_acetate_experiment_beb_paired.csv,True,0.017543859649122806,0.029875418544617924,0.0381879431710261,1,3743,b6e9bca51a190430d79544b261985410a3cc3e3aaff0719597ae8ca4129ec831,ambiguous_isomer_trace_quarantined
tert-butyl-acetate,tert-butyl acetate,C6H12O2,165.0,17.895425,17.02302898,0.89697636,curve_point,True,C2_figure_digitised_isomer_trace_ambiguous,${ARCHIVE_ROOT}\outputs\no_qec_priority_2026_07_31\ready15_esters_experiment_beb\paired_curves\015_tert-butyl_acetate_experiment_beb_paired.csv,True,0.017543859649122806,0.029875418544617924,0.0499780203530949,1,3744,6ebc085e0ee3c2b45855454119eabf5cd1ac2598162e76962a9011459b8b967c,ambiguous_isomer_trace_quarantined
tert-butyl-acetate,tert-butyl acetate,C6H12O2,170.0,17.895425,16.82369761,0.89697636,curve_point,True,C2_figure_digitised_isomer_trace_ambiguous,${ARCHIVE_ROOT}\outputs\no_qec_priority_2026_07_31\ready15_esters_experiment_beb\paired_curves\015_tert-butyl_acetate_experiment_beb_paired.csv,True,0.017543859649122806,0.029875418544617924,0.061756629075849404,1,3745,1f78e21f272f1074b31647e2423a46c4f6e910e408afbf83ebc4cca31c9bd720,ambiguous_isomer_trace_quarantined
tert-butyl-acetate,tert-butyl acetate,C6H12O2,175.0,17.895425,16.62715686,0.89697636,curve_point,True,C2_figure_digitised_isomer_trace_ambiguous,${ARCHIVE_ROOT}\outputs\no_qec_priority_2026_07_31\ready15_esters_experiment_beb\paired_curves\015_tert-butyl_acetate_experiment_beb_paired.csv,True,0.017543859649122806,0.029875418544617924,0.07350777951992295,1,3746,86f2d17c9bbe576f994fdbaabaa12fd8939a5bc89a60307d9fc017234a50b009,ambiguous_isomer_trace_quarantined
tert-butyl-acetate,tert-butyl acetate,C6H12O2,180.0,17.895425,16.43358332,0.89697636,curve_point,True,C2_figure_digitised_isomer_trace_ambiguous,${ARCHIVE_ROOT}\outputs\no_qec_priority_2026_07_31\ready15_esters_experiment_beb\paired_curves\015_tert-butyl_acetate_experiment_beb_paired.csv,True,0.017543859649122806,0.029875418544617924,0.08521808915149473,1,3747,980276ae87f39cf809e8e9a0bc0327171e267415f09eb6cb8639ea62f40b4b7e,ambiguous_isomer_trace_quarantined
tert-butyl-acetate,tert-butyl acetate,C6H12O2,185.0,17.895425,16.24310844,0.89697636,curve_point,True,C2_figure_digitised_isomer_trace_ambiguous,${ARCHIVE_ROOT}\outputs\no_qec_priority_2026_07_31\ready15_esters_experiment_beb\paired_curves\015_tert-butyl_acetate_experiment_beb_paired.csv,True,0.017543859649122806,0.029875418544617924,0.09687637076510687,1,3748,cd7a7e555a4ca9f5d2b91e6026463bac97f109e2d7c218476bb74dd9b2d1d5c2,ambiguous_isomer_trace_quarantined
tert-butyl-acetate,tert-butyl acetate,C6H12O2,190.0,17.895425,16.05582653,0.89697636,curve_point,True,C2_figure_digitised_isomer_trace_ambiguous,${ARCHIVE_ROOT}\outputs\no_qec_priority_2026_07_31\ready15_esters_experiment_beb\paired_curves\015_tert-butyl_acetate_experiment_beb_paired.csv,True,0.017543859649122806,0.029875418544617924,0.1084732862118255,1,3749,45cb0a610962e35d6c4fb33f57cbb5f7bd03653286b1d3b678d8011cbd57b661,ambiguous_isomer_trace_quarantined
tert-butyl-acetate,tert-butyl acetate,C6H12O2,195.0,17.895425,15.87180122,0.89697636,curve_point,True,C2_figure_digitised_isomer_trace_ambiguous,${ARCHIVE_ROOT}\outputs\no_qec_priority_2026_07_31\ready15_esters_experiment_beb\paired_curves\015_tert-butyl_acetate_experiment_beb_paired.csv,True,0.017543859649122806,0.029875418544617924,0.12000106706415146,1,3750,667a1518824580a6bc0d2ad674bfe730bb68ab83e6efee305190a27b65342d45,ambiguous_isomer_trace_quarantined
tert-butyl-acetate,tert-butyl acetate,C6H12O2,200.0,18.197712,15.69107093,0.9120542,curve_point,True,C2_figure_digitised_isomer_trace_ambiguous,${ARCHIVE_ROOT}\outputs\no_qec_priority_2026_07_31\ready15_esters_experiment_beb\paired_curves\015_tert-butyl_acetate_experiment_beb_paired.csv,True,0.017543859649122806,0.029876136284302406,0.14820405190189628,1,3751,4078ed8eaff4319f0cf64e5e82ce310c5343b73a1c94127a505556e7713283dd,ambiguous_isomer_trace_quarantined
tert-butyl-acetate,tert-butyl acetate,C6H12O2,205.0,18.5,15.5136533,0.92713323,curve_point,True,C2_figure_digitised_isomer_trace_ambiguous,${ARCHIVE_ROOT}\outputs\no_qec_priority_2026_07_31\ready15_esters_experiment_beb\paired_curves\015_tert-butyl_acetate_experiment_beb_paired.csv,True,0.017543859649122806,0.02987681963567063,0.1760502378223549,1,3752,001233a524d28041d39b4dcd001b802a59de738756a56e3d665ac2286f1b0acb,ambiguous_isomer_trace_quarantined
tert-butyl-acetate,tert-butyl acetate,C6H12O2,210.0,18.5,15.33954896,0.92713323,curve_point,False,C2_figure_digitised_isomer_trace_ambiguous,${ARCHIVE_ROOT}\outputs\no_qec_priority_2026_07_31\ready15_esters_experiment_beb\paired_curves\015_tert-butyl_acetate_experiment_beb_paired.csv,True,0.017543859649122806,0.011203807363376487,0.18733633944575998,1,3754,3d1a4e23272b9182ff06df523f6cc88aed834732f245a6493427136cc0e7c687,ambiguous_isomer_trace_quarantined
tert-butyl-acetate,tert-butyl acetate,C6H12O2,215.0,18.288399,15.1687446,0.91657779,curve_point,False,C2_figure_digitised_isomer_trace_ambiguous,${ARCHIVE_ROOT}\outputs\no_qec_priority_2026_07_31\ready15_esters_experiment_beb\paired_curves\015_tert-butyl_acetate_experiment_beb_paired.csv,True,0.017543859649122806,0.01120362941524033,0.1870298899021011,1,3755,f9278072a5f9be3160b61771660568ea163bb370c33cefa490300742b8419666,ambiguous_isomer_trace_quarantined
tert-butyl-acetate,tert-butyl acetate,C6H12O2,220.0,18.107026,15.00121554,0.90753072,curve_point,False,C2_figure_digitised_isomer_trace_ambiguous,${ARCHIVE_ROOT}\outputs\no_qec_priority_2026_07_31\ready15_esters_experiment_beb\paired_curves\015_tert-butyl_acetate_experiment_beb_paired.csv,True,0.017543859649122806,0.011203471793227289,0.18816880592726837,1,3756,f2eb8f667ccce88f5e53614ea17ba0b27d5b429d69164c8d4bc0f76220e189e8,ambiguous_isomer_trace_quarantined
tert-butyl-acetate,tert-butyl acetate,C6H12O2,225.0,17.895425,14.83692793,0.89697636,curve_point,False,C2_figure_digitised_isomer_trace_ambiguous,${ARCHIVE_ROOT}\outputs\no_qec_priority_2026_07_31\ready15_esters_experiment_beb\paired_curves\015_tert-butyl_acetate_experiment_beb_paired.csv,True,0.017543859649122806,0.011203281954231722,0.18742589008081906,1,3757,71f80ff005628c2c2bfc5a82227de16a80bbed01025e679ca14a437ab10ee6c7,ambiguous_isomer_trace_quarantined
tert-butyl-acetate,tert-butyl acetate,C6H12O2,230.0,17.593137,14.6758405,0.88189978,curve_point,False,C2_figure_digitised_isomer_trace_ambiguous,${ARCHIVE_ROOT}\outputs\no_qec_priority_2026_07_31\ready15_esters_experiment_beb\paired_curves\015_tert-butyl_acetate_experiment_beb_paired.csv,True,0.017543859649122806,0.011202998598017672,0.1813062444646443,1,3758,d28482d5b7536ae5045403ed5e9419dfd5aee58d5edf640b20418aa47c385b6c,ambiguous_isomer_trace_quarantined
tert-butyl-acetate,tert-butyl acetate,C6H12O2,235.0,17.29085,14.5179061,0.86682451,curve_point,False,C2_figure_digitised_isomer_trace_ambiguous,${ARCHIVE_ROOT}\outputs\no_qec_priority_2026_07_31\ready15_esters_experiment_beb\paired_curves\015_tert-butyl_acetate_experiment_beb_paired.csv,True,0.017543859649122806,0.011202700484987338,0.17479466884307207,1,3759,e6e405ac3319900c2128f1f9a20e4142d9f19c3f3f7fa84b5e2f5f12617d74db,ambiguous_isomer_trace_quarantined
tert-butyl-acetate,tert-butyl acetate,C6H12O2,240.0,17.018791,14.36307293,0.85325795,curve_point,False,C2_figure_digitised_isomer_trace_ambiguous,${ARCHIVE_ROOT}\outputs\no_qec_priority_2026_07_31\ready15_esters_experiment_beb\paired_curves\015_tert-butyl_acetate_experiment_beb_paired.csv,True,0.017543859649122806,0.011202418365519006,0.16965755347781658,1,3760,d6e53562d27ca1853104a24ff37ff7cbf642ed22670fcd0b1443eca39389b4da,ambiguous_isomer_trace_quarantined
tert-butyl-acetate,tert-butyl acetate,C6H12O2,245.0,16.776961,14.21128564,0.84119977,curve_point,False,C2_figure_digitised_isomer_trace_ambiguous,${ARCHIVE_ROOT}\outputs\no_qec_priority_2026_07_31\ready15_esters_experiment_beb\paired_curves\015_tert-butyl_acetate_experiment_beb_paired.csv,True,0.017543859649122806,0.011202156049765405,0.16597016384416793,1,3761,0607c6ced4b8b46643701fdfbac454e7418cec5bc113e171417932ea206fd395,ambiguous_isomer_trace_quarantined
tert-butyl-acetate,tert-butyl acetate,C6H12O2,250.0,16.746732,14.06248615,0.83969257,curve_point,False,C2_figure_digitised_isomer_trace_ambiguous,${ARCHIVE_ROOT}\outputs\no_qec_priority_2026_07_31\ready15_esters_experiment_beb\paired_curves\015_tert-butyl_acetate_experiment_beb_paired.csv,True,0.017543859649122806,0.01120212238977459,0.1746924396828441,1,3762,c705c400e022fa2e56a60f9508da705fdef26189d97aa3729e7f79781b630216,ambiguous_isomer_trace_quarantined
tert-butyl-acetate,tert-butyl acetate,C6H12O2,255.0,16.656046,13.91661442,0.83517104,curve_point,False,C2_figure_digitised_isomer_trace_ambiguous,${ARCHIVE_ROOT}\outputs\no_qec_priority_2026_07_31\ready15_esters_experiment_beb\paired_curves\015_tert-butyl_acetate_experiment_beb_paired.csv,True,0.017543859649122806,0.011202020596707324,0.17968986526612005,1,3763,da5935d78324bdda9c022fe43dcc10b8e6bb0e92d33c51be37cb5fc580a4754d,ambiguous_isomer_trace_quarantined
tert-butyl-acetate,tert-butyl acetate,C6H12O2,260.0,16.474673,13.77360907,0.82612842,curve_point,False,C2_figure_digitised_isomer_trace_ambiguous,${ARCHIVE_ROOT}\outputs\no_qec_priority_2026_07_31\ready15_esters_experiment_beb\paired_curves\015_tert-butyl_acetate_experiment_beb_paired.csv,True,0.017543859649122806,0.01120181166867823,0.17906985695062366,1,3764,ffbe63041fa4d0b967df6c60963fd4ccacc9a38f6345b0f076b585a2ef795445,ambiguous_isomer_trace_quarantined
tert-butyl-acetate,tert-butyl acetate,C6H12O2,265.0,16.232843,13.63340787,0.81407249,curve_point,False,C2_figure_digitised_isomer_trace_ambiguous,${ARCHIVE_ROOT}\outputs\no_qec_priority_2026_07_31\ready15_esters_experiment_beb\paired_curves\015_tert-butyl_acetate_experiment_beb_paired.csv,True,0.017543859649122806,0.011201522294662416,0.17451329402257004,1,3765,315f85fcb33b1b13f319b48e804e699cd2faa6025e2361a3708c29ea58c21941,ambiguous_isomer_trace_quarantined
tert-butyl-acetate,tert-butyl acetate,C6H12O2,270.0,16.021242,13.49594819,0.80352442,curve_point,False,C2_figure_digitised_isomer_trace_ambiguous,${ARCHIVE_ROOT}\outputs\no_qec_priority_2026_07_31\ready15_esters_experiment_beb\paired_curves\015_tert-butyl_acetate_experiment_beb_paired.csv,True,0.017543859649122806,0.01120125836780272,0.1715259604038894,1,3766,c33647a05dee70ac31474f5fed5dd53dd0fb529778e1767d1cd3846ea6564184,ambiguous_isomer_trace_quarantined
tert-butyl-acetate,tert-butyl acetate,C6H12O2,275.0,15.991013,13.36116733,0.80201762,curve_point,False,C2_figure_digitised_isomer_trace_ambiguous,${ARCHIVE_ROOT}\outputs\no_qec_priority_2026_07_31\ready15_esters_experiment_beb\paired_curves\015_tert-butyl_acetate_experiment_beb_paired.csv,True,0.017543859649122806,0.011201219754653033,0.17967433764273635,1,3767,e0a76eee500a3371e6f80b2bf2495a27aad0e73d9d6cad8bff39d44afc88a66b,ambiguous_isomer_trace_quarantined
tert-butyl-acetate,tert-butyl acetate,C6H12O2,280.0,15.839869,13.22900282,0.7944839,curve_point,False,C2_figure_digitised_isomer_trace_ambiguous,${ARCHIVE_ROOT}\outputs\no_qec_priority_2026_07_31\ready15_esters_experiment_beb\paired_curves\015_tert-butyl_acetate_experiment_beb_paired.csv,True,0.017543859649122806,0.01120102351158327,0.18011851350180114,1,3768,697400b0c9c2853081518ce702e5029a5e712bac19488d1c9a9860e90523abd6,ambiguous_isomer_trace_quarantined
tert-butyl-acetate,tert-butyl acetate,C6H12O2,285.0,15.779412,13.09939267,0.79147054,curve_point,False,C2_figure_digitised_isomer_trace_ambiguous,${ARCHIVE_ROOT}\outputs\no_qec_priority_2026_07_31\ready15_esters_experiment_beb\paired_curves\015_tert-butyl_acetate_experiment_beb_paired.csv,True,0.017543859649122806,0.011200943548232027,0.18614018430235882,1,3769,e2392fc14ac019552784664a141ad7d5bc5dfc661907fb7ddb7ba729f84547ab,ambiguous_isomer_trace_quarantined
water,water,H2O,20.102,0.316832,0.515387,,curve_point,True,NIST_strict_numeric,${ARCHIVE_ROOT}\nist_strict_usable_numeric_pairs_2026_07_30\paired_numeric\030_H2O_BEB_vs_experiment.csv,True,0.013333333333333334,0.013333333333333334,-0.48654640983238434,4,3814,fd66d4a7308cd65e9fc9c3c84af41f43fbf323ef5442a37a96834fff8697bc61,NIST_exp_5_is_theory_not_experiment
water,water,H2O,30.3427,1.06931,1.28085,,curve_point,True,NIST_strict_numeric,${ARCHIVE_ROOT}\nist_strict_usable_numeric_pairs_2026_07_30\paired_numeric\030_H2O_BEB_vs_experiment.csv,True,0.013333333333333334,0.013333333333333334,-0.18051033939037672,4,3822,3edc8408366ee7b5a97b2606c135ce5713850f08051fa2182bf89f488e82cc2d,NIST_exp_5_is_theory_not_experiment
water,water,H2O,50.5861,1.90099,2.01637,0.019802,curve_point,True,NIST_strict_numeric,${ARCHIVE_ROOT}\nist_strict_usable_numeric_pairs_2026_07_30\paired_numeric\030_H2O_BEB_vs_experiment.csv,True,0.013333333333333334,0.026467230255152217,-0.05892406201207621,4,3836,f45841e6e481f3e554a627ecb0ab03cf83c923f7f6a961c21f75e955f91cd5bc,NIST_exp_5_is_theory_not_experiment
water,water,H2O,70.1212,2.11881,2.27573,,curve_point,True,NIST_strict_numeric,${ARCHIVE_ROOT}\nist_strict_usable_numeric_pairs_2026_07_30\paired_numeric\030_H2O_BEB_vs_experiment.csv,True,0.013333333333333334,0.013333333333333334,-0.07144626972336747,4,3844,70ae88ec751eacfe3a69546291445abe039ad5505cae7ef0d194617f9c8a724b,NIST_exp_5_is_theory_not_experiment
water,water,H2O,100.0,2.13861,2.348,,curve_point,False,NIST_strict_numeric,${ARCHIVE_ROOT}\nist_strict_usable_numeric_pairs_2026_07_30\paired_numeric\030_H2O_BEB_vs_experiment.csv,True,0.013333333333333334,0.005,-0.09340781668013008,4,3857,07761790171a122b9de8d1a8c2e91e527ba16d79919804af75fd542b3cd1857f,NIST_exp_5_is_theory_not_experiment
water,water,H2O,150.944,1.9604,2.21151,,curve_point,False,NIST_strict_numeric,${ARCHIVE_ROOT}\nist_strict_usable_numeric_pairs_2026_07_30\paired_numeric\030_H2O_BEB_vs_experiment.csv,True,0.013333333333333334,0.005,-0.12052700608053646,4,3868,7083526bb688a7073be50d63f002a86db687f414907defeb667b34c4aaafa322,NIST_exp_5_is_theory_not_experiment
water,water,H2O,200.509,1.74257,2.02417,,curve_point,False,NIST_strict_numeric,${ARCHIVE_ROOT}\nist_strict_usable_numeric_pairs_2026_07_30\paired_numeric\030_H2O_BEB_vs_experiment.csv,True,0.013333333333333334,0.005,-0.14979870498085263,4,3876,092a18c329728c04ec621d06e626464fea8c42fd727329a24faedf0be47ea3a9,NIST_exp_5_is_theory_not_experiment
