identity_key,molecule_name,formula,current_status,experimental_label_type,experimental_value_or_points,experimental_source_doi_or_url,beb_source_type,beb_path_or_locator,qec_required,source_group,audit_note,training_observations,label_types_used,evidence_labels_used,training_source_files,cv_fold,included_in_final_ml
1-3-butadiene,"1,3-butadiene",C4H6,READY_NUMERIC_EXPERIMENT_PLUS_BEB,experimental_fixed_or_sparse_points,2,10.1021/acs.jpca.0c06308,NIST_SRD107_numeric_BEB,${ARCHIVE_ROOT}\outputs\no_qec_priority_2026_07_31\nist_beb_expansion_2026_07_31\trans_butadiene_C4H6_NIST_BEB.csv,False,NIST_new8,"2026-09-06 source audit: provenance reconstructed from the actual frozen training input files, with original experiment citations and acquisition carriers distinguished where recovered. This audit verifies source metadata, not independent re-digitisation of every numerical value. See source_completeness_status for unresolved source limitations. Earlier identity-level claims are retained separately as legacy metadata, not current verification.",2,fixed_70_75eV | fixed_energy_numeric,published_fixed_energy_ALeCS | strict_incremental_numeric,${ARCHIVE_ROOT}\outputs\alecs_bose396_match_2026_08_01\approved_same_identity_11\approved_11_manifest.csv | ${ARCHIVE_ROOT}\outputs\no_qec_priority_2026_07_31\new25_incremental_identity_ledger_2026_08_01.csv,2,True
1-4-5-6-tetrahydropyrimidine,"1,4,5,6-tetrahydropyrimidine",C4H8N2,READY_NUMERIC_EXPERIMENT_PLUS_BEB,experimental_peak_height,1,10.1039/C4CP00490F,QEC_new32_exact_manifest,new32_qec_beb_successful30_2026_07_30.tar.gz::C4H8N2_cc-pVDZ_SE_HFSCF_10_2026-07-30T16-35-26/results/beb_xsec.dat,False,Bull2014_new_strict_identity,"2026-09-06 source audit: provenance reconstructed from the actual frozen training input files, with original experiment citations and acquisition carriers distinguished where recovered. This audit verifies source metadata, not independent re-digitisation of every numerical value. See source_completeness_status for unresolved source limitations. Earlier identity-level claims are retained separately as legacy metadata, not current verification.",1,peak_height_numeric,published_numeric_peak,${ARCHIVE_ROOT}\outputs\no_qec_priority_2026_07_31\bull2014_peak15_strict_pairs_2026_07_31.csv,1,True
1-butanol,n-Butanol,C4H10O,READY_NUMERIC_EXPERIMENT_PLUS_BEB,experimental_fixed_or_sparse_points;experimental_peak_height,2,10.1039/B304456D | 10.1021/jp210294p | 10.1021/acs.jpca.0c06308 | https://repository.lib.ncsu.edu/bitstreams/e76df401-02d2-4db1-903b-dad1b9e89fe0/download | https://pubs.acs.org/doi/10.1021/acs.jpca.0c06308,published_numeric_BEB,${ARCHIVE_ROOT}\existing_beb_150_checkpoint_2026_07_30\beb_numeric\009_1-butanol_BEB.csv,False,unified119,"2026-09-06 source audit: provenance reconstructed from the actual frozen training input files, with original experiment citations and acquisition carriers distinguished where recovered. This audit verifies source metadata, not independent re-digitisation of every numerical value. See source_completeness_status for unresolved source limitations. Earlier identity-level claims are retained separately as legacy metadata, not current verification.",2,fixed_70_75eV | peak_height,published_fixed_energy | published_numeric_peak,${ARCHIVE_ROOT}\outputs\no_qec_priority_2026_07_31\agent_no_qec_immediate_numeric_peak_labels_50.csv | ${ARCHIVE_ROOT}\outputs\no_qec_priority_2026_07_31\ready100_fixed_energy_with_existing_beb_no_qec.csv,3,True
1-butene,1-butene,C4H8,READY_NUMERIC_EXPERIMENT_PLUS_BEB,experimental_fixed_or_sparse_points,1,10.1021/acs.jpca.0c06308,NIST_SRD107_numeric_BEB,${ARCHIVE_ROOT}\outputs\no_qec_priority_2026_07_31\nist_beb_expansion_2026_07_31\1_butene_C4H8_NIST_BEB.csv,False,NIST_new8,"2026-09-06 source audit: provenance reconstructed from the actual frozen training input files, with original experiment citations and acquisition carriers distinguished where recovered. This audit verifies source metadata, not independent re-digitisation of every numerical value. See source_completeness_status for unresolved source limitations. Earlier identity-level claims are retained separately as legacy metadata, not current verification.",1,fixed_energy_numeric,strict_incremental_numeric,${ARCHIVE_ROOT}\outputs\no_qec_priority_2026_07_31\new25_incremental_identity_ledger_2026_08_01.csv,2,True
1-heptene,1-heptene,C7H14,READY_NUMERIC_EXPERIMENT_PLUS_BEB,experimental_fixed_or_sparse_points,1,10.1021/acs.jpca.0c06308,Binary-Encounter-Bethe,${ARCHIVE_ROOT}\outputs\no_qec_priority_2026_07_31\irikura2017_new3_published_numeric_beb_70eV.csv::IRIKURA_BEB70_001,False,Irikura_Bose_new3,"2026-09-06 source audit: provenance reconstructed from the actual frozen training input files, with original experiment citations and acquisition carriers distinguished where recovered. This audit verifies source metadata, not independent re-digitisation of every numerical value. See source_completeness_status for unresolved source limitations. Earlier identity-level claims are retained separately as legacy metadata, not current verification.",1,fixed_energy_numeric,strict_incremental_numeric,${ARCHIVE_ROOT}\outputs\no_qec_priority_2026_07_31\new25_incremental_identity_ledger_2026_08_01.csv,1,True
1-hexene,1-hexene,C6H12,READY_NUMERIC_EXPERIMENT_PLUS_BEB,experimental_fixed_or_sparse_points,2,10.1021/acs.jpca.0c06308,published_numeric_BEB_70eV,${ARCHIVE_ROOT}\outputs\no_qec_priority_2026_07_31\irikura2017_1hexene_published_numeric_beb_70eV.csv::IRIKURA_BEB70_1HEXENE,False,Irikura_Bose_1hexene;ALeCS_Bose_structure_checked,"2026-09-06 source audit: provenance reconstructed from the actual frozen training input files, with original experiment citations and acquisition carriers distinguished where recovered. This audit verifies source metadata, not independent re-digitisation of every numerical value. See source_completeness_status for unresolved source limitations. Earlier identity-level claims are retained separately as legacy metadata, not current verification.",2,fixed_70_75eV | fixed_energy_numeric,published_fixed_energy_ALeCS | strict_incremental_numeric,${ARCHIVE_ROOT}\outputs\alecs_bose396_match_2026_08_01\approved_same_identity_11\approved_11_manifest.csv | ${ARCHIVE_ROOT}\outputs\no_qec_priority_2026_07_31\new25_incremental_identity_ledger_2026_08_01.csv,1,True
1-propanol,1-propanol,C3H8O,READY_NUMERIC_EXPERIMENT_PLUS_BEB,experimental_fixed_or_sparse_points,1,10.1021/acs.jpca.0c06308 | https://repository.lib.ncsu.edu/bitstreams/e76df401-02d2-4db1-903b-dad1b9e89fe0/download | https://pubs.acs.org/doi/10.1021/acs.jpca.0c06308,QEC_old45_exact_XYZ_reaudited,${PROJECT_ROOT}\data\qec_results\incoming_2026_07_27\audit_all45_complete_2026_07_27_extracted\results\C3H8O_cc-pVDZ_SE_HFSCF_10_2026-07-23T21-10-07\results\beb_xsec.dat,False,unified119;Bull2012_numeric_peak32,"2026-09-06 source audit: provenance reconstructed from the actual frozen training input files, with original experiment citations and acquisition carriers distinguished where recovered. This audit verifies source metadata, not independent re-digitisation of every numerical value. See source_completeness_status for unresolved source limitations. Earlier identity-level claims are retained separately as legacy metadata, not current verification.",1,fixed_70_75eV,published_fixed_energy,${ARCHIVE_ROOT}\outputs\no_qec_priority_2026_07_31\ready100_fixed_energy_with_existing_beb_no_qec.csv,2,True
2-butanol,sec-Butanol,C4H10O,READY_NUMERIC_EXPERIMENT_PLUS_BEB,experimental_curve_points;experimental_fixed_or_sparse_points;experimental_peak_height,23,10.1039/B304456D | 10.1021/jp210294p | 10.1021/acs.jpca.0c06308 | https://repository.lib.ncsu.edu/bitstreams/e76df401-02d2-4db1-903b-dad1b9e89fe0/download | https://pubs.acs.org/doi/10.1021/acs.jpca.0c06308,published_numeric_BEB,${ARCHIVE_ROOT}\existing_beb_150_checkpoint_2026_07_30\beb_numeric\011_2-butanol_BEB.csv,False,unified119;Hudson_2butanol_21points,"2026-09-06 source audit: provenance reconstructed from the actual frozen training input files, with original experiment citations and acquisition carriers distinguished where recovered. This audit verifies source metadata, not independent re-digitisation of every numerical value. See source_completeness_status for unresolved source limitations. Earlier identity-level claims are retained separately as legacy metadata, not current verification.",23,curve_point | fixed_70_75eV | peak_height,published_fixed_energy | published_numeric_curve | published_numeric_peak,${ARCHIVE_ROOT}\outputs\no_qec_priority_2026_07_31\agent_2butanol_hudson2003_strict_numeric_pairs.csv | ${ARCHIVE_ROOT}\outputs\no_qec_priority_2026_07_31\agent_no_qec_immediate_numeric_peak_labels_50.csv | ${ARCHIVE_ROOT}\outputs\no_qec_priority_2026_07_31\ready100_fixed_energy_with_existing_beb_no_qec.csv,3,True
2-butanone,methyl ethyl ketone,C4H8O,READY_NUMERIC_EXPERIMENT_PLUS_BEB,experimental_curve_points;experimental_fixed_or_sparse_points;experimental_peak_height,57,10.1016/j.ijms.2008.03.003 | 10.1021/jp210294p | https://pubs.acs.org/doi/10.1021/jp210294p | 10.1021/acs.jpca.0c06308 | https://repository.lib.ncsu.edu/bitstreams/e76df401-02d2-4db1-903b-dad1b9e89fe0/download | https://pubs.acs.org/doi/10.1021/acs.jpca.0c06308,QEC_core17_authoritative,qec_first18_results_2026_07_24.tar.gz::results/C4H8O_cc-pVDZ_SE_HFSCF_10_2026-07-23T21-17-59/results/beb_xsec.dat,False,unified119;Bull2012_numeric_peak32,"2026-09-06 source audit: provenance reconstructed from the actual frozen training input files, with original experiment citations and acquisition carriers distinguished where recovered. This audit verifies source metadata, not independent re-digitisation of every numerical value. See source_completeness_status for unresolved source limitations. Earlier identity-level claims are retained separately as legacy metadata, not current verification.",57,curve_point | fixed_70_75eV | peak_height,A_table | published_fixed_energy | published_numeric_peak,${ARCHIVE_ROOT}\outputs\no_qec_priority_2026_07_31\agent_bull2012_peak32.csv | ${ARCHIVE_ROOT}\outputs\no_qec_priority_2026_07_31\ready100_fixed_energy_with_existing_beb_no_qec.csv | ${PROJECT_ROOT}\data\processed\qec_low_energy_priority_curve_points_2026_07_26.csv,3,True
2-chlorobutane,2-chlorobutane,C4H9Cl,READY_NUMERIC_EXPERIMENT_PLUS_BEB,experimental_peak_height,1,10.1088/0953-4075/34/15/309,published_raw_uncorrected_BEB_peak,${ARCHIVE_ROOT}\outputs\no_qec_priority_2026_07_31\bart_hudson2001_new6_strict_peak_pairs_2026_08_02.csv,False,Bart_Hudson_2001_new6,"2026-09-06 source audit: provenance reconstructed from the actual frozen training input files, with original experiment citations and acquisition carriers distinguished where recovered. This audit verifies source metadata, not independent re-digitisation of every numerical value. See source_completeness_status for unresolved source limitations. Earlier identity-level claims are retained separately as legacy metadata, not current verification.",1,peak_height_numeric,published_raw_BEB_peak_pair,${ARCHIVE_ROOT}\outputs\no_qec_priority_2026_07_31\bart_hudson2001_new6_strict_peak_pairs_2026_08_02.csv,3,True
2-hexanone,methyl butyl ketone,C6H12O,READY_NUMERIC_EXPERIMENT_PLUS_BEB,experimental_curve_points;experimental_fixed_or_sparse_points;experimental_peak_height,57,10.1016/j.ijms.2008.03.003 | 10.1021/jp210294p | https://pubs.acs.org/doi/10.1021/jp210294p | 10.1021/acs.jpca.0c06308 | https://repository.lib.ncsu.edu/bitstreams/e76df401-02d2-4db1-903b-dad1b9e89fe0/download | https://pubs.acs.org/doi/10.1021/acs.jpca.0c06308,QEC_core17_authoritative,qec_first18_results_2026_07_24.tar.gz::results/C6H12O_cc-pVDZ_SE_HFSCF_10_2026-07-23T22-04-31/results/beb_xsec.dat,False,unified119;Bull2012_numeric_peak32,"2026-09-06 source audit: provenance reconstructed from the actual frozen training input files, with original experiment citations and acquisition carriers distinguished where recovered. This audit verifies source metadata, not independent re-digitisation of every numerical value. See source_completeness_status for unresolved source limitations. Earlier identity-level claims are retained separately as legacy metadata, not current verification.",57,curve_point | fixed_70_75eV | peak_height,A_table | published_fixed_energy | published_numeric_peak,${ARCHIVE_ROOT}\outputs\no_qec_priority_2026_07_31\agent_bull2012_peak32.csv | ${ARCHIVE_ROOT}\outputs\no_qec_priority_2026_07_31\ready100_fixed_energy_with_existing_beb_no_qec.csv | ${PROJECT_ROOT}\data\processed\qec_low_energy_priority_curve_points_2026_07_26.csv,0,True
2-methyl-1-propanol,iso-Butanol,C4H10O,READY_NUMERIC_EXPERIMENT_PLUS_BEB,experimental_fixed_or_sparse_points;experimental_peak_height,2,10.1039/B304456D | 10.1021/jp210294p | 10.1021/acs.jpca.0c06308 | https://repository.lib.ncsu.edu/bitstreams/e76df401-02d2-4db1-903b-dad1b9e89fe0/download | https://pubs.acs.org/doi/10.1021/acs.jpca.0c06308,published_numeric_BEB,${ARCHIVE_ROOT}\existing_beb_150_checkpoint_2026_07_30\beb_numeric\013_2-methyl-1-propanol_BEB.csv,False,unified119,"2026-09-06 source audit: provenance reconstructed from the actual frozen training input files, with original experiment citations and acquisition carriers distinguished where recovered. This audit verifies source metadata, not independent re-digitisation of every numerical value. See source_completeness_status for unresolved source limitations. Earlier identity-level claims are retained separately as legacy metadata, not current verification.",2,fixed_70_75eV | peak_height,published_fixed_energy | published_numeric_peak,${ARCHIVE_ROOT}\outputs\no_qec_priority_2026_07_31\agent_no_qec_immediate_numeric_peak_labels_50.csv | ${ARCHIVE_ROOT}\outputs\no_qec_priority_2026_07_31\ready100_fixed_energy_with_existing_beb_no_qec.csv,2,True
2-methyltetrahydrofuran,2-methyl-tetrahydrofuran,C5H10O,READY_NUMERIC_EXPERIMENT_PLUS_BEB,experimental_fixed_or_sparse_points,1,10.1021/acs.jpca.0c06308 | https://repository.lib.ncsu.edu/bitstreams/e76df401-02d2-4db1-903b-dad1b9e89fe0/download | https://pubs.acs.org/doi/10.1021/acs.jpca.0c06308,QEC_new32_exact_manifest,new32_qec_beb_successful30_2026_07_30.tar.gz::C5H10O_cc-pVDZ_SE_HFSCF_10_2026-07-30T17-23-59/results/beb_xsec.dat,False,unified119,"2026-09-06 source audit: provenance reconstructed from the actual frozen training input files, with original experiment citations and acquisition carriers distinguished where recovered. This audit verifies source metadata, not independent re-digitisation of every numerical value. See source_completeness_status for unresolved source limitations. Earlier identity-level claims are retained separately as legacy metadata, not current verification.",1,fixed_70_75eV,published_fixed_energy,${ARCHIVE_ROOT}\outputs\no_qec_priority_2026_07_31\ready100_fixed_energy_with_existing_beb_no_qec.csv,4,True
2-pentanone,methyl propyl ketone,C5H10O,READY_NUMERIC_EXPERIMENT_PLUS_BEB,experimental_curve_points;experimental_peak_height,56,10.1016/j.ijms.2008.03.003 | 10.1021/jp210294p | https://pubs.acs.org/doi/10.1021/jp210294p,QEC_core17_authoritative,qec_first18_results_2026_07_24.tar.gz::results/C5H10O_cc-pVDZ_SE_HFSCF_10_2026-07-23T23-21-55/results/beb_xsec.dat,False,unified119;Bull2012_numeric_peak32,"2026-09-06 source audit: provenance reconstructed from the actual frozen training input files, with original experiment citations and acquisition carriers distinguished where recovered. This audit verifies source metadata, not independent re-digitisation of every numerical value. See source_completeness_status for unresolved source limitations. Earlier identity-level claims are retained separately as legacy metadata, not current verification.",56,curve_point | peak_height,A_table | published_numeric_peak,${ARCHIVE_ROOT}\outputs\no_qec_priority_2026_07_31\agent_bull2012_peak32.csv | ${PROJECT_ROOT}\data\processed\qec_low_energy_priority_curve_points_2026_07_26.csv,4,True
2-propanol,iso-Propanol,C3H8O,READY_NUMERIC_EXPERIMENT_PLUS_BEB,experimental_fixed_or_sparse_points;experimental_peak_height,2,10.1039/B304456D | 10.1021/jp210294p | 10.1021/acs.jpca.0c06308 | https://repository.lib.ncsu.edu/bitstreams/e76df401-02d2-4db1-903b-dad1b9e89fe0/download | https://pubs.acs.org/doi/10.1021/acs.jpca.0c06308,published_numeric_BEB,${ARCHIVE_ROOT}\existing_beb_150_checkpoint_2026_07_30\beb_numeric\007_2-propanol_BEB.csv,False,unified119,"2026-09-06 source audit: provenance reconstructed from the actual frozen training input files, with original experiment citations and acquisition carriers distinguished where recovered. This audit verifies source metadata, not independent re-digitisation of every numerical value. See source_completeness_status for unresolved source limitations. Earlier identity-level claims are retained separately as legacy metadata, not current verification.",2,fixed_70_75eV | peak_height,published_fixed_energy | published_numeric_peak,${ARCHIVE_ROOT}\outputs\no_qec_priority_2026_07_31\agent_no_qec_immediate_numeric_peak_labels_50.csv | ${ARCHIVE_ROOT}\outputs\no_qec_priority_2026_07_31\ready100_fixed_energy_with_existing_beb_no_qec.csv,3,True
3-hexanone,ethyl propyl ketone,C6H12O,READY_NUMERIC_EXPERIMENT_PLUS_BEB,experimental_curve_points;experimental_fixed_or_sparse_points;experimental_peak_height,57,10.1016/j.ijms.2008.03.003 | 10.1021/jp210294p | https://pubs.acs.org/doi/10.1021/jp210294p | 10.1021/acs.jpca.0c06308 | https://repository.lib.ncsu.edu/bitstreams/e76df401-02d2-4db1-903b-dad1b9e89fe0/download | https://pubs.acs.org/doi/10.1021/acs.jpca.0c06308,QEC_core17_authoritative,qec_first18_results_2026_07_24.tar.gz::results/C6H12O_cc-pVDZ_SE_HFSCF_10_2026-07-23T21-55-14/results/beb_xsec.dat,False,unified119;Bull2012_numeric_peak32,"2026-09-06 source audit: provenance reconstructed from the actual frozen training input files, with original experiment citations and acquisition carriers distinguished where recovered. This audit verifies source metadata, not independent re-digitisation of every numerical value. See source_completeness_status for unresolved source limitations. Earlier identity-level claims are retained separately as legacy metadata, not current verification.",57,curve_point | fixed_70_75eV | peak_height,A_table | published_fixed_energy | published_numeric_peak,${ARCHIVE_ROOT}\outputs\no_qec_priority_2026_07_31\agent_bull2012_peak32.csv | ${ARCHIVE_ROOT}\outputs\no_qec_priority_2026_07_31\ready100_fixed_energy_with_existing_beb_no_qec.csv | ${PROJECT_ROOT}\data\processed\qec_low_energy_priority_curve_points_2026_07_26.csv,2,True
3-methyl-2-butanone,methyl isopropyl ketone,C5H10O,READY_NUMERIC_EXPERIMENT_PLUS_BEB,experimental_curve_points;experimental_fixed_or_sparse_points;experimental_peak_height,57,10.1016/j.ijms.2008.03.003 | 10.1021/jp210294p | https://pubs.acs.org/doi/10.1021/jp210294p | 10.1021/acs.jpca.0c06308 | https://repository.lib.ncsu.edu/bitstreams/e76df401-02d2-4db1-903b-dad1b9e89fe0/download | https://pubs.acs.org/doi/10.1021/acs.jpca.0c06308,QEC_core17_authoritative,qec_first18_results_2026_07_24.tar.gz::results/C5H10O_cc-pVDZ_SE_HFSCF_10_2026-07-23T23-11-49/results/beb_xsec.dat,False,unified119;Bull2012_numeric_peak32,"2026-09-06 source audit: provenance reconstructed from the actual frozen training input files, with original experiment citations and acquisition carriers distinguished where recovered. This audit verifies source metadata, not independent re-digitisation of every numerical value. See source_completeness_status for unresolved source limitations. Earlier identity-level claims are retained separately as legacy metadata, not current verification.",57,curve_point | fixed_70_75eV | peak_height,A_table | published_fixed_energy | published_numeric_peak,${ARCHIVE_ROOT}\outputs\no_qec_priority_2026_07_31\agent_bull2012_peak32.csv | ${ARCHIVE_ROOT}\outputs\no_qec_priority_2026_07_31\ready100_fixed_energy_with_existing_beb_no_qec.csv | ${PROJECT_ROOT}\data\processed\qec_low_energy_priority_curve_points_2026_07_26.csv,1,True
3-methyl-2-pentanone,methyl sec-butyl ketone,C6H12O,READY_NUMERIC_EXPERIMENT_PLUS_BEB,experimental_curve_points;experimental_fixed_or_sparse_points;experimental_peak_height,57,10.1016/j.ijms.2008.03.003 | 10.1021/jp210294p | https://pubs.acs.org/doi/10.1021/jp210294p | 10.1021/acs.jpca.0c06308 | https://repository.lib.ncsu.edu/bitstreams/e76df401-02d2-4db1-903b-dad1b9e89fe0/download | https://pubs.acs.org/doi/10.1021/acs.jpca.0c06308,QEC_core17_authoritative,qec_first18_results_2026_07_24.tar.gz::results/C6H12O_cc-pVDZ_SE_HFSCF_10_2026-07-23T23-29-22/results/beb_xsec.dat,False,unified119;Bull2012_numeric_peak32,"2026-09-06 source audit: provenance reconstructed from the actual frozen training input files, with original experiment citations and acquisition carriers distinguished where recovered. This audit verifies source metadata, not independent re-digitisation of every numerical value. See source_completeness_status for unresolved source limitations. Earlier identity-level claims are retained separately as legacy metadata, not current verification.",57,curve_point | fixed_70_75eV | peak_height,A_table | published_fixed_energy | published_numeric_peak,${ARCHIVE_ROOT}\outputs\no_qec_priority_2026_07_31\agent_bull2012_peak32.csv | ${ARCHIVE_ROOT}\outputs\no_qec_priority_2026_07_31\ready100_fixed_energy_with_existing_beb_no_qec.csv | ${PROJECT_ROOT}\data\processed\qec_low_energy_priority_curve_points_2026_07_26.csv,4,True
3-pentanone,diethyl ketone,C5H10O,READY_NUMERIC_EXPERIMENT_PLUS_BEB,experimental_curve_points;experimental_fixed_or_sparse_points;experimental_peak_height,57,10.1016/j.ijms.2008.03.003 | 10.1021/jp210294p | https://pubs.acs.org/doi/10.1021/jp210294p | 10.1021/acs.jpca.0c06308 | https://repository.lib.ncsu.edu/bitstreams/e76df401-02d2-4db1-903b-dad1b9e89fe0/download | https://pubs.acs.org/doi/10.1021/acs.jpca.0c06308,QEC_core17_authoritative,qec_first18_results_2026_07_24.tar.gz::results/C5H10O_cc-pVDZ_SE_HFSCF_10_2026-07-23T21-36-17/results/beb_xsec.dat,False,unified119;Bull2012_numeric_peak32,"2026-09-06 source audit: provenance reconstructed from the actual frozen training input files, with original experiment citations and acquisition carriers distinguished where recovered. This audit verifies source metadata, not independent re-digitisation of every numerical value. See source_completeness_status for unresolved source limitations. Earlier identity-level claims are retained separately as legacy metadata, not current verification.",57,curve_point | fixed_70_75eV | peak_height,A_table | published_fixed_energy | published_numeric_peak,${ARCHIVE_ROOT}\outputs\no_qec_priority_2026_07_31\agent_bull2012_peak32.csv | ${ARCHIVE_ROOT}\outputs\no_qec_priority_2026_07_31\ready100_fixed_energy_with_existing_beb_no_qec.csv | ${PROJECT_ROOT}\data\processed\qec_low_energy_priority_curve_points_2026_07_26.csv,3,True
4-methyl-2-pentanone,methyl iso-butyl ketone,C6H12O,READY_NUMERIC_EXPERIMENT_PLUS_BEB,experimental_curve_points;experimental_fixed_or_sparse_points;experimental_peak_height,57,10.1016/j.ijms.2008.03.003 | 10.1021/jp210294p | https://pubs.acs.org/doi/10.1021/jp210294p | 10.1021/acs.jpca.0c06308 | https://repository.lib.ncsu.edu/bitstreams/e76df401-02d2-4db1-903b-dad1b9e89fe0/download | https://pubs.acs.org/doi/10.1021/acs.jpca.0c06308,QEC_core17_authoritative,qec_first18_results_2026_07_24.tar.gz::results/C6H12O_cc-pVDZ_SE_HFSCF_10_2026-07-23T22-21-06/results/beb_xsec.dat,False,unified119;Bull2012_numeric_peak32,"2026-09-06 source audit: provenance reconstructed from the actual frozen training input files, with original experiment citations and acquisition carriers distinguished where recovered. This audit verifies source metadata, not independent re-digitisation of every numerical value. See source_completeness_status for unresolved source limitations. Earlier identity-level claims are retained separately as legacy metadata, not current verification.",57,curve_point | fixed_70_75eV | peak_height,A_table | published_fixed_energy | published_numeric_peak,${ARCHIVE_ROOT}\outputs\no_qec_priority_2026_07_31\agent_bull2012_peak32.csv | ${ARCHIVE_ROOT}\outputs\no_qec_priority_2026_07_31\ready100_fixed_energy_with_existing_beb_no_qec.csv | ${PROJECT_ROOT}\data\processed\qec_low_energy_priority_curve_points_2026_07_26.csv,0,True
acetaldehyde,acetaldehyde,C2H4O,READY_NUMERIC_EXPERIMENT_PLUS_BEB,experimental_fixed_or_sparse_points,1,10.1021/acs.jpca.0c06308,QEC_core17_authoritative,qec_first18_results_2026_07_24.tar.gz::results/C2H4O_cc-pVDZ_SE_HFSCF_10_2026-07-23T21-18-44/results/beb_xsec.dat,False,unified119;Bull2012_numeric_peak32,"2026-09-06 source audit: provenance reconstructed from the actual frozen training input files, with original experiment citations and acquisition carriers distinguished where recovered. This audit verifies source metadata, not independent re-digitisation of every numerical value. See source_completeness_status for unresolved source limitations. Earlier identity-level claims are retained separately as legacy metadata, not current verification.",1,fixed_70_75eV,published_fixed_energy_ALeCS,${ARCHIVE_ROOT}\outputs\alecs_bose396_match_2026_08_01\approved_ambiguous_identity_16\approved_16_manifest.csv,0,True
acetic-acid,Acetic acid,C2H4O2,READY_NUMERIC_EXPERIMENT_PLUS_BEB,experimental_fixed_or_sparse_points,1,10.1021/acs.jpca.0c06308,ALeCS_BEB_256_points,${ARCHIVE_ROOT}\outputs\alecs_bose396_match_2026_08_01\approved_ambiguous_identity_16\beb_curves_A2\008_acetic_acid_ALeCS_BEB_A2.csv,False,ALeCS_Bose_connectivity_resolved,"2026-09-06 source audit: provenance reconstructed from the actual frozen training input files, with original experiment citations and acquisition carriers distinguished where recovered. This audit verifies source metadata, not independent re-digitisation of every numerical value. See source_completeness_status for unresolved source limitations. Earlier identity-level claims are retained separately as legacy metadata, not current verification.",1,fixed_70_75eV,published_fixed_energy_ALeCS,${ARCHIVE_ROOT}\outputs\alecs_bose396_match_2026_08_01\approved_ambiguous_identity_16\approved_16_manifest.csv,1,True
acetone,acetone,C3H6O,READY_NUMERIC_EXPERIMENT_PLUS_BEB,experimental_fixed_or_sparse_points,1,10.1021/acs.jpca.0c06308,QEC_core17_authoritative,qec_first18_results_2026_07_24.tar.gz::results/C3H6O_cc-pVDZ_SE_HFSCF_10_2026-07-23T21-11-52/results/beb_xsec.dat,False,unified119;Bull2012_numeric_peak32,"2026-09-06 source audit: provenance reconstructed from the actual frozen training input files, with original experiment citations and acquisition carriers distinguished where recovered. This audit verifies source metadata, not independent re-digitisation of every numerical value. See source_completeness_status for unresolved source limitations. Earlier identity-level claims are retained separately as legacy metadata, not current verification.",1,fixed_70_75eV,published_fixed_energy_ALeCS,${ARCHIVE_ROOT}\outputs\alecs_bose396_match_2026_08_01\approved_ambiguous_identity_16\approved_16_manifest.csv,2,True
acetonitrile,acetonitrile,C2H3N,READY_NUMERIC_EXPERIMENT_PLUS_BEB,experimental_fixed_or_sparse_points,1,10.1021/acs.jpca.0c06308,published_numeric_BEB,${ARCHIVE_ROOT}\existing_beb_150_checkpoint_2026_07_30\beb_numeric\024_acetonitrile_BEB.csv,False,unified119,"2026-09-06 source audit: provenance reconstructed from the actual frozen training input files, with original experiment citations and acquisition carriers distinguished where recovered. This audit verifies source metadata, not independent re-digitisation of every numerical value. See source_completeness_status for unresolved source limitations. Earlier identity-level claims are retained separately as legacy metadata, not current verification.",1,fixed_70_75eV,published_fixed_energy_ALeCS,${ARCHIVE_ROOT}\outputs\alecs_bose396_match_2026_08_01\approved_ambiguous_identity_16\approved_16_manifest.csv,3,True
acetophenone,acetophenone,C8H8O,READY_NUMERIC_EXPERIMENT_PLUS_BEB,experimental_fixed_or_sparse_points,1,10.1021/acs.jpca.0c06308,Binary-Encounter-Bethe,${ARCHIVE_ROOT}\outputs\no_qec_priority_2026_07_31\irikura2017_new3_published_numeric_beb_70eV.csv::IRIKURA_BEB70_003,False,Irikura_Bose_new3,"2026-09-06 source audit: provenance reconstructed from the actual frozen training input files, with original experiment citations and acquisition carriers distinguished where recovered. This audit verifies source metadata, not independent re-digitisation of every numerical value. See source_completeness_status for unresolved source limitations. Earlier identity-level claims are retained separately as legacy metadata, not current verification.",1,fixed_energy_numeric,strict_incremental_numeric,${ARCHIVE_ROOT}\outputs\no_qec_priority_2026_07_31\new25_incremental_identity_ledger_2026_08_01.csv,4,True
acetylene,Acetylene,C2H2,READY_NUMERIC_EXPERIMENT_PLUS_BEB,experimental_curve_points,50,https://physics.nist.gov/cgi-bin/Ionization/graph_new.pl?element=C2H2.0,QEC_new32_exact_manifest,new32_qec_beb_successful30_2026_07_30.tar.gz::C2H2_cc-pVDZ_SE_HFSCF_10_2026-07-30T00-17-43/results/beb_xsec.dat,False,unified119,"2026-09-06 source audit: provenance reconstructed from the actual frozen training input files, with original experiment citations and acquisition carriers distinguished where recovered. This audit verifies source metadata, not independent re-digitisation of every numerical value. See source_completeness_status for unresolved source limitations. Earlier identity-level claims are retained separately as legacy metadata, not current verification.",50,curve_point,NIST_strict_numeric,${ARCHIVE_ROOT}\nist_strict_usable_numeric_pairs_2026_07_30\paired_numeric\001_C2H2_BEB_vs_experiment.csv,1,True
acrolein,acrolein,C3H4O,READY_NUMERIC_EXPERIMENT_PLUS_BEB,experimental_fixed_or_sparse_points,1,10.1021/acs.jpca.0c06308,QEC_new32_exact_manifest,new32_qec_beb_successful30_2026_07_30.tar.gz::C3H4O_cc-pVDZ_SE_HFSCF_10_2026-07-30T00-26-51/results/beb_xsec.dat,False,unified119,"2026-09-06 source audit: provenance reconstructed from the actual frozen training input files, with original experiment citations and acquisition carriers distinguished where recovered. This audit verifies source metadata, not independent re-digitisation of every numerical value. See source_completeness_status for unresolved source limitations. Earlier identity-level claims are retained separately as legacy metadata, not current verification.",1,fixed_70_75eV,published_fixed_energy_ALeCS,${ARCHIVE_ROOT}\outputs\alecs_bose396_match_2026_08_01\approved_same_identity_11\approved_11_manifest.csv,0,True
acrylonitrile,acrylonitrile,C3H3N,READY_NUMERIC_EXPERIMENT_PLUS_BEB,experimental_curve_points;experimental_fixed_or_sparse_points,48,10.1080/00268976.2019.1583389 | https://www.tandfonline.com/doi/full/10.1080/00268976.2019.1583389 | 10.1021/acs.jpca.0c06308 | https://repository.lib.ncsu.edu/bitstreams/e76df401-02d2-4db1-903b-dad1b9e89fe0/download | https://pubs.acs.org/doi/10.1021/acs.jpca.0c06308,QEC_new32_exact_manifest,new32_qec_beb_successful30_2026_07_30.tar.gz::C3H3N_cc-pVDZ_SE_HFSCF_10_2026-07-30T00-25-16/results/beb_xsec.dat,False,unified119,"2026-09-06 source audit: provenance reconstructed from the actual frozen training input files, with original experiment citations and acquisition carriers distinguished where recovered. This audit verifies source metadata, not independent re-digitisation of every numerical value. See source_completeness_status for unresolved source limitations. Earlier identity-level claims are retained separately as legacy metadata, not current verification.",48,curve_point | fixed_70_75eV,C_figure_digitised_peak_validated | published_fixed_energy,${ARCHIVE_ROOT}\outputs\no_qec_priority_2026_07_31\ready100_fixed_energy_with_existing_beb_no_qec.csv | ${PROJECT_ROOT}\data\processed\expanded_measured_total_master_2026_07_26.csv,2,True
ammonia,ammonia,NH3,READY_NUMERIC_EXPERIMENT_PLUS_BEB,experimental_curve_points;experimental_fixed_or_sparse_points,44,https://physics.nist.gov/cgi-bin/Ionization/graph_new.pl?element=NH3.0 | 10.1021/acs.jpca.0c06308 | https://repository.lib.ncsu.edu/bitstreams/e76df401-02d2-4db1-903b-dad1b9e89fe0/download | https://pubs.acs.org/doi/10.1021/acs.jpca.0c06308,QEC_strict9_authoritative,${PROJECT_ROOT}\data\qec_results\incoming_2026_07_27\strict_new9_results_COMPLETE_2026_07_27_extracted\results\H3N_cc-pVDZ_SE_HFSCF_10_2026-07-27T00-48-12\results\beb_xsec.dat,False,unified119,"2026-09-06 source audit: provenance reconstructed from the actual frozen training input files, with original experiment citations and acquisition carriers distinguished where recovered. This audit verifies source metadata, not independent re-digitisation of every numerical value. See source_completeness_status for unresolved source limitations. Earlier identity-level claims are retained separately as legacy metadata, not current verification.",44,curve_point | fixed_70_75eV,NIST_strict_numeric | published_fixed_energy,${ARCHIVE_ROOT}\nist_strict_usable_numeric_pairs_2026_07_30\paired_numeric\002_NH3_BEB_vs_experiment.csv | ${ARCHIVE_ROOT}\outputs\no_qec_priority_2026_07_31\ready100_fixed_energy_with_existing_beb_no_qec.csv,2,True
aniline,Aniline,C6H7N,READY_NUMERIC_EXPERIMENT_PLUS_BEB,experimental_fixed_or_sparse_points,1,10.1021/acs.jpca.0c06308 | https://repository.lib.ncsu.edu/bitstreams/e76df401-02d2-4db1-903b-dad1b9e89fe0/download | https://pubs.acs.org/doi/10.1021/acs.jpca.0c06308,QEC_new32_exact_manifest,new32_qec_beb_successful30_2026_07_30.tar.gz::C6H7N_cc-pVDZ_SE_HFSCF_10_2026-07-30T16-08-24/results/beb_xsec.dat,False,unified119,"2026-09-06 source audit: provenance reconstructed from the actual frozen training input files, with original experiment citations and acquisition carriers distinguished where recovered. This audit verifies source metadata, not independent re-digitisation of every numerical value. See source_completeness_status for unresolved source limitations. Earlier identity-level claims are retained separately as legacy metadata, not current verification.",1,fixed_70_75eV,published_fixed_energy,${ARCHIVE_ROOT}\outputs\no_qec_priority_2026_07_31\ready100_fixed_energy_with_existing_beb_no_qec.csv,1,True
anthracene,Anthracene,C14H10,READY_NUMERIC_EXPERIMENT_PLUS_BEB,experimental_fixed_or_sparse_points,1,10.1021/acs.jpca.0c06308,ALeCS_BEB_256_points,${ARCHIVE_ROOT}\outputs\alecs_bose396_match_2026_08_01\approved_same_identity_11\beb_curves_A2\008_anthracene_ALeCS_BEB_A2.csv,False,ALeCS_Bose_structure_checked,"2026-09-06 source audit: provenance reconstructed from the actual frozen training input files, with original experiment citations and acquisition carriers distinguished where recovered. This audit verifies source metadata, not independent re-digitisation of every numerical value. See source_completeness_status for unresolved source limitations. Earlier identity-level claims are retained separately as legacy metadata, not current verification.",1,fixed_70_75eV,published_fixed_energy_ALeCS,${ARCHIVE_ROOT}\outputs\alecs_bose396_match_2026_08_01\approved_same_identity_11\approved_11_manifest.csv,2,True
benzene,benzene,C6H6,READY_NUMERIC_EXPERIMENT_PLUS_BEB,experimental_fixed_or_sparse_points;experimental_peak_height,2,10.1021/acs.jpca.0c06308 | 10.1039/C4CP00490F,NIST_SRD107_numeric_BEB,${ARCHIVE_ROOT}\outputs\no_qec_priority_2026_07_31\nist_beb_expansion_2026_07_31\benzene_C6H6_NIST_BEB.csv,False,benzene_strict;Zhong_Bose_exact_identity,"2026-09-06 source audit: provenance reconstructed from the actual frozen training input files, with original experiment citations and acquisition carriers distinguished where recovered. This audit verifies source metadata, not independent re-digitisation of every numerical value. See source_completeness_status for unresolved source limitations. Earlier identity-level claims are retained separately as legacy metadata, not current verification.",2,fixed_70_75eV | peak_height_numeric,published_fixed_energy_ALeCS | strict_incremental_numeric,${ARCHIVE_ROOT}\outputs\alecs_bose396_match_2026_08_01\approved_same_identity_11\approved_11_manifest.csv | ${ARCHIVE_ROOT}\outputs\no_qec_priority_2026_07_31\new25_incremental_identity_ledger_2026_08_01.csv,0,True
boron-trifluoride,boron trifluoride,BF3,READY_NUMERIC_EXPERIMENT_PLUS_BEB,experimental_curve_points,29,https://physics.nist.gov/cgi-bin/Ionization/graph_new.pl?element=BF3.0,NIST_SRD107_numeric_BEB,${ARCHIVE_ROOT}\nist_strict_usable_numeric_pairs_2026_07_30\beb_numeric_corrected\003_BF3_BEB_corrected.csv,False,unified119,"2026-09-06 source audit: provenance reconstructed from the actual frozen training input files, with original experiment citations and acquisition carriers distinguished where recovered. This audit verifies source metadata, not independent re-digitisation of every numerical value. See source_completeness_status for unresolved source limitations. Earlier identity-level claims are retained separately as legacy metadata, not current verification.",29,curve_point,NIST_strict_numeric,${ARCHIVE_ROOT}\nist_strict_usable_numeric_pairs_2026_07_30\paired_numeric\003_BF3_BEB_vs_experiment.csv,0,True
bromoform,bromoform,CHBr3,READY_NUMERIC_EXPERIMENT_PLUS_BEB,experimental_peak_height,1,10.1039/B009243F,published_raw_uncorrected_BEB_peak,${ARCHIVE_ROOT}\outputs\no_qec_priority_2026_07_31\bart_hudson2001_new6_strict_peak_pairs_2026_08_02.csv,False,Bart_Hudson_2001_new6,"2026-09-06 source audit: provenance reconstructed from the actual frozen training input files, with original experiment citations and acquisition carriers distinguished where recovered. This audit verifies source metadata, not independent re-digitisation of every numerical value. See source_completeness_status for unresolved source limitations. Earlier identity-level claims are retained separately as legacy metadata, not current verification.",1,peak_height_numeric,published_raw_BEB_peak_pair,${ARCHIVE_ROOT}\outputs\no_qec_priority_2026_07_31\bart_hudson2001_new6_strict_peak_pairs_2026_08_02.csv,3,True
bromomethane,bromomethane,CH3Br,READY_NUMERIC_EXPERIMENT_PLUS_RAW_ECP_BEB_DIGITIZED_TIER_B,experimental_curve_points,8,10.1063/5.0039465,published_raw_ECP_BEB_figure_digitized,${ARCHIVE_ROOT}\outputs\current_experiment_beb_master_2026_08_01\aip_fig9_12_13_experiment_ecp_beb_READY_TIER_B.csv,False,BartGamman2021_fig9_12_13_raw_ECP_BEB,"2026-09-06 source audit: provenance reconstructed from the actual frozen training input files, with original experiment citations and acquisition carriers distinguished where recovered. This audit verifies source metadata, not independent re-digitisation of every numerical value. See source_completeness_status for unresolved source limitations. Earlier identity-level claims are retained separately as legacy metadata, not current verification.",8,curve_point,digitized_Tier_B,${ARCHIVE_ROOT}\outputs\current_experiment_beb_master_2026_08_01\aip_fig9_12_13_experiment_ecp_beb_READY_TIER_B.csv,2,True
bromotrifluoromethane,bromotrifluoromethane,CF3Br,READY_NUMERIC_EXPERIMENT_PLUS_BEB,experimental_peak_height,1,10.1039/B009243F,published_raw_uncorrected_BEB_peak,${ARCHIVE_ROOT}\outputs\no_qec_priority_2026_07_31\bart_hudson2001_new6_strict_peak_pairs_2026_08_02.csv,False,Bart_Hudson_2001_new6,"2026-09-06 source audit: provenance reconstructed from the actual frozen training input files, with original experiment citations and acquisition carriers distinguished where recovered. This audit verifies source metadata, not independent re-digitisation of every numerical value. See source_completeness_status for unresolved source limitations. Earlier identity-level claims are retained separately as legacy metadata, not current verification.",1,peak_height_numeric,published_raw_BEB_peak_pair,${ARCHIVE_ROOT}\outputs\no_qec_priority_2026_07_31\bart_hudson2001_new6_strict_peak_pairs_2026_08_02.csv,4,True
butyl-acetate,butyl acetate,C6H12O2,READY_NUMERIC_EXPERIMENT_PLUS_BEB,experimental_fixed_or_sparse_points;experimental_peak_height,2,10.1016/j.ijms.2005.11.003 | 10.1021/acs.jpca.0c06308 | https://repository.lib.ncsu.edu/bitstreams/e76df401-02d2-4db1-903b-dad1b9e89fe0/download | https://pubs.acs.org/doi/10.1021/acs.jpca.0c06308,published_numeric_BEB,${ARCHIVE_ROOT}\existing_beb_150_checkpoint_2026_07_30\beb_numeric\039_butyl_acetate_BEB.csv,False,unified119,2026-09-06 source audit: legacy audit assertions superseded. The 55 energy-dependent points from the ambiguous isomer trace are excluded. The retained experimental constraints are the independent Hudson (2006) Table 1 peak height and the Bose 70–75 eV compilation value. Table 1 does not report peak energy; its peak label has unreported energy and source-accuracy uncertainty of 5%. The full source papers/compilation are separately identified. Source labels updated after the 350-row exclusion; withdrawn series are not current training evidence.,2,fixed_70_75eV | peak_height,published_fixed_energy | published_numeric_peak,${ARCHIVE_ROOT}\outputs\no_qec_priority_2026_07_31\agent_no_qec_immediate_numeric_peak_labels_50.csv | ${ARCHIVE_ROOT}\outputs\no_qec_priority_2026_07_31\ready100_fixed_energy_with_existing_beb_no_qec.csv,2,True
butyl-formate,butyl formate,C5H10O2,READY_NUMERIC_EXPERIMENT_PLUS_BEB,experimental_fixed_or_sparse_points;experimental_peak_height,2,10.1016/j.ijms.2005.11.003 | 10.1021/acs.jpca.0c06308 | https://repository.lib.ncsu.edu/bitstreams/e76df401-02d2-4db1-903b-dad1b9e89fe0/download | https://pubs.acs.org/doi/10.1021/acs.jpca.0c06308,published_numeric_BEB,${ARCHIVE_ROOT}\existing_beb_150_checkpoint_2026_07_30\beb_numeric\032_butyl_formate_BEB.csv,False,unified119,2026-09-06 source audit: legacy audit assertions superseded. The 55 energy-dependent points from the ambiguous isomer trace are excluded. The retained experimental constraints are the independent Hudson (2006) Table 1 peak height and the Bose 70–75 eV compilation value. Table 1 does not report peak energy; its peak label has unreported energy and source-accuracy uncertainty of 5%. The full source papers/compilation are separately identified. Source labels updated after the 350-row exclusion; withdrawn series are not current training evidence.,2,fixed_70_75eV | peak_height,published_fixed_energy | published_numeric_peak,${ARCHIVE_ROOT}\outputs\no_qec_priority_2026_07_31\agent_no_qec_immediate_numeric_peak_labels_50.csv | ${ARCHIVE_ROOT}\outputs\no_qec_priority_2026_07_31\ready100_fixed_energy_with_existing_beb_no_qec.csv,1,True
butyraldehyde,butyraldehyde,C4H8O,READY_NUMERIC_EXPERIMENT_PLUS_BEB,experimental_curve_points;experimental_fixed_or_sparse_points;experimental_peak_height,57,10.1016/j.ijms.2008.03.003 | 10.1021/jp210294p | https://pubs.acs.org/doi/10.1021/jp210294p | 10.1021/acs.jpca.0c06308 | https://repository.lib.ncsu.edu/bitstreams/e76df401-02d2-4db1-903b-dad1b9e89fe0/download | https://pubs.acs.org/doi/10.1021/acs.jpca.0c06308,QEC_core17_authoritative,qec_first18_results_2026_07_24.tar.gz::results/C4H8O_cc-pVDZ_SE_HFSCF_10_2026-07-23T21-20-53/results/beb_xsec.dat,False,unified119;Bull2012_numeric_peak32,"2026-09-06 source audit: provenance reconstructed from the actual frozen training input files, with original experiment citations and acquisition carriers distinguished where recovered. This audit verifies source metadata, not independent re-digitisation of every numerical value. See source_completeness_status for unresolved source limitations. Earlier identity-level claims are retained separately as legacy metadata, not current verification.",57,curve_point | fixed_70_75eV | peak_height,A_table | published_fixed_energy | published_numeric_peak,${ARCHIVE_ROOT}\outputs\no_qec_priority_2026_07_31\agent_bull2012_peak32.csv | ${ARCHIVE_ROOT}\outputs\no_qec_priority_2026_07_31\ready100_fixed_energy_with_existing_beb_no_qec.csv | ${PROJECT_ROOT}\data\processed\qec_low_energy_priority_curve_points_2026_07_26.csv,4,True
butyronitrile,propylcyanide,C4H7N,READY_NUMERIC_EXPERIMENT_PLUS_BEB,experimental_fixed_or_sparse_points,1,10.1021/acs.jpca.0c06308,QEC_new32_exact_manifest,new32_qec_beb_successful30_2026_07_30.tar.gz::C4H7N_cc-pVDZ_SE_HFSCF_10_2026-07-30T15-57-29/results/beb_xsec.dat,False,unified119,"2026-09-06 source audit: provenance reconstructed from the actual frozen training input files, with original experiment citations and acquisition carriers distinguished where recovered. This audit verifies source metadata, not independent re-digitisation of every numerical value. See source_completeness_status for unresolved source limitations. Earlier identity-level claims are retained separately as legacy metadata, not current verification.",1,fixed_70_75eV,published_fixed_energy_ALeCS,${ARCHIVE_ROOT}\outputs\alecs_bose396_match_2026_08_01\approved_ambiguous_identity_16\approved_16_manifest.csv,0,True
c2cl4,Tetrachloroethene,C2Cl4,READY_NUMERIC_EXPERIMENT_PLUS_BEB,experimental_fixed_or_sparse_points;experimental_peak_height,2,10.1088/0953-4075/34/15/309 | 10.1021/acs.jpca.0c06308 | https://repository.lib.ncsu.edu/bitstreams/e76df401-02d2-4db1-903b-dad1b9e89fe0/download | https://pubs.acs.org/doi/10.1021/acs.jpca.0c06308,QEC_old45_exact_XYZ_reaudited,${PROJECT_ROOT}\data\qec_results\incoming_2026_07_27\audit_all45_complete_2026_07_27_extracted\results\C2Cl4_cc-pVDZ_SE_HFSCF_10_2026-07-26T20-17-28\results\beb_xsec.dat,False,unified119,"2026-09-06 source audit: provenance reconstructed from the actual frozen training input files, with original experiment citations and acquisition carriers distinguished where recovered. This audit verifies source metadata, not independent re-digitisation of every numerical value. See source_completeness_status for unresolved source limitations. Earlier identity-level claims are retained separately as legacy metadata, not current verification.",2,fixed_70_75eV | peak_height,published_fixed_energy | published_numeric_peak,${ARCHIVE_ROOT}\outputs\no_qec_priority_2026_07_31\agent_no_qec_immediate_numeric_peak_labels_50.csv | ${ARCHIVE_ROOT}\outputs\no_qec_priority_2026_07_31\ready100_fixed_energy_with_existing_beb_no_qec.csv,1,True
c2cl6,Hexachloroethane,C2Cl6,READY_NUMERIC_EXPERIMENT_PLUS_BEB,experimental_fixed_or_sparse_points;experimental_peak_height,2,10.1088/0953-4075/34/15/309 | 10.1021/acs.jpca.0c06308 | https://repository.lib.ncsu.edu/bitstreams/e76df401-02d2-4db1-903b-dad1b9e89fe0/download | https://pubs.acs.org/doi/10.1021/acs.jpca.0c06308,QEC_old45_exact_XYZ_reaudited,${PROJECT_ROOT}\data\qec_results\incoming_2026_07_27\audit_all45_complete_2026_07_27_extracted\results\C2Cl6_cc-pVDZ_SE_HFSCF_10_2026-07-26T20-20-09\results\beb_xsec.dat,False,unified119,"2026-09-06 source audit: provenance reconstructed from the actual frozen training input files, with original experiment citations and acquisition carriers distinguished where recovered. This audit verifies source metadata, not independent re-digitisation of every numerical value. See source_completeness_status for unresolved source limitations. Earlier identity-level claims are retained separately as legacy metadata, not current verification.",2,fixed_70_75eV | peak_height,published_fixed_energy | published_numeric_peak,${ARCHIVE_ROOT}\outputs\no_qec_priority_2026_07_31\agent_no_qec_immediate_numeric_peak_labels_50.csv | ${ARCHIVE_ROOT}\outputs\no_qec_priority_2026_07_31\ready100_fixed_energy_with_existing_beb_no_qec.csv,2,True
c2h2cl4-1-1-1-2,"1,2,2,2-Tetrachloroethane",C2H2Cl4,READY_NUMERIC_EXPERIMENT_PLUS_BEB,experimental_fixed_or_sparse_points;experimental_peak_height,2,10.1088/0953-4075/34/15/309 | 10.1021/acs.jpca.0c06308 | https://repository.lib.ncsu.edu/bitstreams/e76df401-02d2-4db1-903b-dad1b9e89fe0/download | https://pubs.acs.org/doi/10.1021/acs.jpca.0c06308,QEC_old45_exact_XYZ_reaudited,${PROJECT_ROOT}\data\qec_results\incoming_2026_07_27\audit_all45_complete_2026_07_27_extracted\results\C2Cl4H2_cc-pVDZ_SE_HFSCF_10_2026-07-26T20-30-28\results\beb_xsec.dat,False,unified119,"2026-09-06 source audit: provenance reconstructed from the actual frozen training input files, with original experiment citations and acquisition carriers distinguished where recovered. This audit verifies source metadata, not independent re-digitisation of every numerical value. See source_completeness_status for unresolved source limitations. Earlier identity-level claims are retained separately as legacy metadata, not current verification.",2,fixed_70_75eV | peak_height,published_fixed_energy | published_numeric_peak,${ARCHIVE_ROOT}\outputs\no_qec_priority_2026_07_31\agent_no_qec_immediate_numeric_peak_labels_50.csv | ${ARCHIVE_ROOT}\outputs\no_qec_priority_2026_07_31\ready100_fixed_energy_with_existing_beb_no_qec.csv,3,True
c2h2cl4-1-1-2-2,"1,1,2,2-Tetrachloroethane",C2H2Cl4,READY_NUMERIC_EXPERIMENT_PLUS_BEB,experimental_fixed_or_sparse_points;experimental_peak_height,2,10.1088/0953-4075/34/15/309 | 10.1021/acs.jpca.0c06308 | https://repository.lib.ncsu.edu/bitstreams/e76df401-02d2-4db1-903b-dad1b9e89fe0/download | https://pubs.acs.org/doi/10.1021/acs.jpca.0c06308,QEC_old45_exact_XYZ_reaudited,${PROJECT_ROOT}\data\qec_results\incoming_2026_07_27\audit_all45_complete_2026_07_27_extracted\results\C2Cl4H2_cc-pVDZ_SE_HFSCF_10_2026-07-26T20-32-15\results\beb_xsec.dat,False,unified119,"2026-09-06 source audit: provenance reconstructed from the actual frozen training input files, with original experiment citations and acquisition carriers distinguished where recovered. This audit verifies source metadata, not independent re-digitisation of every numerical value. See source_completeness_status for unresolved source limitations. Earlier identity-level claims are retained separately as legacy metadata, not current verification.",2,fixed_70_75eV | peak_height,published_fixed_energy | published_numeric_peak,${ARCHIVE_ROOT}\outputs\no_qec_priority_2026_07_31\agent_no_qec_immediate_numeric_peak_labels_50.csv | ${ARCHIVE_ROOT}\outputs\no_qec_priority_2026_07_31\ready100_fixed_energy_with_existing_beb_no_qec.csv,0,True
c2h3cl3-1-1-1,"1,1,1-Trichloroethane",C2H3Cl3,READY_NUMERIC_EXPERIMENT_PLUS_BEB,experimental_fixed_or_sparse_points;experimental_peak_height,2,10.1088/0953-4075/34/15/309 | 10.1021/acs.jpca.0c06308 | https://repository.lib.ncsu.edu/bitstreams/e76df401-02d2-4db1-903b-dad1b9e89fe0/download | https://pubs.acs.org/doi/10.1021/acs.jpca.0c06308,QEC_old45_exact_XYZ_reaudited,${PROJECT_ROOT}\data\qec_results\incoming_2026_07_27\audit_all45_complete_2026_07_27_extracted\results\C2Cl3H3_cc-pVDZ_SE_HFSCF_10_2026-07-26T20-37-52\results\beb_xsec.dat,False,unified119,"2026-09-06 source audit: provenance reconstructed from the actual frozen training input files, with original experiment citations and acquisition carriers distinguished where recovered. This audit verifies source metadata, not independent re-digitisation of every numerical value. See source_completeness_status for unresolved source limitations. Earlier identity-level claims are retained separately as legacy metadata, not current verification.",2,fixed_70_75eV | peak_height,published_fixed_energy | published_numeric_peak,${ARCHIVE_ROOT}\outputs\no_qec_priority_2026_07_31\agent_no_qec_immediate_numeric_peak_labels_50.csv | ${ARCHIVE_ROOT}\outputs\no_qec_priority_2026_07_31\ready100_fixed_energy_with_existing_beb_no_qec.csv,1,True
c2h3cl3-1-1-2,"1,2,2-Trichloroethane",C2H3Cl3,READY_NUMERIC_EXPERIMENT_PLUS_BEB,experimental_fixed_or_sparse_points;experimental_peak_height,2,10.1088/0953-4075/34/15/309 | 10.1021/acs.jpca.0c06308 | https://repository.lib.ncsu.edu/bitstreams/e76df401-02d2-4db1-903b-dad1b9e89fe0/download | https://pubs.acs.org/doi/10.1021/acs.jpca.0c06308,QEC_old45_exact_XYZ_reaudited,${PROJECT_ROOT}\data\qec_results\incoming_2026_07_27\audit_all45_complete_2026_07_27_extracted\results\C2Cl3H3_cc-pVDZ_SE_HFSCF_10_2026-07-26T20-40-23\results\beb_xsec.dat,False,unified119,"2026-09-06 source audit: provenance reconstructed from the actual frozen training input files, with original experiment citations and acquisition carriers distinguished where recovered. This audit verifies source metadata, not independent re-digitisation of every numerical value. See source_completeness_status for unresolved source limitations. Earlier identity-level claims are retained separately as legacy metadata, not current verification.",2,fixed_70_75eV | peak_height,published_fixed_energy | published_numeric_peak,${ARCHIVE_ROOT}\outputs\no_qec_priority_2026_07_31\agent_no_qec_immediate_numeric_peak_labels_50.csv | ${ARCHIVE_ROOT}\outputs\no_qec_priority_2026_07_31\ready100_fixed_energy_with_existing_beb_no_qec.csv,2,True
c2h4cl2-1-1,"1,1-Dichloroethane",C2H4Cl2,READY_NUMERIC_EXPERIMENT_PLUS_BEB,experimental_fixed_or_sparse_points;experimental_peak_height,2,10.1088/0953-4075/34/15/309 | 10.1021/acs.jpca.0c06308 | https://repository.lib.ncsu.edu/bitstreams/e76df401-02d2-4db1-903b-dad1b9e89fe0/download | https://pubs.acs.org/doi/10.1021/acs.jpca.0c06308,QEC_old45_exact_XYZ_reaudited,${PROJECT_ROOT}\data\qec_results\incoming_2026_07_27\audit_all45_complete_2026_07_27_extracted\results\C2Cl2H4_cc-pVDZ_SE_HFSCF_10_2026-07-26T20-45-31\results\beb_xsec.dat,False,unified119,"2026-09-06 source audit: provenance reconstructed from the actual frozen training input files, with original experiment citations and acquisition carriers distinguished where recovered. This audit verifies source metadata, not independent re-digitisation of every numerical value. See source_completeness_status for unresolved source limitations. Earlier identity-level claims are retained separately as legacy metadata, not current verification.",2,fixed_70_75eV | peak_height,published_fixed_energy | published_numeric_peak,${ARCHIVE_ROOT}\outputs\no_qec_priority_2026_07_31\agent_no_qec_immediate_numeric_peak_labels_50.csv | ${ARCHIVE_ROOT}\outputs\no_qec_priority_2026_07_31\ready100_fixed_energy_with_existing_beb_no_qec.csv,3,True
c2h4cl2-1-2,"1,2-Dichloroethane",C2H4Cl2,READY_NUMERIC_EXPERIMENT_PLUS_BEB,experimental_fixed_or_sparse_points;experimental_peak_height,2,10.1088/0953-4075/34/15/309 | 10.1021/acs.jpca.0c06308 | https://repository.lib.ncsu.edu/bitstreams/e76df401-02d2-4db1-903b-dad1b9e89fe0/download | https://pubs.acs.org/doi/10.1021/acs.jpca.0c06308,QEC_old45_exact_XYZ_reaudited,${PROJECT_ROOT}\data\qec_results\incoming_2026_07_27\audit_all45_complete_2026_07_27_extracted\results\C2Cl2H4_cc-pVDZ_SE_HFSCF_10_2026-07-26T20-46-28\results\beb_xsec.dat,False,unified119,"2026-09-06 source audit: provenance reconstructed from the actual frozen training input files, with original experiment citations and acquisition carriers distinguished where recovered. This audit verifies source metadata, not independent re-digitisation of every numerical value. See source_completeness_status for unresolved source limitations. Earlier identity-level claims are retained separately as legacy metadata, not current verification.",2,fixed_70_75eV | peak_height,published_fixed_energy | published_numeric_peak,${ARCHIVE_ROOT}\outputs\no_qec_priority_2026_07_31\agent_no_qec_immediate_numeric_peak_labels_50.csv | ${ARCHIVE_ROOT}\outputs\no_qec_priority_2026_07_31\ready100_fixed_energy_with_existing_beb_no_qec.csv,4,True
c2hcl3,Trichloroethene,C2HCl3,READY_NUMERIC_EXPERIMENT_PLUS_BEB,experimental_fixed_or_sparse_points;experimental_peak_height,2,10.1088/0953-4075/34/15/309 | 10.1021/acs.jpca.0c06308 | https://repository.lib.ncsu.edu/bitstreams/e76df401-02d2-4db1-903b-dad1b9e89fe0/download | https://pubs.acs.org/doi/10.1021/acs.jpca.0c06308,QEC_old45_exact_XYZ_reaudited,${PROJECT_ROOT}\data\qec_results\incoming_2026_07_27\audit_all45_complete_2026_07_27_extracted\results\C2Cl3H_cc-pVDZ_SE_HFSCF_10_2026-07-26T20-51-21\results\beb_xsec.dat,False,unified119,"2026-09-06 source audit: provenance reconstructed from the actual frozen training input files, with original experiment citations and acquisition carriers distinguished where recovered. This audit verifies source metadata, not independent re-digitisation of every numerical value. See source_completeness_status for unresolved source limitations. Earlier identity-level claims are retained separately as legacy metadata, not current verification.",2,fixed_70_75eV | peak_height,published_fixed_energy | published_numeric_peak,${ARCHIVE_ROOT}\outputs\no_qec_priority_2026_07_31\agent_no_qec_immediate_numeric_peak_labels_50.csv | ${ARCHIVE_ROOT}\outputs\no_qec_priority_2026_07_31\ready100_fixed_energy_with_existing_beb_no_qec.csv,0,True
c2hcl5,Pentachloroethane,C2HCl5,READY_NUMERIC_EXPERIMENT_PLUS_BEB,experimental_fixed_or_sparse_points;experimental_peak_height,2,10.1088/0953-4075/34/15/309 | 10.1021/acs.jpca.0c06308 | https://repository.lib.ncsu.edu/bitstreams/e76df401-02d2-4db1-903b-dad1b9e89fe0/download | https://pubs.acs.org/doi/10.1021/acs.jpca.0c06308,QEC_old45_exact_XYZ_reaudited,${PROJECT_ROOT}\data\qec_results\incoming_2026_07_27\audit_all45_complete_2026_07_27_extracted\results\C2Cl5H_cc-pVDZ_SE_HFSCF_10_2026-07-26T20-53-29\results\beb_xsec.dat,False,unified119,"2026-09-06 source audit: provenance reconstructed from the actual frozen training input files, with original experiment citations and acquisition carriers distinguished where recovered. This audit verifies source metadata, not independent re-digitisation of every numerical value. See source_completeness_status for unresolved source limitations. Earlier identity-level claims are retained separately as legacy metadata, not current verification.",2,fixed_70_75eV | peak_height,published_fixed_energy | published_numeric_peak,${ARCHIVE_ROOT}\outputs\no_qec_priority_2026_07_31\agent_no_qec_immediate_numeric_peak_labels_50.csv | ${ARCHIVE_ROOT}\outputs\no_qec_priority_2026_07_31\ready100_fixed_energy_with_existing_beb_no_qec.csv,1,True
c3h7cl-1,1-Chloropropane,C3H7Cl,READY_NUMERIC_EXPERIMENT_PLUS_BEB,experimental_fixed_or_sparse_points;experimental_peak_height,2,10.1088/0953-4075/34/15/309 | 10.1021/acs.jpca.0c06308 | https://repository.lib.ncsu.edu/bitstreams/e76df401-02d2-4db1-903b-dad1b9e89fe0/download | https://pubs.acs.org/doi/10.1021/acs.jpca.0c06308,QEC_old45_exact_XYZ_reaudited,${PROJECT_ROOT}\data\qec_results\incoming_2026_07_27\audit_all45_complete_2026_07_27_extracted\results\C3ClH7_cc-pVDZ_SE_HFSCF_10_2026-07-26T21-04-25\results\beb_xsec.dat,False,unified119,"2026-09-06 source audit: provenance reconstructed from the actual frozen training input files, with original experiment citations and acquisition carriers distinguished where recovered. This audit verifies source metadata, not independent re-digitisation of every numerical value. See source_completeness_status for unresolved source limitations. Earlier identity-level claims are retained separately as legacy metadata, not current verification.",2,fixed_70_75eV | peak_height,published_fixed_energy | published_numeric_peak,${ARCHIVE_ROOT}\outputs\no_qec_priority_2026_07_31\agent_no_qec_immediate_numeric_peak_labels_50.csv | ${ARCHIVE_ROOT}\outputs\no_qec_priority_2026_07_31\ready100_fixed_energy_with_existing_beb_no_qec.csv,2,True
c3h7cl-2,2-Chloropropane,C3H7Cl,READY_NUMERIC_EXPERIMENT_PLUS_BEB,experimental_fixed_or_sparse_points;experimental_peak_height,2,10.1088/0953-4075/34/15/309 | 10.1021/acs.jpca.0c06308 | https://repository.lib.ncsu.edu/bitstreams/e76df401-02d2-4db1-903b-dad1b9e89fe0/download | https://pubs.acs.org/doi/10.1021/acs.jpca.0c06308,QEC_old45_exact_XYZ_reaudited,${PROJECT_ROOT}\data\qec_results\incoming_2026_07_27\audit_all45_complete_2026_07_27_extracted\results\C3ClH7_cc-pVDZ_SE_HFSCF_10_2026-07-26T21-08-31\results\beb_xsec.dat,False,unified119,"2026-09-06 source audit: provenance reconstructed from the actual frozen training input files, with original experiment citations and acquisition carriers distinguished where recovered. This audit verifies source metadata, not independent re-digitisation of every numerical value. See source_completeness_status for unresolved source limitations. Earlier identity-level claims are retained separately as legacy metadata, not current verification.",2,fixed_70_75eV | peak_height,published_fixed_energy | published_numeric_peak,${ARCHIVE_ROOT}\outputs\no_qec_priority_2026_07_31\agent_no_qec_immediate_numeric_peak_labels_50.csv | ${ARCHIVE_ROOT}\outputs\no_qec_priority_2026_07_31\ready100_fixed_energy_with_existing_beb_no_qec.csv,3,True
c4h9cl-1,1-Chlorobutane,C4H9Cl,READY_NUMERIC_EXPERIMENT_PLUS_BEB,experimental_fixed_or_sparse_points;experimental_peak_height,2,10.1088/0953-4075/34/15/309 | 10.1021/acs.jpca.0c06308 | https://repository.lib.ncsu.edu/bitstreams/e76df401-02d2-4db1-903b-dad1b9e89fe0/download | https://pubs.acs.org/doi/10.1021/acs.jpca.0c06308,QEC_old45_exact_XYZ_reaudited,${PROJECT_ROOT}\data\qec_results\incoming_2026_07_27\audit_all45_complete_2026_07_27_extracted\results\C4ClH9_cc-pVDZ_SE_HFSCF_10_2026-07-26T21-22-55\results\beb_xsec.dat,False,unified119,"2026-09-06 source audit: provenance reconstructed from the actual frozen training input files, with original experiment citations and acquisition carriers distinguished where recovered. This audit verifies source metadata, not independent re-digitisation of every numerical value. See source_completeness_status for unresolved source limitations. Earlier identity-level claims are retained separately as legacy metadata, not current verification.",2,fixed_70_75eV | peak_height,published_fixed_energy | published_numeric_peak,${ARCHIVE_ROOT}\outputs\no_qec_priority_2026_07_31\agent_no_qec_immediate_numeric_peak_labels_50.csv | ${ARCHIVE_ROOT}\outputs\no_qec_priority_2026_07_31\ready100_fixed_energy_with_existing_beb_no_qec.csv,4,True
carbon-dioxide,carbon dioxide,CO2,READY_NUMERIC_EXPERIMENT_PLUS_BEB,experimental_curve_points;experimental_fixed_or_sparse_points,54,https://physics.nist.gov/cgi-bin/Ionization/graph_new.pl?element=CO2.0 | 10.1021/acs.jpca.0c06308 | https://repository.lib.ncsu.edu/bitstreams/e76df401-02d2-4db1-903b-dad1b9e89fe0/download | https://pubs.acs.org/doi/10.1021/acs.jpca.0c06308,QEC_strict9_authoritative,${PROJECT_ROOT}\data\qec_results\incoming_2026_07_27\strict_new9_results_COMPLETE_2026_07_27_extracted\results\CO2_cc-pVDZ_SE_HFSCF_10_2026-07-27T00-43-22\results\beb_xsec.dat,False,unified119,"2026-09-06 source audit: provenance reconstructed from the actual frozen training input files, with original experiment citations and acquisition carriers distinguished where recovered. This audit verifies source metadata, not independent re-digitisation of every numerical value. See source_completeness_status for unresolved source limitations. Earlier identity-level claims are retained separately as legacy metadata, not current verification.",54,curve_point | fixed_70_75eV,NIST_strict_numeric | published_fixed_energy,${ARCHIVE_ROOT}\nist_strict_usable_numeric_pairs_2026_07_30\paired_numeric\004_CO2_BEB_vs_experiment.csv | ${ARCHIVE_ROOT}\outputs\no_qec_priority_2026_07_31\ready100_fixed_energy_with_existing_beb_no_qec.csv,0,True
carbon-disulfide,carbon disulfide,CS2,READY_NUMERIC_EXPERIMENT_PLUS_BEB,experimental_curve_points;experimental_fixed_or_sparse_points,60,https://physics.nist.gov/cgi-bin/Ionization/graph_new.pl?element=CS2.0 | 10.1021/acs.jpca.0c06308 | https://repository.lib.ncsu.edu/bitstreams/e76df401-02d2-4db1-903b-dad1b9e89fe0/download | https://pubs.acs.org/doi/10.1021/acs.jpca.0c06308,NIST_SRD107_numeric_BEB,${ARCHIVE_ROOT}\nist_strict_usable_numeric_pairs_2026_07_30\beb_numeric_corrected\005_CS2_BEB_corrected.csv,False,unified119,"2026-09-06 source audit: provenance reconstructed from the actual frozen training input files, with original experiment citations and acquisition carriers distinguished where recovered. This audit verifies source metadata, not independent re-digitisation of every numerical value. See source_completeness_status for unresolved source limitations. Earlier identity-level claims are retained separately as legacy metadata, not current verification.",60,curve_point | fixed_70_75eV,NIST_strict_numeric | published_fixed_energy,${ARCHIVE_ROOT}\nist_strict_usable_numeric_pairs_2026_07_30\paired_numeric\005_CS2_BEB_vs_experiment.csv | ${ARCHIVE_ROOT}\outputs\no_qec_priority_2026_07_31\ready100_fixed_energy_with_existing_beb_no_qec.csv,0,True
carbon-monosulfide,carbon monosulfide,CS,READY_NUMERIC_EXPERIMENT_PLUS_BEB,experimental_curve_points,32,https://physics.nist.gov/cgi-bin/Ionization/graph_new.pl?element=CS.0,QEC_new32_exact_manifest,new32_qec_beb_successful30_2026_07_30.tar.gz::CS_cc-pVDZ_SE_HFSCF_10_2026-07-30T00-16-13/results/beb_xsec.dat,False,unified119,"2026-09-06 source audit: provenance reconstructed from the actual frozen training input files, with original experiment citations and acquisition carriers distinguished where recovered. This audit verifies source metadata, not independent re-digitisation of every numerical value. See source_completeness_status for unresolved source limitations. Earlier identity-level claims are retained separately as legacy metadata, not current verification.",32,curve_point,NIST_strict_numeric,${ARCHIVE_ROOT}\nist_strict_usable_numeric_pairs_2026_07_30\paired_numeric\006_CS_BEB_vs_experiment.csv,0,True
carbon-monoxide,carbon monoxide,CO,READY_NUMERIC_EXPERIMENT_PLUS_BEB,experimental_curve_points;experimental_fixed_or_sparse_points,68,https://physics.nist.gov/cgi-bin/Ionization/graph_new.pl?element=CO.0 | 10.1021/acs.jpca.0c06308 | https://repository.lib.ncsu.edu/bitstreams/e76df401-02d2-4db1-903b-dad1b9e89fe0/download | https://pubs.acs.org/doi/10.1021/acs.jpca.0c06308,QEC_strict9_authoritative,${PROJECT_ROOT}\data\qec_results\incoming_2026_07_27\strict_new9_results_COMPLETE_2026_07_27_extracted\results\CO_cc-pVDZ_SE_HFSCF_10_2026-07-27T00-42-51\results\beb_xsec.dat,False,unified119,"2026-09-06 source audit: provenance reconstructed from the actual frozen training input files, with original experiment citations and acquisition carriers distinguished where recovered. This audit verifies source metadata, not independent re-digitisation of every numerical value. See source_completeness_status for unresolved source limitations. Earlier identity-level claims are retained separately as legacy metadata, not current verification.",68,curve_point | fixed_70_75eV,NIST_strict_numeric | published_fixed_energy,${ARCHIVE_ROOT}\nist_strict_usable_numeric_pairs_2026_07_30\paired_numeric\007_CO_BEB_vs_experiment.csv | ${ARCHIVE_ROOT}\outputs\no_qec_priority_2026_07_31\ready100_fixed_energy_with_existing_beb_no_qec.csv,3,True
carbon-tetrabromide,carbon tetrabromide,CBr4,READY_NUMERIC_EXPERIMENT_PLUS_BEB,experimental_peak_height,1,10.1002/sia.2091,published_raw_ECP_BEB_peak,${ARCHIVE_ROOT}\outputs\no_qec_priority_2026_07_31\scott_irikura2005_new5_strict_peak_pairs_2026_08_02.csv,False,Scott_Irikura_2005_heavy_element_new5,"2026-09-06 source audit: provenance reconstructed from the actual frozen training input files, with original experiment citations and acquisition carriers distinguished where recovered. This audit verifies source metadata, not independent re-digitisation of every numerical value. See source_completeness_status for unresolved source limitations. Earlier identity-level claims are retained separately as legacy metadata, not current verification.",1,peak_height_numeric,published_ECP_BEB_peak_pair,${ARCHIVE_ROOT}\outputs\no_qec_priority_2026_07_31\scott_irikura2005_new5_strict_peak_pairs_2026_08_02.csv,1,True
carbon-tetrachloride,carbon tetrachloride,CCl4,READY_NUMERIC_EXPERIMENT_PLUS_BEB,experimental_peak_height,1,10.1088/0953-4075/34/15/309,published_raw_uncorrected_BEB_peak,${ARCHIVE_ROOT}\outputs\no_qec_priority_2026_07_31\bart_hudson2001_new6_strict_peak_pairs_2026_08_02.csv,False,Bart_Hudson_2001_new6,"2026-09-06 source audit: provenance reconstructed from the actual frozen training input files, with original experiment citations and acquisition carriers distinguished where recovered. This audit verifies source metadata, not independent re-digitisation of every numerical value. See source_completeness_status for unresolved source limitations. Earlier identity-level claims are retained separately as legacy metadata, not current verification.",1,peak_height_numeric,published_raw_BEB_peak_pair,${ARCHIVE_ROOT}\outputs\no_qec_priority_2026_07_31\bart_hudson2001_new6_strict_peak_pairs_2026_08_02.csv,2,True
carbon-tetrafluoride,carbon tetrafluoride,CF4,READY_NUMERIC_EXPERIMENT_PLUS_BEB,experimental_curve_points,85,https://physics.nist.gov/cgi-bin/Ionization/graph_new.pl?element=CF4.0,NIST_SRD107_numeric_BEB,${ARCHIVE_ROOT}\nist_strict_usable_numeric_pairs_2026_07_30\beb_numeric_corrected\008_CF4_BEB_corrected.csv,False,unified119;Bull2012_numeric_peak32,"2026-09-06 source audit: provenance reconstructed from the actual frozen training input files, with original experiment citations and acquisition carriers distinguished where recovered. This audit verifies source metadata, not independent re-digitisation of every numerical value. See source_completeness_status for unresolved source limitations. Earlier identity-level claims are retained separately as legacy metadata, not current verification.",85,curve_point,NIST_strict_numeric,${ARCHIVE_ROOT}\nist_strict_usable_numeric_pairs_2026_07_30\paired_numeric\008_CF4_BEB_vs_experiment.csv,0,True
carbonyl-sulfide,carbonyl sulfide,COS,READY_NUMERIC_EXPERIMENT_PLUS_BEB,experimental_curve_points;experimental_fixed_or_sparse_points,24,https://physics.nist.gov/cgi-bin/Ionization/graph_new.pl?element=COS.0 | 10.1021/acs.jpca.0c06308 | https://repository.lib.ncsu.edu/bitstreams/e76df401-02d2-4db1-903b-dad1b9e89fe0/download | https://pubs.acs.org/doi/10.1021/acs.jpca.0c06308,NIST_SRD107_numeric_BEB,${ARCHIVE_ROOT}\nist_strict_usable_numeric_pairs_2026_07_30\beb_numeric_corrected\009_COS_BEB_corrected.csv,False,unified119,"2026-09-06 source audit: provenance reconstructed from the actual frozen training input files, with original experiment citations and acquisition carriers distinguished where recovered. This audit verifies source metadata, not independent re-digitisation of every numerical value. See source_completeness_status for unresolved source limitations. Earlier identity-level claims are retained separately as legacy metadata, not current verification.",24,curve_point | fixed_70_75eV,NIST_strict_numeric | published_fixed_energy,${ARCHIVE_ROOT}\nist_strict_usable_numeric_pairs_2026_07_30\paired_numeric\009_COS_BEB_vs_experiment.csv | ${ARCHIVE_ROOT}\outputs\no_qec_priority_2026_07_31\ready100_fixed_energy_with_existing_beb_no_qec.csv,4,True
chlorine,Chlorine,Cl2,READY_NUMERIC_EXPERIMENT_PLUS_BEB,experimental_fixed_or_sparse_points,1,10.1021/acs.jpca.0c06308 | https://repository.lib.ncsu.edu/bitstreams/e76df401-02d2-4db1-903b-dad1b9e89fe0/download | https://pubs.acs.org/doi/10.1021/acs.jpca.0c06308,QEC_new32_exact_manifest,new32_qec_beb_successful30_2026_07_30.tar.gz::Cl2_cc-pVDZ_SE_HFSCF_10_2026-07-30T00-15-42/results/beb_xsec.dat,False,unified119,"2026-09-06 source audit: provenance reconstructed from the actual frozen training input files, with original experiment citations and acquisition carriers distinguished where recovered. This audit verifies source metadata, not independent re-digitisation of every numerical value. See source_completeness_status for unresolved source limitations. Earlier identity-level claims are retained separately as legacy metadata, not current verification.",1,fixed_70_75eV,published_fixed_energy,${ARCHIVE_ROOT}\outputs\no_qec_priority_2026_07_31\ready100_fixed_energy_with_existing_beb_no_qec.csv,3,True
chlorodifluoromethane,chlorodifluoromethane,CHClF2,READY_NUMERIC_EXPERIMENT_PLUS_BEB,experimental_fixed_or_sparse_points,1,10.1021/acs.jpca.0c06308,NIST_SRD107_numeric_BEB,${ARCHIVE_ROOT}\outputs\no_qec_priority_2026_07_31\nist_beb_expansion_2026_07_31\chlorodifluoromethane_CHClF2_NIST_BEB.csv,False,NIST_new8,"2026-09-06 source audit: provenance reconstructed from the actual frozen training input files, with original experiment citations and acquisition carriers distinguished where recovered. This audit verifies source metadata, not independent re-digitisation of every numerical value. See source_completeness_status for unresolved source limitations. Earlier identity-level claims are retained separately as legacy metadata, not current verification.",1,fixed_energy_numeric,strict_incremental_numeric,${ARCHIVE_ROOT}\outputs\no_qec_priority_2026_07_31\new25_incremental_identity_ledger_2026_08_01.csv,4,True
chloroethane,chloroethane,C2H5Cl,READY_NUMERIC_EXPERIMENT_PLUS_BEB,experimental_curve_points,28,https://ir.canterbury.ac.nz/server/api/core/bitstreams/7106f9ca-1e1a-47c9-8224-7886f52b012e/content,QEC_old45_exact_XYZ_reaudited,${PROJECT_ROOT}\data\qec_results\incoming_2026_07_27\audit_all45_complete_2026_07_27_extracted\results\C2ClH5_cc-pVDZ_SE_HFSCF_10_2026-07-26T20-47-17\results\beb_xsec.dat,False,unified119,"2026-09-06 source audit: provenance reconstructed from the actual frozen training input files, with original experiment citations and acquisition carriers distinguished where recovered. This audit verifies source metadata, not independent re-digitisation of every numerical value. See source_completeness_status for unresolved source limitations. Earlier identity-level claims are retained separately as legacy metadata, not current verification.",28,curve_point,C_figure_digitised_peak_validated,${PROJECT_ROOT}\data\processed\expanded_measured_total_master_2026_07_26.csv,0,True
chloroform,chloroform,CHCl3,READY_NUMERIC_EXPERIMENT_PLUS_BEB,experimental_curve_points,28,https://ir.canterbury.ac.nz/server/api/core/bitstreams/7106f9ca-1e1a-47c9-8224-7886f52b012e/content,QEC_old45_exact_XYZ_reaudited,${PROJECT_ROOT}\data\qec_results\incoming_2026_07_27\audit_all45_complete_2026_07_27_extracted\results\CCl3H_cc-pVDZ_SE_HFSCF_10_2026-07-24T18-08-53\results\beb_xsec.dat,False,unified119,"2026-09-06 source audit: provenance reconstructed from the actual frozen training input files, with original experiment citations and acquisition carriers distinguished where recovered. This audit verifies source metadata, not independent re-digitisation of every numerical value. See source_completeness_status for unresolved source limitations. Earlier identity-level claims are retained separately as legacy metadata, not current verification.",28,curve_point,C_figure_digitised_peak_validated,${PROJECT_ROOT}\data\processed\expanded_measured_total_master_2026_07_26.csv,1,True
chloromethane,chloromethane,CH3Cl,READY_NUMERIC_EXPERIMENT_PLUS_BEB,experimental_curve_points,45,10.1063/1.1506152 | https://ir.canterbury.ac.nz/server/api/core/bitstreams/7106f9ca-1e1a-47c9-8224-7886f52b012e/content | https://www.ruf.rice.edu/~atmol/electron_data.html,QEC_old45_exact_XYZ_reaudited,${PROJECT_ROOT}\data\qec_results\incoming_2026_07_27\audit_all45_complete_2026_07_27_extracted\results\CClH3_cc-pVDZ_SE_HFSCF_10_2026-07-24T18-02-26\results\beb_xsec.dat,False,unified119,"2026-09-06 source audit: provenance reconstructed from the actual frozen training input files, with original experiment citations and acquisition carriers distinguished where recovered. This audit verifies source metadata, not independent re-digitisation of every numerical value. See source_completeness_status for unresolved source limitations. Earlier identity-level claims are retained separately as legacy metadata, not current verification.",45,curve_point,B_derived_from_measured_partial_channels | C_figure_digitised_peak_validated,${PROJECT_ROOT}\data\processed\expanded_measured_total_master_2026_07_26.csv,3,True
chlorotrifluoromethane,chlorotrifluoromethane,CF3Cl,READY_NUMERIC_EXPERIMENT_PLUS_BEB,experimental_fixed_or_sparse_points,1,10.1021/acs.jpca.0c06308 | https://repository.lib.ncsu.edu/bitstreams/e76df401-02d2-4db1-903b-dad1b9e89fe0/download | https://pubs.acs.org/doi/10.1021/acs.jpca.0c06308,published_numeric_BEB,${ARCHIVE_ROOT}\existing_beb_150_checkpoint_2026_07_30\beb_numeric\136_chlorotrifluoromethane_BEB.csv,False,unified119,"2026-09-06 source audit: provenance reconstructed from the actual frozen training input files, with original experiment citations and acquisition carriers distinguished where recovered. This audit verifies source metadata, not independent re-digitisation of every numerical value. See source_completeness_status for unresolved source limitations. Earlier identity-level claims are retained separately as legacy metadata, not current verification.",1,fixed_70_75eV,published_fixed_energy,${ARCHIVE_ROOT}\outputs\no_qec_priority_2026_07_31\ready100_fixed_energy_with_existing_beb_no_qec.csv,0,True
cyclobutane,cyclobutane,C4H8,READY_NUMERIC_EXPERIMENT_PLUS_BEB,experimental_fixed_or_sparse_points,1,10.1021/acs.jpca.0c06308,Zhong_database_published_numeric_BEB,${ARCHIVE_ROOT}\source_cache\zhong_database_88_extracted\id_28\C4H8.csv,False,Zhong_Bose_exact_identity,"2026-09-06 source audit: provenance reconstructed from the actual frozen training input files, with original experiment citations and acquisition carriers distinguished where recovered. This audit verifies source metadata, not independent re-digitisation of every numerical value. See source_completeness_status for unresolved source limitations. Earlier identity-level claims are retained separately as legacy metadata, not current verification.",1,fixed_70_75eV,published_fixed_energy_Zhong,${ARCHIVE_ROOT}\outputs\no_qec_priority_2026_07_31\zhong_bose8_strict_fixed_energy_pairs_2026_08_01.csv,1,True
cyclohexane,Cyclohexane,C6H12,READY_NUMERIC_EXPERIMENT_PLUS_BEB,experimental_fixed_or_sparse_points,1,10.1021/acs.jpca.0c06308 | https://repository.lib.ncsu.edu/bitstreams/e76df401-02d2-4db1-903b-dad1b9e89fe0/download | https://pubs.acs.org/doi/10.1021/acs.jpca.0c06308,QEC_new32_exact_manifest,new32_qec_beb_successful30_2026_07_30.tar.gz::C6H12_cc-pVDZ_SE_HFSCF_10_2026-07-30T18-52-10/results/beb_xsec.dat,False,unified119,"2026-09-06 source audit: provenance reconstructed from the actual frozen training input files, with original experiment citations and acquisition carriers distinguished where recovered. This audit verifies source metadata, not independent re-digitisation of every numerical value. See source_completeness_status for unresolved source limitations. Earlier identity-level claims are retained separately as legacy metadata, not current verification.",1,fixed_70_75eV,published_fixed_energy,${ARCHIVE_ROOT}\outputs\no_qec_priority_2026_07_31\ready100_fixed_energy_with_existing_beb_no_qec.csv,2,True
cyclohexene,Cyclohexene,C6H10,READY_NUMERIC_EXPERIMENT_PLUS_BEB,experimental_fixed_or_sparse_points,1,10.1021/acs.jpca.0c06308 | https://repository.lib.ncsu.edu/bitstreams/e76df401-02d2-4db1-903b-dad1b9e89fe0/download | https://pubs.acs.org/doi/10.1021/acs.jpca.0c06308,QEC_new32_exact_manifest,new32_qec_beb_successful30_2026_07_30.tar.gz::C6H10_cc-pVDZ_SE_HFSCF_10_2026-07-30T17-30-03/results/beb_xsec.dat,False,unified119,"2026-09-06 source audit: provenance reconstructed from the actual frozen training input files, with original experiment citations and acquisition carriers distinguished where recovered. This audit verifies source metadata, not independent re-digitisation of every numerical value. See source_completeness_status for unresolved source limitations. Earlier identity-level claims are retained separately as legacy metadata, not current verification.",1,fixed_70_75eV,published_fixed_energy,${ARCHIVE_ROOT}\outputs\no_qec_priority_2026_07_31\ready100_fixed_energy_with_existing_beb_no_qec.csv,3,True
cyclopentane,Cyclopentane,C5H10,READY_NUMERIC_EXPERIMENT_PLUS_BEB,experimental_fixed_or_sparse_points,1,10.1021/acs.jpca.0c06308 | https://repository.lib.ncsu.edu/bitstreams/e76df401-02d2-4db1-903b-dad1b9e89fe0/download | https://pubs.acs.org/doi/10.1021/acs.jpca.0c06308,QEC_new32_exact_manifest,new32_qec_beb_successful30_2026_07_30.tar.gz::C5H10_cc-pVDZ_SE_HFSCF_10_2026-07-30T16-46-21/results/beb_xsec.dat,False,unified119,"2026-09-06 source audit: provenance reconstructed from the actual frozen training input files, with original experiment citations and acquisition carriers distinguished where recovered. This audit verifies source metadata, not independent re-digitisation of every numerical value. See source_completeness_status for unresolved source limitations. Earlier identity-level claims are retained separately as legacy metadata, not current verification.",1,fixed_70_75eV,published_fixed_energy,${ARCHIVE_ROOT}\outputs\no_qec_priority_2026_07_31\ready100_fixed_energy_with_existing_beb_no_qec.csv,4,True
cyclopentanone,cyclopentanone,C5H8O,READY_NUMERIC_EXPERIMENT_PLUS_BEB,experimental_fixed_or_sparse_points,1,10.1021/acs.jpca.0c06308,Zhong_database_published_numeric_BEB,${ARCHIVE_ROOT}\source_cache\zhong_database_88_extracted\id_53\C5H8O.csv,False,Zhong_Bose_exact_identity,"2026-09-06 source audit: provenance reconstructed from the actual frozen training input files, with original experiment citations and acquisition carriers distinguished where recovered. This audit verifies source metadata, not independent re-digitisation of every numerical value. See source_completeness_status for unresolved source limitations. Earlier identity-level claims are retained separately as legacy metadata, not current verification.",1,fixed_70_75eV,published_fixed_energy_Zhong,${ARCHIVE_ROOT}\outputs\no_qec_priority_2026_07_31\zhong_bose8_strict_fixed_energy_pairs_2026_08_01.csv,0,True
cyclopropane,cyclopropane,C3H6,READY_NUMERIC_EXPERIMENT_PLUS_BEB,experimental_fixed_or_sparse_points,1,10.1021/acs.jpca.0c06308,Zhong_database_published_numeric_BEB,${ARCHIVE_ROOT}\source_cache\zhong_database_88_extracted\id_22\C3H6.csv,False,Zhong_Bose_exact_identity,"2026-09-06 source audit: provenance reconstructed from the actual frozen training input files, with original experiment citations and acquisition carriers distinguished where recovered. This audit verifies source metadata, not independent re-digitisation of every numerical value. See source_completeness_status for unresolved source limitations. Earlier identity-level claims are retained separately as legacy metadata, not current verification.",1,fixed_70_75eV,published_fixed_energy_Zhong,${ARCHIVE_ROOT}\outputs\no_qec_priority_2026_07_31\zhong_bose8_strict_fixed_energy_pairs_2026_08_01.csv,1,True
dibromomethane,dibromomethane,CH2Br2,READY_NUMERIC_EXPERIMENT_PLUS_BEB,experimental_peak_height,1,10.1039/B009243F,published_raw_uncorrected_BEB_peak,${ARCHIVE_ROOT}\outputs\no_qec_priority_2026_07_31\bart_hudson2001_new6_strict_peak_pairs_2026_08_02.csv,False,Bart_Hudson_2001_new6,"2026-09-06 source audit: provenance reconstructed from the actual frozen training input files, with original experiment citations and acquisition carriers distinguished where recovered. This audit verifies source metadata, not independent re-digitisation of every numerical value. See source_completeness_status for unresolved source limitations. Earlier identity-level claims are retained separately as legacy metadata, not current verification.",1,peak_height_numeric,published_raw_BEB_peak_pair,${ARCHIVE_ROOT}\outputs\no_qec_priority_2026_07_31\bart_hudson2001_new6_strict_peak_pairs_2026_08_02.csv,2,True
dichlorodifluoromethane,dichlorodifluoromethane,CCl2F2,READY_NUMERIC_EXPERIMENT_PLUS_BEB,experimental_curve_points,14,10.1063/1.1761055 | https://www.ruf.rice.edu/~atmol/electron_data.html,published_numeric_BEB,${ARCHIVE_ROOT}\existing_beb_150_checkpoint_2026_07_30\beb_numeric\135_dichlorodifluoromethane_BEB.csv,False,unified119,"2026-09-06 source audit: provenance reconstructed from the actual frozen training input files, with original experiment citations and acquisition carriers distinguished where recovered. This audit verifies source metadata, not independent re-digitisation of every numerical value. See source_completeness_status for unresolved source limitations. Earlier identity-level claims are retained separately as legacy metadata, not current verification.",14,curve_point,B_derived_from_measured_partial_channels,${PROJECT_ROOT}\data\processed\expanded_measured_total_master_2026_07_26.csv,3,True
dichlorofluoromethane,dichlorofluoromethane,CHCl2F,READY_NUMERIC_EXPERIMENT_PLUS_BEB,experimental_fixed_or_sparse_points,1,10.1021/acs.jpca.0c06308,NIST_SRD107_numeric_BEB,${ARCHIVE_ROOT}\outputs\no_qec_priority_2026_07_31\nist_beb_expansion_2026_07_31\dichlorofluoromethane_CHCl2F_NIST_BEB.csv,False,NIST_new8,"2026-09-06 source audit: provenance reconstructed from the actual frozen training input files, with original experiment citations and acquisition carriers distinguished where recovered. This audit verifies source metadata, not independent re-digitisation of every numerical value. See source_completeness_status for unresolved source limitations. Earlier identity-level claims are retained separately as legacy metadata, not current verification.",1,fixed_energy_numeric,strict_incremental_numeric,${ARCHIVE_ROOT}\outputs\no_qec_priority_2026_07_31\new25_incremental_identity_ledger_2026_08_01.csv,3,True
dichloromethane,dichloromethane,CH2Cl2,READY_NUMERIC_EXPERIMENT_PLUS_BEB,experimental_peak_height,1,10.1088/0953-4075/34/15/309,published_raw_uncorrected_BEB_peak,${ARCHIVE_ROOT}\outputs\no_qec_priority_2026_07_31\bart_hudson2001_dichloromethane_strict_peak_pair_2026_08_02.csv,False,Bart_Hudson_2001_dichloromethane,"2026-09-06 source audit: provenance reconstructed from the actual frozen training input files, with original experiment citations and acquisition carriers distinguished where recovered. This audit verifies source metadata, not independent re-digitisation of every numerical value. See source_completeness_status for unresolved source limitations. Earlier identity-level claims are retained separately as legacy metadata, not current verification.",1,peak_height_numeric,published_raw_BEB_peak_pair,${ARCHIVE_ROOT}\outputs\no_qec_priority_2026_07_31\bart_hudson2001_dichloromethane_strict_peak_pair_2026_08_02.csv,4,True
diethyl-ether,diethyl ether,C4H10O,READY_NUMERIC_EXPERIMENT_PLUS_BEB,experimental_curve_points;experimental_fixed_or_sparse_points;experimental_peak_height,57,10.1016/j.ijms.2008.03.003 | 10.1021/jp210294p | https://pubs.acs.org/doi/10.1021/jp210294p | 10.1021/acs.jpca.0c06308 | https://repository.lib.ncsu.edu/bitstreams/e76df401-02d2-4db1-903b-dad1b9e89fe0/download | https://pubs.acs.org/doi/10.1021/acs.jpca.0c06308,QEC_core17_authoritative,qec_first18_results_2026_07_24.tar.gz::results/C4H10O_cc-pVDZ_SE_HFSCF_10_2026-07-23T21-23-31/results/beb_xsec.dat,False,unified119;Bull2012_numeric_peak32,"2026-09-06 source audit: provenance reconstructed from the actual frozen training input files, with original experiment citations and acquisition carriers distinguished where recovered. This audit verifies source metadata, not independent re-digitisation of every numerical value. See source_completeness_status for unresolved source limitations. Earlier identity-level claims are retained separately as legacy metadata, not current verification.",57,curve_point | fixed_70_75eV | peak_height,A_table | published_fixed_energy | published_numeric_peak,${ARCHIVE_ROOT}\outputs\no_qec_priority_2026_07_31\agent_bull2012_peak32.csv | ${ARCHIVE_ROOT}\outputs\no_qec_priority_2026_07_31\ready100_fixed_energy_with_existing_beb_no_qec.csv | ${PROJECT_ROOT}\data\processed\qec_low_energy_priority_curve_points_2026_07_26.csv,3,True
difluoromethane,difluoromethane,CH2F2,READY_NUMERIC_EXPERIMENT_PLUS_BEB,experimental_fixed_or_sparse_points,1,10.1021/acs.jpca.0c06308,Zhong_database_published_numeric_BEB,${ARCHIVE_ROOT}\source_cache\zhong_database_88_extracted\id_56\CH2F2.csv,False,Zhong_Bose_exact_identity,"2026-09-06 source audit: provenance reconstructed from the actual frozen training input files, with original experiment citations and acquisition carriers distinguished where recovered. This audit verifies source metadata, not independent re-digitisation of every numerical value. See source_completeness_status for unresolved source limitations. Earlier identity-level claims are retained separately as legacy metadata, not current verification.",1,fixed_70_75eV,published_fixed_energy_Zhong,${ARCHIVE_ROOT}\outputs\no_qec_priority_2026_07_31\zhong_bose8_strict_fixed_energy_pairs_2026_08_01.csv,0,True
difluoromethylene-radical,difluoromethylene radical,CF2,READY_NUMERIC_EXPERIMENT_PLUS_RAW_BEB_DIGITIZED_TIER_B,experimental_fixed_or_sparse_points,1,10.1016/S0009-2614(02)00633-4,published_raw_BEB_figure_digitized,${ARCHIVE_ROOT}\outputs\current_experiment_beb_master_2026_08_01\cf2_cf3_nf2_nf3_experiment_beb_READY_TIER_B.csv,False,Huo2002_CFx_NFx,"2026-09-06 source audit: provenance reconstructed from the actual frozen training input files, with original experiment citations and acquisition carriers distinguished where recovered. This audit verifies source metadata, not independent re-digitisation of every numerical value. See source_completeness_status for unresolved source limitations. Earlier identity-level claims are retained separately as legacy metadata, not current verification.",1,sparse_point,digitized_Tier_B,${ARCHIVE_ROOT}\outputs\current_experiment_beb_master_2026_08_01\cf2_cf3_nf2_nf3_experiment_beb_READY_TIER_B.csv,1,True
diisopropyl-ether,diisopropyl ether,C6H14O,READY_NUMERIC_EXPERIMENT_PLUS_BEB,experimental_fixed_or_sparse_points,1,10.1021/acs.jpca.0c06308 | https://repository.lib.ncsu.edu/bitstreams/e76df401-02d2-4db1-903b-dad1b9e89fe0/download | https://pubs.acs.org/doi/10.1021/acs.jpca.0c06308,published_numeric_BEB,${ARCHIVE_ROOT}\existing_beb_150_checkpoint_2026_07_30\beb_numeric\027_diisopropyl_ether_BEB.csv,False,unified119;Bull2012_numeric_peak32,"2026-09-06 source audit: provenance reconstructed from the actual frozen training input files, with original experiment citations and acquisition carriers distinguished where recovered. This audit verifies source metadata, not independent re-digitisation of every numerical value. See source_completeness_status for unresolved source limitations. Earlier identity-level claims are retained separately as legacy metadata, not current verification.",1,fixed_70_75eV,published_fixed_energy,${ARCHIVE_ROOT}\outputs\no_qec_priority_2026_07_31\ready100_fixed_energy_with_existing_beb_no_qec.csv,2,True
dimethyl-ether,Dimethylether,C2H6O,READY_NUMERIC_EXPERIMENT_PLUS_BEB,experimental_fixed_or_sparse_points,1,10.1021/acs.jpca.0c06308,ALeCS_BEB_256_points,${ARCHIVE_ROOT}\outputs\alecs_bose396_match_2026_08_01\approved_ambiguous_identity_16\beb_curves_A2\004_dimethylether_ALeCS_BEB_A2.csv,False,ALeCS_Bose_connectivity_resolved,"2026-09-06 source audit: provenance reconstructed from the actual frozen training input files, with original experiment citations and acquisition carriers distinguished where recovered. This audit verifies source metadata, not independent re-digitisation of every numerical value. See source_completeness_status for unresolved source limitations. Earlier identity-level claims are retained separately as legacy metadata, not current verification.",1,fixed_70_75eV,published_fixed_energy_ALeCS,${ARCHIVE_ROOT}\outputs\alecs_bose396_match_2026_08_01\approved_ambiguous_identity_16\approved_16_manifest.csv,3,True
dipropyl-ether,dipropyl ether,C6H14O,READY_NUMERIC_EXPERIMENT_PLUS_BEB,experimental_curve_points;experimental_fixed_or_sparse_points;experimental_peak_height,57,10.1016/j.ijms.2008.03.003 | 10.1021/jp210294p | https://pubs.acs.org/doi/10.1021/jp210294p | 10.1021/acs.jpca.0c06308 | https://repository.lib.ncsu.edu/bitstreams/e76df401-02d2-4db1-903b-dad1b9e89fe0/download | https://pubs.acs.org/doi/10.1021/acs.jpca.0c06308,QEC_core17_authoritative,qec_first18_results_2026_07_24.tar.gz::results/C6H14O_cc-pVDZ_SE_HFSCF_10_2026-07-23T21-48-21/results/beb_xsec.dat,False,unified119;Bull2012_numeric_peak32,"2026-09-06 source audit: provenance reconstructed from the actual frozen training input files, with original experiment citations and acquisition carriers distinguished where recovered. This audit verifies source metadata, not independent re-digitisation of every numerical value. See source_completeness_status for unresolved source limitations. Earlier identity-level claims are retained separately as legacy metadata, not current verification.",57,curve_point | fixed_70_75eV | peak_height,A_table | published_fixed_energy | published_numeric_peak,${ARCHIVE_ROOT}\outputs\no_qec_priority_2026_07_31\agent_bull2012_peak32.csv | ${ARCHIVE_ROOT}\outputs\no_qec_priority_2026_07_31\ready100_fixed_energy_with_existing_beb_no_qec.csv | ${PROJECT_ROOT}\data\processed\qec_low_energy_priority_curve_points_2026_07_26.csv,0,True
disilane,disilane,Si2H6,READY_NUMERIC_EXPERIMENT_PLUS_BEB_DIGITIZED_TIER_B,experimental_curve_points,38,https://physics.nist.gov/cgi-bin/Ionization/graph_new.pl?element=Si2H6.0,NIST_SRD107_numeric_BEB,${ARCHIVE_ROOT}\outputs\nist_beb_experimental_crawl_2026_08_01\beb_ascii\060_Si2H6_BEB.txt,False,NIST_graph_digitized_fast12_2026_08_02,"2026-09-06 source audit: provenance reconstructed from the actual frozen training input files, with original experiment citations and acquisition carriers distinguished where recovered. This audit verifies source metadata, not independent re-digitisation of every numerical value. See source_completeness_status for unresolved source limitations. Earlier identity-level claims are retained separately as legacy metadata, not current verification.",38,curve_point,NIST_strict_numeric,${ARCHIVE_ROOT}\nist_strict_usable_numeric_pairs_2026_07_30\paired_numeric\010_Si2H6_BEB_vs_experiment.csv,3,True
disulfur,disulfur,S2,READY_NUMERIC_EXPERIMENT_PLUS_BEB,experimental_curve_points,26,https://physics.nist.gov/cgi-bin/Ionization/graph_new.pl?element=S2.0,NIST_SRD107_numeric_BEB,${ARCHIVE_ROOT}\nist_strict_usable_numeric_pairs_2026_07_30\beb_numeric_corrected\011_S2_BEB_corrected.csv,False,unified119,"2026-09-06 source audit: provenance reconstructed from the actual frozen training input files, with original experiment citations and acquisition carriers distinguished where recovered. This audit verifies source metadata, not independent re-digitisation of every numerical value. See source_completeness_status for unresolved source limitations. Earlier identity-level claims are retained separately as legacy metadata, not current verification.",26,curve_point,NIST_strict_numeric,${ARCHIVE_ROOT}\nist_strict_usable_numeric_pairs_2026_07_30\paired_numeric\011_S2_BEB_vs_experiment.csv,3,True
ethane,Ethane,C2H6,READY_NUMERIC_EXPERIMENT_PLUS_BEB,experimental_curve_points;experimental_fixed_or_sparse_points;experimental_peak_height,57,https://physics.nist.gov/cgi-bin/Ionization/graph_new.pl?element=C2H6.0 | 10.1088/0953-4075/34/15/309 | 10.1021/acs.jpca.0c06308 | https://repository.lib.ncsu.edu/bitstreams/e76df401-02d2-4db1-903b-dad1b9e89fe0/download | https://pubs.acs.org/doi/10.1021/acs.jpca.0c06308,NIST_SRD107_numeric_BEB,${ARCHIVE_ROOT}\nist_strict_usable_numeric_pairs_2026_07_30\beb_numeric_corrected\012_C2H6_BEB_corrected.csv,False,unified119,"2026-09-06 source audit: provenance reconstructed from the actual frozen training input files, with original experiment citations and acquisition carriers distinguished where recovered. This audit verifies source metadata, not independent re-digitisation of every numerical value. See source_completeness_status for unresolved source limitations. Earlier identity-level claims are retained separately as legacy metadata, not current verification.",57,curve_point | fixed_70_75eV | peak_height,NIST_strict_numeric | published_fixed_energy | published_numeric_peak,${ARCHIVE_ROOT}\nist_strict_usable_numeric_pairs_2026_07_30\paired_numeric\012_C2H6_BEB_vs_experiment.csv | ${ARCHIVE_ROOT}\outputs\no_qec_priority_2026_07_31\agent_no_qec_immediate_numeric_peak_labels_50.csv | ${ARCHIVE_ROOT}\outputs\no_qec_priority_2026_07_31\ready100_fixed_energy_with_existing_beb_no_qec.csv,2,True
ethanethiol,ethanethiol,C2H6S,READY_NUMERIC_EXPERIMENT_PLUS_BEB,experimental_curve_points;experimental_fixed_or_sparse_points,49,10.1080/00268976.2019.1583389 | https://www.tandfonline.com/doi/full/10.1080/00268976.2019.1583389 | 10.1021/acs.jpca.0c06308 | https://repository.lib.ncsu.edu/bitstreams/e76df401-02d2-4db1-903b-dad1b9e89fe0/download | https://pubs.acs.org/doi/10.1021/acs.jpca.0c06308,QEC_new32_exact_manifest,new32_qec_beb_successful30_2026_07_30.tar.gz::C2H6S_cc-pVDZ_SE_HFSCF_10_2026-07-30T00-28-19/results/beb_xsec.dat,False,unified119,"2026-09-06 source audit: provenance reconstructed from the actual frozen training input files, with original experiment citations and acquisition carriers distinguished where recovered. This audit verifies source metadata, not independent re-digitisation of every numerical value. See source_completeness_status for unresolved source limitations. Earlier identity-level claims are retained separately as legacy metadata, not current verification.",49,curve_point | fixed_70_75eV,C_figure_digitised_peak_validated | published_fixed_energy,${ARCHIVE_ROOT}\outputs\no_qec_priority_2026_07_31\ready100_fixed_energy_with_existing_beb_no_qec.csv | ${PROJECT_ROOT}\data\processed\expanded_measured_total_master_2026_07_26.csv,1,True
ethanol,ethanol,C2H6O,READY_NUMERIC_EXPERIMENT_PLUS_BEB,experimental_fixed_or_sparse_points,1,10.1021/acs.jpca.0c06308 | https://repository.lib.ncsu.edu/bitstreams/e76df401-02d2-4db1-903b-dad1b9e89fe0/download | https://pubs.acs.org/doi/10.1021/acs.jpca.0c06308,published_numeric_BEB,${ARCHIVE_ROOT}\existing_beb_150_checkpoint_2026_07_30\beb_numeric\003_ethanol_BEB.csv,False,unified119;Bull2012_numeric_peak32;Nixon2016_Rejoub_absolute_alcohol_curve,"2026-09-06 source audit: provenance reconstructed from the actual frozen training input files, with original experiment citations and acquisition carriers distinguished where recovered. This audit verifies source metadata, not independent re-digitisation of every numerical value. See source_completeness_status for unresolved source limitations. Earlier identity-level claims are retained separately as legacy metadata, not current verification.",1,fixed_70_75eV,published_fixed_energy,${ARCHIVE_ROOT}\outputs\no_qec_priority_2026_07_31\ready100_fixed_energy_with_existing_beb_no_qec.csv,4,True
ethyl-acetate,ethyl acetate,C4H8O2,READY_NUMERIC_EXPERIMENT_PLUS_BEB,experimental_curve_points;experimental_fixed_or_sparse_points;experimental_peak_height,57,10.1016/j.ijms.2005.11.003 | 10.1021/acs.jpca.0c06308 | https://repository.lib.ncsu.edu/bitstreams/e76df401-02d2-4db1-903b-dad1b9e89fe0/download | https://pubs.acs.org/doi/10.1021/acs.jpca.0c06308,published_numeric_BEB,${ARCHIVE_ROOT}\existing_beb_150_checkpoint_2026_07_30\beb_numeric\036_ethyl_acetate_BEB.csv,False,unified119,"2026-09-06 source audit: legacy audit assertions superseded. Energy-dependent points were obtained by graph-marker tracking anchored to the Table 1 peak height, not an independent numerical table from the authors. Read-only replay found no final direct fallback values in this retained trace. The peak label separately uses the Table 1 height, unreported peak energy and source-accuracy uncertainty of 5%. The fixed-energy value is from the Bose compilation. Source labels updated after the 350-row exclusion; withdrawn series are not current training evidence.",57,curve_point | fixed_70_75eV | peak_height,C1_figure_digitised_source_peak_anchored | published_fixed_energy | published_numeric_peak,${ARCHIVE_ROOT}\outputs\no_qec_priority_2026_07_31\agent_no_qec_immediate_numeric_peak_labels_50.csv | ${ARCHIVE_ROOT}\outputs\no_qec_priority_2026_07_31\ready100_fixed_energy_with_existing_beb_no_qec.csv | ${ARCHIVE_ROOT}\outputs\no_qec_priority_2026_07_31\ready15_esters_experiment_beb\paired_curves\009_ethyl_acetate_experiment_beb_paired.csv,1,True
ethyl-formate,ethyl formate,C3H6O2,READY_NUMERIC_EXPERIMENT_PLUS_BEB,experimental_curve_points;experimental_fixed_or_sparse_points;experimental_peak_height,57,10.1016/j.ijms.2005.11.003 | 10.1021/acs.jpca.0c06308 | https://repository.lib.ncsu.edu/bitstreams/e76df401-02d2-4db1-903b-dad1b9e89fe0/download | https://pubs.acs.org/doi/10.1021/acs.jpca.0c06308,published_numeric_BEB,${ARCHIVE_ROOT}\existing_beb_150_checkpoint_2026_07_30\beb_numeric\029_ethyl_formate_BEB.csv,False,unified119,"2026-09-06 source audit: legacy audit assertions superseded. Energy-dependent points were obtained by graph-marker tracking anchored to the Table 1 peak height, not an independent numerical table from the authors. Read-only replay found no final direct fallback values in this retained trace. The peak label separately uses the Table 1 height, unreported peak energy and source-accuracy uncertainty of 5%. The fixed-energy value is from the Bose compilation. Source labels updated after the 350-row exclusion; withdrawn series are not current training evidence.",57,curve_point | fixed_70_75eV | peak_height,C1_figure_digitised_source_peak_anchored | published_fixed_energy | published_numeric_peak,${ARCHIVE_ROOT}\outputs\no_qec_priority_2026_07_31\agent_no_qec_immediate_numeric_peak_labels_50.csv | ${ARCHIVE_ROOT}\outputs\no_qec_priority_2026_07_31\ready100_fixed_energy_with_existing_beb_no_qec.csv | ${ARCHIVE_ROOT}\outputs\no_qec_priority_2026_07_31\ready15_esters_experiment_beb\paired_curves\002_ethyl_formate_experiment_beb_paired.csv,4,True
ethyl-methyl-ether,Ethyl methyl ether,C3H8O,READY_NUMERIC_EXPERIMENT_PLUS_BEB,experimental_fixed_or_sparse_points,1,10.1021/acs.jpca.0c06308,ALeCS_BEB_256_points,${ARCHIVE_ROOT}\outputs\alecs_bose396_match_2026_08_01\approved_same_identity_11\beb_curves_A2\009_ethyl_methyl_ether_ALeCS_BEB_A2.csv,False,ALeCS_Bose_structure_checked,"2026-09-06 source audit: provenance reconstructed from the actual frozen training input files, with original experiment citations and acquisition carriers distinguished where recovered. This audit verifies source metadata, not independent re-digitisation of every numerical value. See source_completeness_status for unresolved source limitations. Earlier identity-level claims are retained separately as legacy metadata, not current verification.",1,fixed_70_75eV,published_fixed_energy_ALeCS,${ARCHIVE_ROOT}\outputs\alecs_bose396_match_2026_08_01\approved_same_identity_11\approved_11_manifest.csv,0,True
ethylene,ethene,C2H4,READY_NUMERIC_EXPERIMENT_PLUS_BEB,experimental_curve_points;experimental_fixed_or_sparse_points,29,https://physics.nist.gov/cgi-bin/Ionization/graph_new.pl?element=C2H4.0 | 10.1021/acs.jpca.0c06308 | https://repository.lib.ncsu.edu/bitstreams/e76df401-02d2-4db1-903b-dad1b9e89fe0/download | https://pubs.acs.org/doi/10.1021/acs.jpca.0c06308,QEC_strict9_authoritative,${PROJECT_ROOT}\data\qec_results\incoming_2026_07_27\strict_new9_results_COMPLETE_2026_07_27_extracted\results\C2H4_cc-pVDZ_SE_HFSCF_10_2026-07-27T00-44-08\results\beb_xsec.dat,False,unified119,"2026-09-06 source audit: provenance reconstructed from the actual frozen training input files, with original experiment citations and acquisition carriers distinguished where recovered. This audit verifies source metadata, not independent re-digitisation of every numerical value. See source_completeness_status for unresolved source limitations. Earlier identity-level claims are retained separately as legacy metadata, not current verification.",29,curve_point | fixed_70_75eV,NIST_strict_numeric | published_fixed_energy,${ARCHIVE_ROOT}\nist_strict_usable_numeric_pairs_2026_07_30\paired_numeric\013_C2H4_BEB_vs_experiment.csv | ${ARCHIVE_ROOT}\outputs\no_qec_priority_2026_07_31\ready100_fixed_energy_with_existing_beb_no_qec.csv,1,True
ethylene-glycol,"1,2-Ethanediol or ethylene glycol",C2H6O2,READY_NUMERIC_EXPERIMENT_PLUS_BEB,experimental_fixed_or_sparse_points,1,10.1021/acs.jpca.0c06308,ALeCS_BEB_256_points,${ARCHIVE_ROOT}\outputs\alecs_bose396_match_2026_08_01\approved_ambiguous_identity_16\beb_curves_A2\003_12_ethanediol_or_ethylene_glycol_ALeCS_BEB_A2.csv,False,ALeCS_Bose_connectivity_resolved,"2026-09-06 source audit: provenance reconstructed from the actual frozen training input files, with original experiment citations and acquisition carriers distinguished where recovered. This audit verifies source metadata, not independent re-digitisation of every numerical value. See source_completeness_status for unresolved source limitations. Earlier identity-level claims are retained separately as legacy metadata, not current verification.",1,fixed_70_75eV,published_fixed_energy_ALeCS,${ARCHIVE_ROOT}\outputs\alecs_bose396_match_2026_08_01\approved_ambiguous_identity_16\approved_16_manifest.csv,1,True
fluorine,fluorine,F2,READY_NUMERIC_EXPERIMENT_PLUS_BEB,experimental_fixed_or_sparse_points,1,10.1021/acs.jpca.0c06308,Zhong_database_published_numeric_BEB,${ARCHIVE_ROOT}\source_cache\zhong_database_88_extracted\id_88\F2.csv,False,Zhong_Bose_exact_identity,"2026-09-06 source audit: provenance reconstructed from the actual frozen training input files, with original experiment citations and acquisition carriers distinguished where recovered. This audit verifies source metadata, not independent re-digitisation of every numerical value. See source_completeness_status for unresolved source limitations. Earlier identity-level claims are retained separately as legacy metadata, not current verification.",1,fixed_70_75eV,published_fixed_energy_Zhong,${ARCHIVE_ROOT}\outputs\no_qec_priority_2026_07_31\zhong_bose8_strict_fixed_energy_pairs_2026_08_01.csv,2,True
fluoromethane,fluoromethane,CH3F,READY_NUMERIC_EXPERIMENT_PLUS_BEB,experimental_fixed_or_sparse_points,1,10.1021/acs.jpca.0c06308 | https://repository.lib.ncsu.edu/bitstreams/e76df401-02d2-4db1-903b-dad1b9e89fe0/download | https://pubs.acs.org/doi/10.1021/acs.jpca.0c06308,QEC_old45_exact_XYZ_reaudited,${PROJECT_ROOT}\data\qec_results\incoming_2026_07_27\audit_all45_complete_2026_07_27_extracted\results\CFH3_cc-pVDZ_SE_HFSCF_10_2026-07-24T18-04-03\results\beb_xsec.dat,False,unified119;Bull2012_numeric_peak32,"2026-09-06 source audit: provenance reconstructed from the actual frozen training input files, with original experiment citations and acquisition carriers distinguished where recovered. This audit verifies source metadata, not independent re-digitisation of every numerical value. See source_completeness_status for unresolved source limitations. Earlier identity-level claims are retained separately as legacy metadata, not current verification.",1,fixed_70_75eV,published_fixed_energy,${ARCHIVE_ROOT}\outputs\no_qec_priority_2026_07_31\ready100_fixed_energy_with_existing_beb_no_qec.csv,3,True
formaldehyde,Formaldehyde,CH2O,READY_NUMERIC_EXPERIMENT_PLUS_BEB,experimental_fixed_or_sparse_points,1,10.1021/acs.jpca.0c06308 | https://repository.lib.ncsu.edu/bitstreams/e76df401-02d2-4db1-903b-dad1b9e89fe0/download | https://pubs.acs.org/doi/10.1021/acs.jpca.0c06308,published_numeric_BEB,${ARCHIVE_ROOT}\existing_beb_150_checkpoint_2026_07_30\beb_numeric\104_formaldehyde_BEB.csv,False,unified119,"2026-09-06 source audit: provenance reconstructed from the actual frozen training input files, with original experiment citations and acquisition carriers distinguished where recovered. This audit verifies source metadata, not independent re-digitisation of every numerical value. See source_completeness_status for unresolved source limitations. Earlier identity-level claims are retained separately as legacy metadata, not current verification.",1,fixed_70_75eV,published_fixed_energy,${ARCHIVE_ROOT}\outputs\no_qec_priority_2026_07_31\ready100_fixed_energy_with_existing_beb_no_qec.csv,4,True
formic-acid,Formic acid,CH2O2,READY_NUMERIC_EXPERIMENT_PLUS_BEB,experimental_fixed_or_sparse_points,1,10.1021/acs.jpca.0c06308 | https://repository.lib.ncsu.edu/bitstreams/e76df401-02d2-4db1-903b-dad1b9e89fe0/download | https://pubs.acs.org/doi/10.1021/acs.jpca.0c06308,QEC_new32_exact_manifest,new32_qec_beb_successful30_2026_07_30.tar.gz::CH2O2_cc-pVDZ_SE_HFSCF_10_2026-07-30T00-18-41/results/beb_xsec.dat,False,unified119,"2026-09-06 source audit: provenance reconstructed from the actual frozen training input files, with original experiment citations and acquisition carriers distinguished where recovered. This audit verifies source metadata, not independent re-digitisation of every numerical value. See source_completeness_status for unresolved source limitations. Earlier identity-level claims are retained separately as legacy metadata, not current verification.",1,fixed_70_75eV,published_fixed_energy,${ARCHIVE_ROOT}\outputs\no_qec_priority_2026_07_31\ready100_fixed_energy_with_existing_beb_no_qec.csv,0,True
furan,furan,C4H4O,READY_NUMERIC_EXPERIMENT_PLUS_BEB,experimental_fixed_or_sparse_points,1,10.1021/acs.jpca.0c06308,Zhong_database_published_numeric_BEB,${ARCHIVE_ROOT}\source_cache\zhong_database_88_extracted\id_49\C4H4O.csv,False,furan;Zhong_Bose_exact_identity,"2026-09-06 source audit: provenance reconstructed from the actual frozen training input files, with original experiment citations and acquisition carriers distinguished where recovered. This audit verifies source metadata, not independent re-digitisation of every numerical value. See source_completeness_status for unresolved source limitations. Earlier identity-level claims are retained separately as legacy metadata, not current verification.",1,fixed_70_75eV,published_fixed_energy_Zhong,${ARCHIVE_ROOT}\outputs\no_qec_priority_2026_07_31\zhong_bose8_strict_fixed_energy_pairs_2026_08_01.csv,1,True
gallium-monochloride,gallium monochloride,GaCl,READY_NUMERIC_EXPERIMENT_PLUS_BEB,experimental_peak_height,1,10.1002/sia.2091,published_raw_ECP_BEB_peak,${ARCHIVE_ROOT}\outputs\no_qec_priority_2026_07_31\scott_irikura2005_new5_strict_peak_pairs_2026_08_02.csv,False,Scott_Irikura_2005_heavy_element_new5,"2026-09-06 source audit: provenance reconstructed from the actual frozen training input files, with original experiment citations and acquisition carriers distinguished where recovered. This audit verifies source metadata, not independent re-digitisation of every numerical value. See source_completeness_status for unresolved source limitations. Earlier identity-level claims are retained separately as legacy metadata, not current verification.",1,peak_height_numeric,published_ECP_BEB_peak_pair,${ARCHIVE_ROOT}\outputs\no_qec_priority_2026_07_31\scott_irikura2005_new5_strict_peak_pairs_2026_08_02.csv,2,True
germane,germane,GeH4,READY_NUMERIC_EXPERIMENT_PLUS_BEB_DIGITIZED_TIER_B,experimental_fixed_or_sparse_points,1,"experimental_source=Perrin and Aarts experimental point as reproduced in Graves, Cooper and Tennyson (2021) Fig. 1; DOI 10.1063/5.0039465",NIST_SRD107_numeric_BEB,${ARCHIVE_ROOT}\outputs\nist_beb_experimental_crawl_2026_08_01\beb_ascii\065_GeH4_BEB.txt,False,BartGamman2021_Fig1_GeH4_single_point,"2026-09-06 source audit: provenance reconstructed from the actual frozen training input files, with original experiment citations and acquisition carriers distinguished where recovered. This audit verifies source metadata, not independent re-digitisation of every numerical value. See source_completeness_status for unresolved source limitations. Earlier identity-level claims are retained separately as legacy metadata, not current verification.",1,sparse_point,digitized_Tier_B,${ARCHIVE_ROOT}\outputs\current_experiment_beb_master_2026_08_01\geh4_single_point_READY_TIER_B.csv,3,True
glycolaldehyde,Glycolaldehyde,C2H4O2,READY_NUMERIC_EXPERIMENT_PLUS_BEB,experimental_fixed_or_sparse_points,1,10.1021/acs.jpca.0c06308,ALeCS_BEB_256_points,${ARCHIVE_ROOT}\outputs\alecs_bose396_match_2026_08_01\approved_ambiguous_identity_16\beb_curves_A2\012_glycolaldehyde_ALeCS_BEB_A2.csv,False,ALeCS_Bose_connectivity_resolved,"2026-09-06 source audit: provenance reconstructed from the actual frozen training input files, with original experiment citations and acquisition carriers distinguished where recovered. This audit verifies source metadata, not independent re-digitisation of every numerical value. See source_completeness_status for unresolved source limitations. Earlier identity-level claims are retained separately as legacy metadata, not current verification.",1,fixed_70_75eV,published_fixed_energy_ALeCS,${ARCHIVE_ROOT}\outputs\alecs_bose396_match_2026_08_01\approved_ambiguous_identity_16\approved_16_manifest.csv,4,True
hexafluoro-1-3-butadiene,perfluorobutadiene,C4F6,READY_NUMERIC_EXPERIMENT_PLUS_BEB,experimental_fixed_or_sparse_points,1,10.1021/acs.jpca.0c06308 | https://repository.lib.ncsu.edu/bitstreams/e76df401-02d2-4db1-903b-dad1b9e89fe0/download | https://pubs.acs.org/doi/10.1021/acs.jpca.0c06308,published_numeric_BEB,${ARCHIVE_ROOT}\existing_beb_150_checkpoint_2026_07_30\beb_numeric\018_hexafluoro-1_3-butadiene_BEB.csv,False,unified119;Bull2012_numeric_peak32,"2026-09-06 source audit: provenance reconstructed from the actual frozen training input files, with original experiment citations and acquisition carriers distinguished where recovered. This audit verifies source metadata, not independent re-digitisation of every numerical value. See source_completeness_status for unresolved source limitations. Earlier identity-level claims are retained separately as legacy metadata, not current verification.",1,fixed_70_75eV,published_fixed_energy,${ARCHIVE_ROOT}\outputs\no_qec_priority_2026_07_31\ready100_fixed_energy_with_existing_beb_no_qec.csv,0,True
hexafluoro-2-butyne,perfluorobutyne,C4F6,READY_NUMERIC_EXPERIMENT_PLUS_BEB,experimental_fixed_or_sparse_points,1,10.1021/acs.jpca.0c06308 | https://repository.lib.ncsu.edu/bitstreams/e76df401-02d2-4db1-903b-dad1b9e89fe0/download | https://pubs.acs.org/doi/10.1021/acs.jpca.0c06308,published_numeric_BEB,${ARCHIVE_ROOT}\existing_beb_150_checkpoint_2026_07_30\beb_numeric\016_hexafluoro-2-butyne_BEB.csv,False,unified119;Bull2012_numeric_peak32,"2026-09-06 source audit: provenance reconstructed from the actual frozen training input files, with original experiment citations and acquisition carriers distinguished where recovered. This audit verifies source metadata, not independent re-digitisation of every numerical value. See source_completeness_status for unresolved source limitations. Earlier identity-level claims are retained separately as legacy metadata, not current verification.",1,fixed_70_75eV,published_fixed_energy,${ARCHIVE_ROOT}\outputs\no_qec_priority_2026_07_31\ready100_fixed_energy_with_existing_beb_no_qec.csv,1,True
hexafluoroethane,perfluoroethane,C2F6,READY_NUMERIC_EXPERIMENT_PLUS_BEB,experimental_curve_points;experimental_fixed_or_sparse_points,74,https://physics.nist.gov/cgi-bin/Ionization/graph_new.pl?element=C2F6.0 | 10.1021/acs.jpca.0c06308 | https://repository.lib.ncsu.edu/bitstreams/e76df401-02d2-4db1-903b-dad1b9e89fe0/download | https://pubs.acs.org/doi/10.1021/acs.jpca.0c06308,NIST_SRD107_numeric_BEB,${ARCHIVE_ROOT}\nist_strict_usable_numeric_pairs_2026_07_30\beb_numeric_corrected\014_C2F6_BEB_corrected.csv,False,unified119;Bull2012_numeric_peak32,"2026-09-06 source audit: provenance reconstructed from the actual frozen training input files, with original experiment citations and acquisition carriers distinguished where recovered. This audit verifies source metadata, not independent re-digitisation of every numerical value. See source_completeness_status for unresolved source limitations. Earlier identity-level claims are retained separately as legacy metadata, not current verification.",74,curve_point | fixed_70_75eV,NIST_strict_numeric | published_fixed_energy,${ARCHIVE_ROOT}\nist_strict_usable_numeric_pairs_2026_07_30\paired_numeric\014_C2F6_BEB_vs_experiment.csv | ${ARCHIVE_ROOT}\outputs\no_qec_priority_2026_07_31\ready100_fixed_energy_with_existing_beb_no_qec.csv,4,True
hexafluoropropene,perfluoropropene,C3F6,READY_NUMERIC_EXPERIMENT_PLUS_BEB,experimental_fixed_or_sparse_points,1,10.1021/acs.jpca.0c06308 | https://repository.lib.ncsu.edu/bitstreams/e76df401-02d2-4db1-903b-dad1b9e89fe0/download | https://pubs.acs.org/doi/10.1021/acs.jpca.0c06308,published_numeric_BEB,${ARCHIVE_ROOT}\existing_beb_150_checkpoint_2026_07_30\beb_numeric\014_hexafluoropropene_BEB.csv,False,unified119;Bull2012_numeric_peak32,"2026-09-06 source audit: provenance reconstructed from the actual frozen training input files, with original experiment citations and acquisition carriers distinguished where recovered. This audit verifies source metadata, not independent re-digitisation of every numerical value. See source_completeness_status for unresolved source limitations. Earlier identity-level claims are retained separately as legacy metadata, not current verification.",1,fixed_70_75eV,published_fixed_energy,${ARCHIVE_ROOT}\outputs\no_qec_priority_2026_07_31\ready100_fixed_energy_with_existing_beb_no_qec.csv,2,True
hexamethyldisiloxane,hexamethyldisiloxane,C6H18OSi2,READY_NUMERIC_EXPERIMENT_PLUS_FORMULA_RECONSTRUCTED_BEB,experimental_fixed_or_sparse_points,1,10.1016/S1387-3806(98)14027-7,published_SI_formula_reconstructed_BEB,${ARCHIVE_ROOT}\outputs\no_qec_priority_2026_07_31\scott_irikura_heavy4_reconstructed_2026_08_01\tms2o_scott_irikura_2005_ecp_beb_A2.csv,False,Scott_Irikura_heavy_reconstructed,"2026-09-06 source audit: provenance reconstructed from the actual frozen training input files, with original experiment citations and acquisition carriers distinguished where recovered. This audit verifies source metadata, not independent re-digitisation of every numerical value. See source_completeness_status for unresolved source limitations. Earlier identity-level claims are retained separately as legacy metadata, not current verification.",1,fixed_energy_numeric,published_SI_formula_reconstructed_BEB,${ARCHIVE_ROOT}\outputs\no_qec_priority_2026_07_31\scott_irikura_heavy_ready_vs_pending_2026_08_01.csv,3,True
hexane,n-Hexane,C6H14,READY_NUMERIC_EXPERIMENT_PLUS_BEB,experimental_fixed_or_sparse_points,1,10.1021/acs.jpca.0c06308 | https://repository.lib.ncsu.edu/bitstreams/e76df401-02d2-4db1-903b-dad1b9e89fe0/download | https://pubs.acs.org/doi/10.1021/acs.jpca.0c06308,QEC_new32_exact_manifest,new32_qec_beb_successful30_2026_07_30.tar.gz::C6H14_cc-pVDZ_SE_HFSCF_10_2026-07-30T18-59-02/results/beb_xsec.dat,False,unified119,"2026-09-06 source audit: provenance reconstructed from the actual frozen training input files, with original experiment citations and acquisition carriers distinguished where recovered. This audit verifies source metadata, not independent re-digitisation of every numerical value. See source_completeness_status for unresolved source limitations. Earlier identity-level claims are retained separately as legacy metadata, not current verification.",1,fixed_70_75eV,published_fixed_energy,${ARCHIVE_ROOT}\outputs\no_qec_priority_2026_07_31\ready100_fixed_energy_with_existing_beb_no_qec.csv,4,True
hydrogen,hydrogen,H2,READY_NUMERIC_EXPERIMENT_PLUS_BEB,experimental_curve_points;experimental_fixed_or_sparse_points,50,https://physics.nist.gov/cgi-bin/Ionization/graph_new.pl?element=H2.0 | 10.1021/acs.jpca.0c06308 | https://repository.lib.ncsu.edu/bitstreams/e76df401-02d2-4db1-903b-dad1b9e89fe0/download | https://pubs.acs.org/doi/10.1021/acs.jpca.0c06308,QEC_strict9_authoritative,${PROJECT_ROOT}\data\qec_results\incoming_2026_07_27\strict_new9_results_COMPLETE_2026_07_27_extracted\results\H2_cc-pVDZ_SE_HFSCF_10_2026-07-27T00-44-44\results\beb_xsec.dat,False,unified119,"2026-09-06 source audit: provenance reconstructed from the actual frozen training input files, with original experiment citations and acquisition carriers distinguished where recovered. This audit verifies source metadata, not independent re-digitisation of every numerical value. See source_completeness_status for unresolved source limitations. Earlier identity-level claims are retained separately as legacy metadata, not current verification.",50,curve_point | fixed_70_75eV,NIST_strict_numeric | published_fixed_energy,${ARCHIVE_ROOT}\nist_strict_usable_numeric_pairs_2026_07_30\paired_numeric\015_H2_BEB_vs_experiment.csv | ${ARCHIVE_ROOT}\outputs\no_qec_priority_2026_07_31\ready100_fixed_energy_with_existing_beb_no_qec.csv,4,True
hydrogen-sulfide,hydrogen sulfide,H2S,READY_NUMERIC_EXPERIMENT_PLUS_BEB,experimental_curve_points;experimental_fixed_or_sparse_points,47,https://physics.nist.gov/cgi-bin/Ionization/graph_new.pl?element=H2S.0 | 10.1021/acs.jpca.0c06308 | https://repository.lib.ncsu.edu/bitstreams/e76df401-02d2-4db1-903b-dad1b9e89fe0/download | https://pubs.acs.org/doi/10.1021/acs.jpca.0c06308,NIST_SRD107_numeric_BEB,${ARCHIVE_ROOT}\nist_strict_usable_numeric_pairs_2026_07_30\beb_numeric_corrected\016_H2S_BEB_corrected.csv,False,unified119,"2026-09-06 source audit: provenance reconstructed from the actual frozen training input files, with original experiment citations and acquisition carriers distinguished where recovered. This audit verifies source metadata, not independent re-digitisation of every numerical value. See source_completeness_status for unresolved source limitations. Earlier identity-level claims are retained separately as legacy metadata, not current verification.",47,curve_point | fixed_70_75eV,NIST_strict_numeric | published_fixed_energy,${ARCHIVE_ROOT}\nist_strict_usable_numeric_pairs_2026_07_30\paired_numeric\016_H2S_BEB_vs_experiment.csv | ${ARCHIVE_ROOT}\outputs\no_qec_priority_2026_07_31\ready100_fixed_energy_with_existing_beb_no_qec.csv,4,True
indene,Indene,C9H8,READY_NUMERIC_EXPERIMENT_PLUS_BEB,experimental_fixed_or_sparse_points,1,10.1021/acs.jpca.0c06308 | https://repository.lib.ncsu.edu/bitstreams/e76df401-02d2-4db1-903b-dad1b9e89fe0/download | https://pubs.acs.org/doi/10.1021/acs.jpca.0c06308,QEC_new32_exact_manifest,new32_qec_beb_successful30_2026_07_30.tar.gz::C9H8_cc-pVDZ_SE_HFSCF_10_2026-07-30T18-16-14/results/beb_xsec.dat,False,unified119,"2026-09-06 source audit: provenance reconstructed from the actual frozen training input files, with original experiment citations and acquisition carriers distinguished where recovered. This audit verifies source metadata, not independent re-digitisation of every numerical value. See source_completeness_status for unresolved source limitations. Earlier identity-level claims are retained separately as legacy metadata, not current verification.",1,fixed_70_75eV,published_fixed_energy,${ARCHIVE_ROOT}\outputs\no_qec_priority_2026_07_31\ready100_fixed_energy_with_existing_beb_no_qec.csv,0,True
iodomethane,iodomethane,CH3I,READY_NUMERIC_EXPERIMENT_PLUS_BEB,experimental_peak_height,1,10.1002/sia.2091,published_raw_ECP_BEB_peak,${ARCHIVE_ROOT}\outputs\no_qec_priority_2026_07_31\scott_irikura2005_new5_strict_peak_pairs_2026_08_02.csv,False,Scott_Irikura_2005_heavy_element_new5,"2026-09-06 source audit: provenance reconstructed from the actual frozen training input files, with original experiment citations and acquisition carriers distinguished where recovered. This audit verifies source metadata, not independent re-digitisation of every numerical value. See source_completeness_status for unresolved source limitations. Earlier identity-level claims are retained separately as legacy metadata, not current verification.",1,peak_height_numeric,published_ECP_BEB_peak_pair,${ARCHIVE_ROOT}\outputs\no_qec_priority_2026_07_31\scott_irikura2005_new5_strict_peak_pairs_2026_08_02.csv,1,True
isobutene,isobutene,C4H8,READY_NUMERIC_EXPERIMENT_PLUS_BEB,experimental_fixed_or_sparse_points,1,10.1021/acs.jpca.0c06308,NIST_SRD107_numeric_BEB,${ARCHIVE_ROOT}\outputs\no_qec_priority_2026_07_31\nist_beb_expansion_2026_07_31\isobutene_C4H8_NIST_BEB.csv,False,NIST_new8,"2026-09-06 source audit: provenance reconstructed from the actual frozen training input files, with original experiment citations and acquisition carriers distinguished where recovered. This audit verifies source metadata, not independent re-digitisation of every numerical value. See source_completeness_status for unresolved source limitations. Earlier identity-level claims are retained separately as legacy metadata, not current verification.",1,fixed_energy_numeric,strict_incremental_numeric,${ARCHIVE_ROOT}\outputs\no_qec_priority_2026_07_31\new25_incremental_identity_ledger_2026_08_01.csv,2,True
isobutyl-acetate,isobutyl acetate,C6H12O2,READY_NUMERIC_EXPERIMENT_PLUS_BEB,experimental_fixed_or_sparse_points;experimental_peak_height,2,10.1016/j.ijms.2005.11.003 | 10.1021/acs.jpca.0c06308 | https://repository.lib.ncsu.edu/bitstreams/e76df401-02d2-4db1-903b-dad1b9e89fe0/download | https://pubs.acs.org/doi/10.1021/acs.jpca.0c06308,published_numeric_BEB,${ARCHIVE_ROOT}\existing_beb_150_checkpoint_2026_07_30\beb_numeric\041_isobutyl_acetate_BEB.csv,False,unified119,2026-09-06 source audit: legacy audit assertions superseded. The 55 energy-dependent points from the ambiguous isomer trace are excluded. The retained experimental constraints are the independent Hudson (2006) Table 1 peak height and the Bose 70–75 eV compilation value. Table 1 does not report peak energy; its peak label has unreported energy and source-accuracy uncertainty of 5%. The full source papers/compilation are separately identified. Source labels updated after the 350-row exclusion; withdrawn series are not current training evidence.,2,fixed_70_75eV | peak_height,published_fixed_energy | published_numeric_peak,${ARCHIVE_ROOT}\outputs\no_qec_priority_2026_07_31\agent_no_qec_immediate_numeric_peak_labels_50.csv | ${ARCHIVE_ROOT}\outputs\no_qec_priority_2026_07_31\ready100_fixed_energy_with_existing_beb_no_qec.csv,3,True
isobutyl-formate,isobutyl formate,C5H10O2,READY_NUMERIC_EXPERIMENT_PLUS_BEB,experimental_fixed_or_sparse_points;experimental_peak_height,2,10.1016/j.ijms.2005.11.003 | 10.1021/acs.jpca.0c06308 | https://repository.lib.ncsu.edu/bitstreams/e76df401-02d2-4db1-903b-dad1b9e89fe0/download | https://pubs.acs.org/doi/10.1021/acs.jpca.0c06308,published_numeric_BEB,${ARCHIVE_ROOT}\existing_beb_150_checkpoint_2026_07_30\beb_numeric\033_isobutyl_formate_BEB.csv,False,unified119,2026-09-06 source audit: legacy audit assertions superseded. The 55 energy-dependent points from the ambiguous isomer trace are excluded. The retained experimental constraints are the independent Hudson (2006) Table 1 peak height and the Bose 70–75 eV compilation value. Table 1 does not report peak energy; its peak label has unreported energy and source-accuracy uncertainty of 5%. The full source papers/compilation are separately identified. Source labels updated after the 350-row exclusion; withdrawn series are not current training evidence.,2,fixed_70_75eV | peak_height,published_fixed_energy | published_numeric_peak,${ARCHIVE_ROOT}\outputs\no_qec_priority_2026_07_31\agent_no_qec_immediate_numeric_peak_labels_50.csv | ${ARCHIVE_ROOT}\outputs\no_qec_priority_2026_07_31\ready100_fixed_energy_with_existing_beb_no_qec.csv,0,True
isobutyraldehyde,isobutyraldehyde,C4H8O,READY_NUMERIC_EXPERIMENT_PLUS_BEB,experimental_curve_points;experimental_fixed_or_sparse_points;experimental_peak_height,57,10.1016/j.ijms.2008.03.003 | 10.1021/jp210294p | https://pubs.acs.org/doi/10.1021/jp210294p | 10.1021/acs.jpca.0c06308 | https://repository.lib.ncsu.edu/bitstreams/e76df401-02d2-4db1-903b-dad1b9e89fe0/download | https://pubs.acs.org/doi/10.1021/acs.jpca.0c06308,QEC_core17_authoritative,qec_first18_results_2026_07_24.tar.gz::results/C4H8O_cc-pVDZ_SE_HFSCF_10_2026-07-23T21-57-33/results/beb_xsec.dat,False,unified119;Bull2012_numeric_peak32,"2026-09-06 source audit: provenance reconstructed from the actual frozen training input files, with original experiment citations and acquisition carriers distinguished where recovered. This audit verifies source metadata, not independent re-digitisation of every numerical value. See source_completeness_status for unresolved source limitations. Earlier identity-level claims are retained separately as legacy metadata, not current verification.",57,curve_point | fixed_70_75eV | peak_height,A_table | published_fixed_energy | published_numeric_peak,${ARCHIVE_ROOT}\outputs\no_qec_priority_2026_07_31\agent_bull2012_peak32.csv | ${ARCHIVE_ROOT}\outputs\no_qec_priority_2026_07_31\ready100_fixed_energy_with_existing_beb_no_qec.csv | ${PROJECT_ROOT}\data\processed\qec_low_energy_priority_curve_points_2026_07_26.csv,2,True
isobutyronitrile,isopropylcyanide,C4H7N,READY_NUMERIC_EXPERIMENT_PLUS_BEB,experimental_fixed_or_sparse_points,1,10.1021/acs.jpca.0c06308,QEC_new32_exact_manifest,new32_qec_beb_successful30_2026_07_30.tar.gz::C4H7N_cc-pVDZ_SE_HFSCF_10_2026-07-30T16-00-55/results/beb_xsec.dat,False,unified119,"2026-09-06 source audit: provenance reconstructed from the actual frozen training input files, with original experiment citations and acquisition carriers distinguished where recovered. This audit verifies source metadata, not independent re-digitisation of every numerical value. See source_completeness_status for unresolved source limitations. Earlier identity-level claims are retained separately as legacy metadata, not current verification.",1,fixed_70_75eV,published_fixed_energy_ALeCS,${ARCHIVE_ROOT}\outputs\alecs_bose396_match_2026_08_01\approved_ambiguous_identity_16\approved_16_manifest.csv,3,True
isopropyl-acetate,isopropyl acetate,C5H10O2,READY_NUMERIC_EXPERIMENT_PLUS_BEB,experimental_curve_points;experimental_fixed_or_sparse_points;experimental_peak_height,57,10.1016/j.ijms.2005.11.003 | 10.1021/acs.jpca.0c06308 | https://repository.lib.ncsu.edu/bitstreams/e76df401-02d2-4db1-903b-dad1b9e89fe0/download | https://pubs.acs.org/doi/10.1021/acs.jpca.0c06308,published_numeric_BEB,${ARCHIVE_ROOT}\existing_beb_150_checkpoint_2026_07_30\beb_numeric\038_isopropyl_acetate_BEB.csv,False,unified119,"2026-09-06 source audit: legacy audit assertions superseded. Energy-dependent points were obtained by graph-marker tracking anchored to the Table 1 peak height, not an independent numerical table from the authors. Read-only replay found no final direct fallback values in this retained trace. The peak label separately uses the Table 1 height, unreported peak energy and source-accuracy uncertainty of 5%. The fixed-energy value is from the Bose compilation. Source labels updated after the 350-row exclusion; withdrawn series are not current training evidence.",57,curve_point | fixed_70_75eV | peak_height,C1_figure_digitised_source_peak_anchored | published_fixed_energy | published_numeric_peak,${ARCHIVE_ROOT}\outputs\no_qec_priority_2026_07_31\agent_no_qec_immediate_numeric_peak_labels_50.csv | ${ARCHIVE_ROOT}\outputs\no_qec_priority_2026_07_31\ready100_fixed_energy_with_existing_beb_no_qec.csv | ${ARCHIVE_ROOT}\outputs\no_qec_priority_2026_07_31\ready15_esters_experiment_beb\paired_curves\011_isopropyl_acetate_experiment_beb_paired.csv,1,True
isopropyl-formate,isopropyl formate,C4H8O2,READY_NUMERIC_EXPERIMENT_PLUS_BEB,experimental_curve_points;experimental_fixed_or_sparse_points;experimental_peak_height,57,10.1016/j.ijms.2005.11.003 | 10.1021/acs.jpca.0c06308 | https://repository.lib.ncsu.edu/bitstreams/e76df401-02d2-4db1-903b-dad1b9e89fe0/download | https://pubs.acs.org/doi/10.1021/acs.jpca.0c06308,published_numeric_BEB,${ARCHIVE_ROOT}\existing_beb_150_checkpoint_2026_07_30\beb_numeric\031_isopropyl_formate_BEB.csv,False,unified119,"2026-09-06 source audit: legacy audit assertions superseded. Energy-dependent points were obtained by graph-marker tracking anchored to the Table 1 peak height, not an independent numerical table from the authors. Read-only replay found no final direct fallback values in this retained trace. The peak label separately uses the Table 1 height, unreported peak energy and source-accuracy uncertainty of 5%. The fixed-energy value is from the Bose compilation. Source labels updated after the 350-row exclusion; withdrawn series are not current training evidence.",57,curve_point | fixed_70_75eV | peak_height,C1_figure_digitised_source_peak_anchored | published_fixed_energy | published_numeric_peak,${ARCHIVE_ROOT}\outputs\no_qec_priority_2026_07_31\agent_no_qec_immediate_numeric_peak_labels_50.csv | ${ARCHIVE_ROOT}\outputs\no_qec_priority_2026_07_31\ready100_fixed_energy_with_existing_beb_no_qec.csv | ${ARCHIVE_ROOT}\outputs\no_qec_priority_2026_07_31\ready15_esters_experiment_beb\paired_curves\004_isopropyl_formate_experiment_beb_paired.csv,4,True
meta-xylene,meta-xylene,C8H10,READY_NUMERIC_EXPERIMENT_PLUS_BEB,experimental_peak_height,1,10.1016/j.cplett.2013.04.051,BEB/omega-B97X,${ARCHIVE_ROOT}\outputs\no_qec_priority_2026_07_31\jiao_gupta_new4_published_numeric_beb_peaks.csv::BEBPEAK_NEW4_003,False,Jiao_new4,"2026-09-06 source audit: provenance reconstructed from the actual frozen training input files, with original experiment citations and acquisition carriers distinguished where recovered. This audit verifies source metadata, not independent re-digitisation of every numerical value. See source_completeness_status for unresolved source limitations. Earlier identity-level claims are retained separately as legacy metadata, not current verification.",1,peak_height_numeric,strict_incremental_numeric,${ARCHIVE_ROOT}\outputs\no_qec_priority_2026_07_31\new25_incremental_identity_ledger_2026_08_01.csv,4,True
methane,methane,CH4,READY_NUMERIC_EXPERIMENT_PLUS_BEB,experimental_curve_points;experimental_fixed_or_sparse_points,57,https://physics.nist.gov/cgi-bin/Ionization/graph_new.pl?element=CH4.0 | 10.1021/acs.jpca.0c06308 | https://repository.lib.ncsu.edu/bitstreams/e76df401-02d2-4db1-903b-dad1b9e89fe0/download | https://pubs.acs.org/doi/10.1021/acs.jpca.0c06308,QEC_strict9_authoritative,${PROJECT_ROOT}\data\qec_results\incoming_2026_07_27\strict_new9_results_COMPLETE_2026_07_27_extracted\results\CH4_cc-pVDZ_SE_HFSCF_10_2026-07-27T00-59-09\results\beb_xsec.dat,False,unified119;Bull2012_numeric_peak32,"2026-09-06 source audit: provenance reconstructed from the actual frozen training input files, with original experiment citations and acquisition carriers distinguished where recovered. This audit verifies source metadata, not independent re-digitisation of every numerical value. See source_completeness_status for unresolved source limitations. Earlier identity-level claims are retained separately as legacy metadata, not current verification.",57,curve_point | fixed_70_75eV,NIST_strict_numeric | published_fixed_energy,${ARCHIVE_ROOT}\nist_strict_usable_numeric_pairs_2026_07_30\paired_numeric\017_CH4_BEB_vs_experiment.csv | ${ARCHIVE_ROOT}\outputs\no_qec_priority_2026_07_31\ready100_fixed_energy_with_existing_beb_no_qec.csv,3,True
methanol,methanol,CH4O,READY_NUMERIC_EXPERIMENT_PLUS_BEB,experimental_fixed_or_sparse_points,1,10.1021/acs.jpca.0c06308 | https://repository.lib.ncsu.edu/bitstreams/e76df401-02d2-4db1-903b-dad1b9e89fe0/download | https://pubs.acs.org/doi/10.1021/acs.jpca.0c06308,published_numeric_BEB,${ARCHIVE_ROOT}\existing_beb_150_checkpoint_2026_07_30\beb_numeric\001_methanol_BEB.csv,False,unified119;Bull2012_numeric_peak32;Nixon2016_Rejoub_absolute_alcohol_curve,"2026-09-06 source audit: provenance reconstructed from the actual frozen training input files, with original experiment citations and acquisition carriers distinguished where recovered. This audit verifies source metadata, not independent re-digitisation of every numerical value. See source_completeness_status for unresolved source limitations. Earlier identity-level claims are retained separately as legacy metadata, not current verification.",1,fixed_70_75eV,published_fixed_energy,${ARCHIVE_ROOT}\outputs\no_qec_priority_2026_07_31\ready100_fixed_energy_with_existing_beb_no_qec.csv,0,True
methyl-acetate,methyl acetate,C3H6O2,READY_NUMERIC_EXPERIMENT_PLUS_BEB,experimental_curve_points;experimental_fixed_or_sparse_points;experimental_peak_height,57,10.1016/j.ijms.2005.11.003 | 10.1021/acs.jpca.0c06308 | https://repository.lib.ncsu.edu/bitstreams/e76df401-02d2-4db1-903b-dad1b9e89fe0/download | https://pubs.acs.org/doi/10.1021/acs.jpca.0c06308,published_numeric_BEB,${ARCHIVE_ROOT}\existing_beb_150_checkpoint_2026_07_30\beb_numeric\035_methyl_acetate_BEB.csv,False,unified119,"2026-09-06 source audit: legacy audit assertions superseded. Energy-dependent points were obtained by graph-marker tracking anchored to the Table 1 peak height, not an independent numerical table from the authors. Read-only replay found no final direct fallback values in this retained trace. The peak label separately uses the Table 1 height, unreported peak energy and source-accuracy uncertainty of 5%. The fixed-energy value is from the Bose compilation. Source labels updated after the 350-row exclusion; withdrawn series are not current training evidence.",57,curve_point | fixed_70_75eV | peak_height,C1_figure_digitised_source_peak_anchored | published_fixed_energy | published_numeric_peak,${ARCHIVE_ROOT}\outputs\no_qec_priority_2026_07_31\agent_no_qec_immediate_numeric_peak_labels_50.csv | ${ARCHIVE_ROOT}\outputs\no_qec_priority_2026_07_31\ready100_fixed_energy_with_existing_beb_no_qec.csv | ${ARCHIVE_ROOT}\outputs\no_qec_priority_2026_07_31\ready15_esters_experiment_beb\paired_curves\008_methyl_acetate_experiment_beb_paired.csv,0,True
methyl-formate,methyl formate,C2H4O2,READY_NUMERIC_EXPERIMENT_PLUS_BEB,experimental_curve_points;experimental_fixed_or_sparse_points;experimental_peak_height,57,10.1016/j.ijms.2005.11.003 | 10.1021/acs.jpca.0c06308 | https://repository.lib.ncsu.edu/bitstreams/e76df401-02d2-4db1-903b-dad1b9e89fe0/download | https://pubs.acs.org/doi/10.1021/acs.jpca.0c06308,published_numeric_BEB,${ARCHIVE_ROOT}\existing_beb_150_checkpoint_2026_07_30\beb_numeric\028_methyl_formate_BEB.csv,False,unified119,"2026-09-06 source audit: legacy audit assertions superseded. Energy-dependent points were obtained by graph-marker tracking anchored to the Table 1 peak height, not an independent numerical table from the authors. Read-only replay found no final direct fallback values in this retained trace. The peak label separately uses the Table 1 height, unreported peak energy and source-accuracy uncertainty of 5%. The fixed-energy value is from the Bose compilation. Source labels updated after the 350-row exclusion; withdrawn series are not current training evidence.",57,curve_point | fixed_70_75eV | peak_height,C1_figure_digitised_source_peak_anchored | published_fixed_energy | published_numeric_peak,${ARCHIVE_ROOT}\outputs\no_qec_priority_2026_07_31\agent_no_qec_immediate_numeric_peak_labels_50.csv | ${ARCHIVE_ROOT}\outputs\no_qec_priority_2026_07_31\ready100_fixed_energy_with_existing_beb_no_qec.csv | ${ARCHIVE_ROOT}\outputs\no_qec_priority_2026_07_31\ready15_esters_experiment_beb\paired_curves\001_methyl_formate_experiment_beb_paired.csv,2,True
methyl-radical,methyl radical,CH3,READY_NUMERIC_EXPERIMENT_PLUS_BEB_DIGITIZED_TIER_B,experimental_curve_points,25,https://physics.nist.gov/cgi-bin/Ionization/graph_new.pl?element=CH3.0,NIST_SRD107_numeric_BEB,${ARCHIVE_ROOT}\outputs\nist_beb_experimental_crawl_2026_08_01\beb_ascii\030_CH3_BEB.txt,False,NIST_graph_digitized_fast12_2026_08_02,"2026-09-06 source audit: provenance reconstructed from the actual frozen training input files, with original experiment citations and acquisition carriers distinguished where recovered. This audit verifies source metadata, not independent re-digitisation of every numerical value. See source_completeness_status for unresolved source limitations. Earlier identity-level claims are retained separately as legacy metadata, not current verification.",25,curve_point,digitized_Tier_B,${ARCHIVE_ROOT}\outputs\current_experiment_beb_master_2026_08_01\nist_fast12_experiment_beb_digitized_READY_TIER_B.csv,0,True
methylcyclohexane,methylcyclohexane,C7H14,READY_NUMERIC_EXPERIMENT_PLUS_BEB,experimental_peak_height,1,10.1016/j.ijms.2010.11.005,Binary-Encounter-Bethe,${ARCHIVE_ROOT}\outputs\no_qec_priority_2026_07_31\jiao_gupta_new4_published_numeric_beb_peaks.csv::BEBPEAK_NEW4_001,False,Jiao_new4,"2026-09-06 source audit: provenance reconstructed from the actual frozen training input files, with original experiment citations and acquisition carriers distinguished where recovered. This audit verifies source metadata, not independent re-digitisation of every numerical value. See source_completeness_status for unresolved source limitations. Earlier identity-level claims are retained separately as legacy metadata, not current verification.",1,peak_height_numeric,strict_incremental_numeric,${ARCHIVE_ROOT}\outputs\no_qec_priority_2026_07_31\new25_incremental_identity_ledger_2026_08_01.csv,1,True
methylene,methylene,CH2,READY_NUMERIC_EXPERIMENT_PLUS_BEB_DIGITIZED_TIER_B,experimental_curve_points,26,https://physics.nist.gov/cgi-bin/Ionization/graph_new.pl?element=CH2.0,NIST_SRD107_numeric_BEB,${ARCHIVE_ROOT}\outputs\nist_beb_experimental_crawl_2026_08_01\beb_ascii\028_CH2_BEB.txt,False,NIST_graph_digitized_fast12_2026_08_02,"2026-09-06 source audit: provenance reconstructed from the actual frozen training input files, with original experiment citations and acquisition carriers distinguished where recovered. This audit verifies source metadata, not independent re-digitisation of every numerical value. See source_completeness_status for unresolved source limitations. Earlier identity-level claims are retained separately as legacy metadata, not current verification.",26,curve_point,digitized_Tier_B,${ARCHIVE_ROOT}\outputs\current_experiment_beb_master_2026_08_01\nist_fast12_experiment_beb_digitized_READY_TIER_B.csv,2,True
methylidyne,methylidyne,CH,READY_NUMERIC_EXPERIMENT_PLUS_BEB_DIGITIZED_TIER_B,experimental_curve_points,28,https://physics.nist.gov/cgi-bin/Ionization/graph_new.pl?element=CH.0,NIST_SRD107_numeric_BEB,${ARCHIVE_ROOT}\outputs\nist_beb_experimental_crawl_2026_08_01\beb_ascii\026_CH_BEB.txt,False,NIST_graph_digitized_fast12_2026_08_02,"2026-09-06 source audit: provenance reconstructed from the actual frozen training input files, with original experiment citations and acquisition carriers distinguished where recovered. This audit verifies source metadata, not independent re-digitisation of every numerical value. See source_completeness_status for unresolved source limitations. Earlier identity-level claims are retained separately as legacy metadata, not current verification.",28,curve_point,digitized_Tier_B,${ARCHIVE_ROOT}\outputs\current_experiment_beb_master_2026_08_01\nist_fast12_experiment_beb_digitized_READY_TIER_B.csv,4,True
n-butane,n-Butane,C4H10,READY_NUMERIC_EXPERIMENT_PLUS_BEB,experimental_fixed_or_sparse_points,1,10.1021/acs.jpca.0c06308,ALeCS_BEB_256_points,${ARCHIVE_ROOT}\outputs\alecs_bose396_match_2026_08_01\approved_same_identity_11\beb_curves_A2\001_n_butane_ALeCS_BEB_A2.csv,False,ALeCS_Bose_structure_checked,"2026-09-06 source audit: provenance reconstructed from the actual frozen training input files, with original experiment citations and acquisition carriers distinguished where recovered. This audit verifies source metadata, not independent re-digitisation of every numerical value. See source_completeness_status for unresolved source limitations. Earlier identity-level claims are retained separately as legacy metadata, not current verification.",1,fixed_70_75eV,published_fixed_energy_ALeCS,${ARCHIVE_ROOT}\outputs\alecs_bose396_match_2026_08_01\approved_same_identity_11\approved_11_manifest.csv,2,True
n-ethylacetamide,Ethylacetamide,C4H9NO,READY_NUMERIC_EXPERIMENT_PLUS_BEB,experimental_fixed_or_sparse_points,1,10.1021/acs.jpca.0c06308 | https://repository.lib.ncsu.edu/bitstreams/e76df401-02d2-4db1-903b-dad1b9e89fe0/download | https://pubs.acs.org/doi/10.1021/acs.jpca.0c06308,QEC_new32_exact_manifest,new32_qec_beb_successful30_2026_07_30.tar.gz::C4H9NO_cc-pVDZ_SE_HFSCF_10_2026-07-30T16-59-58/results/beb_xsec.dat,False,unified119,"2026-09-06 source audit: provenance reconstructed from the actual frozen training input files, with original experiment citations and acquisition carriers distinguished where recovered. This audit verifies source metadata, not independent re-digitisation of every numerical value. See source_completeness_status for unresolved source limitations. Earlier identity-level claims are retained separately as legacy metadata, not current verification.",1,fixed_70_75eV,published_fixed_energy,${ARCHIVE_ROOT}\outputs\no_qec_priority_2026_07_31\ready100_fixed_energy_with_existing_beb_no_qec.csv,3,True
n-pentane,n-Pentane,C5H12,READY_NUMERIC_EXPERIMENT_PLUS_BEB,experimental_fixed_or_sparse_points,1,10.1021/acs.jpca.0c06308,ALeCS_BEB_256_points,${ARCHIVE_ROOT}\outputs\alecs_bose396_match_2026_08_01\approved_same_identity_11\beb_curves_A2\002_n_pentane_ALeCS_BEB_A2.csv,False,ALeCS_Bose_structure_checked,"2026-09-06 source audit: provenance reconstructed from the actual frozen training input files, with original experiment citations and acquisition carriers distinguished where recovered. This audit verifies source metadata, not independent re-digitisation of every numerical value. See source_completeness_status for unresolved source limitations. Earlier identity-level claims are retained separately as legacy metadata, not current verification.",1,fixed_70_75eV,published_fixed_energy_ALeCS,${ARCHIVE_ROOT}\outputs\alecs_bose396_match_2026_08_01\approved_same_identity_11\approved_11_manifest.csv,4,True
nitric-oxide,nitric oxide,NO,READY_NUMERIC_EXPERIMENT_PLUS_BEB,experimental_curve_points;experimental_fixed_or_sparse_points,80,https://physics.nist.gov/cgi-bin/Ionization/graph_new.pl?element=NO.0 | 10.1021/acs.jpca.0c06308 | https://repository.lib.ncsu.edu/bitstreams/e76df401-02d2-4db1-903b-dad1b9e89fe0/download | https://pubs.acs.org/doi/10.1021/acs.jpca.0c06308,NIST_SRD107_numeric_BEB,${ARCHIVE_ROOT}\nist_strict_usable_numeric_pairs_2026_07_30\beb_numeric_corrected\018_NO_BEB_corrected.csv,False,unified119,"2026-09-06 source audit: provenance reconstructed from the actual frozen training input files, with original experiment citations and acquisition carriers distinguished where recovered. This audit verifies source metadata, not independent re-digitisation of every numerical value. See source_completeness_status for unresolved source limitations. Earlier identity-level claims are retained separately as legacy metadata, not current verification.",80,curve_point | fixed_70_75eV,NIST_strict_numeric | published_fixed_energy,${ARCHIVE_ROOT}\nist_strict_usable_numeric_pairs_2026_07_30\paired_numeric\018_NO_BEB_vs_experiment.csv | ${ARCHIVE_ROOT}\outputs\no_qec_priority_2026_07_31\ready100_fixed_energy_with_existing_beb_no_qec.csv,1,True
nitrogen,nitrogen,N2,READY_NUMERIC_EXPERIMENT_PLUS_BEB,experimental_curve_points;experimental_fixed_or_sparse_points,66,https://physics.nist.gov/cgi-bin/Ionization/graph_new.pl?element=N2.0 | 10.1021/acs.jpca.0c06308 | https://repository.lib.ncsu.edu/bitstreams/e76df401-02d2-4db1-903b-dad1b9e89fe0/download | https://pubs.acs.org/doi/10.1021/acs.jpca.0c06308,QEC_strict9_authoritative,${PROJECT_ROOT}\data\qec_results\incoming_2026_07_27\strict_new9_results_COMPLETE_2026_07_27_extracted\results\N2_cc-pVDZ_SE_HFSCF_10_2026-07-27T00-46-17\results\beb_xsec.dat,False,unified119;Bull2012_numeric_peak32,"2026-09-06 source audit: provenance reconstructed from the actual frozen training input files, with original experiment citations and acquisition carriers distinguished where recovered. This audit verifies source metadata, not independent re-digitisation of every numerical value. See source_completeness_status for unresolved source limitations. Earlier identity-level claims are retained separately as legacy metadata, not current verification.",66,curve_point | fixed_70_75eV,NIST_strict_numeric | published_fixed_energy,${ARCHIVE_ROOT}\nist_strict_usable_numeric_pairs_2026_07_30\paired_numeric\020_N2_BEB_vs_experiment.csv | ${ARCHIVE_ROOT}\outputs\no_qec_priority_2026_07_31\ready100_fixed_energy_with_existing_beb_no_qec.csv,1,True
nitrogen-difluoride-radical,nitrogen difluoride radical,NF2,READY_NUMERIC_EXPERIMENT_PLUS_RAW_BEB_DIGITIZED_TIER_B,experimental_fixed_or_sparse_points,1,10.1016/S0009-2614(02)00633-4,published_raw_BEB_figure_digitized,${ARCHIVE_ROOT}\outputs\current_experiment_beb_master_2026_08_01\cf2_cf3_nf2_nf3_experiment_beb_READY_TIER_B.csv,False,Huo2002_CFx_NFx,"2026-09-06 source audit: provenance reconstructed from the actual frozen training input files, with original experiment citations and acquisition carriers distinguished where recovered. This audit verifies source metadata, not independent re-digitisation of every numerical value. See source_completeness_status for unresolved source limitations. Earlier identity-level claims are retained separately as legacy metadata, not current verification.",1,sparse_point,digitized_Tier_B,${ARCHIVE_ROOT}\outputs\current_experiment_beb_master_2026_08_01\cf2_cf3_nf2_nf3_experiment_beb_READY_TIER_B.csv,0,True
nitrogen-dioxide,nitrogen dioxide,NO2,READY_NUMERIC_EXPERIMENT_PLUS_BEB,experimental_curve_points,16,https://physics.nist.gov/cgi-bin/Ionization/graph_new.pl?element=NO2.0,NIST_SRD107_numeric_BEB,${ARCHIVE_ROOT}\nist_strict_usable_numeric_pairs_2026_07_30\beb_numeric_corrected\019_NO2_BEB_corrected.csv,False,unified119,"2026-09-06 source audit: provenance reconstructed from the actual frozen training input files, with original experiment citations and acquisition carriers distinguished where recovered. This audit verifies source metadata, not independent re-digitisation of every numerical value. See source_completeness_status for unresolved source limitations. Earlier identity-level claims are retained separately as legacy metadata, not current verification.",16,curve_point,NIST_strict_numeric,${ARCHIVE_ROOT}\nist_strict_usable_numeric_pairs_2026_07_30\paired_numeric\019_NO2_BEB_vs_experiment.csv,1,True
nitrogen-trifluoride,nitrogen trifluoride,NF3,READY_NUMERIC_EXPERIMENT_PLUS_RAW_BEB_DIGITIZED_TIER_B,experimental_fixed_or_sparse_points,1,10.1016/S0009-2614(02)00633-4,published_raw_BEB_figure_digitized,${ARCHIVE_ROOT}\outputs\current_experiment_beb_master_2026_08_01\cf2_cf3_nf2_nf3_experiment_beb_READY_TIER_B.csv,False,Huo2002_CFx_NFx,"2026-09-06 source audit: provenance reconstructed from the actual frozen training input files, with original experiment citations and acquisition carriers distinguished where recovered. This audit verifies source metadata, not independent re-digitisation of every numerical value. See source_completeness_status for unresolved source limitations. Earlier identity-level claims are retained separately as legacy metadata, not current verification.",1,sparse_point,digitized_Tier_B,${ARCHIVE_ROOT}\outputs\current_experiment_beb_master_2026_08_01\cf2_cf3_nf2_nf3_experiment_beb_READY_TIER_B.csv,1,True
nitromethane,nitromethane,CH3NO2,READY_NUMERIC_EXPERIMENT_PLUS_BEB,experimental_peak_height,1,10.3390/atoms10030074 | 10.1021/jp022031h,published numeric BEB peak plus published 60 eV BEB point,${ARCHIVE_ROOT}\source_cache\atoms-10-00074-v2.pdf,False,nitromethane_strict,"2026-09-06 source audit: provenance reconstructed from the actual frozen training input files, with original experiment citations and acquisition carriers distinguished where recovered. This audit verifies source metadata, not independent re-digitisation of every numerical value. See source_completeness_status for unresolved source limitations. Earlier identity-level claims are retained separately as legacy metadata, not current verification.",1,peak_height_numeric,published_same_energy_peak_pair,${ARCHIVE_ROOT}\outputs\no_qec_priority_2026_07_31\nitromethane_jiao_luthra_strict_peak_pair_2026_08_01.csv,2,True
nitrous-oxide,nitrous oxide,N2O,READY_NUMERIC_EXPERIMENT_PLUS_BEB,experimental_curve_points;experimental_fixed_or_sparse_points,46,https://physics.nist.gov/cgi-bin/Ionization/graph_new.pl?element=N2O.0 | 10.1021/acs.jpca.0c06308 | https://repository.lib.ncsu.edu/bitstreams/e76df401-02d2-4db1-903b-dad1b9e89fe0/download | https://pubs.acs.org/doi/10.1021/acs.jpca.0c06308,QEC_strict9_authoritative,${PROJECT_ROOT}\data\qec_results\incoming_2026_07_27\strict_new9_results_COMPLETE_2026_07_27_extracted\results\N2O_cc-pVDZ_SE_HFSCF_10_2026-07-27T00-46-53\results\beb_xsec.dat,False,unified119,"2026-09-06 source audit: provenance reconstructed from the actual frozen training input files, with original experiment citations and acquisition carriers distinguished where recovered. This audit verifies source metadata, not independent re-digitisation of every numerical value. See source_completeness_status for unresolved source limitations. Earlier identity-level claims are retained separately as legacy metadata, not current verification.",46,curve_point | fixed_70_75eV,NIST_strict_numeric | published_fixed_energy,${ARCHIVE_ROOT}\nist_strict_usable_numeric_pairs_2026_07_30\paired_numeric\021_N2O_BEB_vs_experiment.csv | ${ARCHIVE_ROOT}\outputs\no_qec_priority_2026_07_31\ready100_fixed_energy_with_existing_beb_no_qec.csv,0,True
octafluoro-2-butene,Octafluoro-butan-2-ene,C4F8,READY_NUMERIC_EXPERIMENT_PLUS_BEB,experimental_fixed_or_sparse_points;experimental_peak_height,2,10.1039/B009243F | 10.1021/jp210294p | 10.1021/acs.jpca.0c06308 | https://repository.lib.ncsu.edu/bitstreams/e76df401-02d2-4db1-903b-dad1b9e89fe0/download | https://pubs.acs.org/doi/10.1021/acs.jpca.0c06308,published_numeric_BEB,${ARCHIVE_ROOT}\existing_beb_150_checkpoint_2026_07_30\beb_numeric\020_octafluoro-2-butene_BEB.csv,False,unified119,"2026-09-06 source audit: provenance reconstructed from the actual frozen training input files, with original experiment citations and acquisition carriers distinguished where recovered. This audit verifies source metadata, not independent re-digitisation of every numerical value. See source_completeness_status for unresolved source limitations. Earlier identity-level claims are retained separately as legacy metadata, not current verification.",2,fixed_70_75eV | peak_height,published_fixed_energy | published_numeric_peak,${ARCHIVE_ROOT}\outputs\no_qec_priority_2026_07_31\agent_no_qec_immediate_numeric_peak_labels_50.csv | ${ARCHIVE_ROOT}\outputs\no_qec_priority_2026_07_31\ready100_fixed_energy_with_existing_beb_no_qec.csv,0,True
octafluoropropane,perfluoropropane,C3F8,READY_NUMERIC_EXPERIMENT_PLUS_BEB,experimental_curve_points;experimental_fixed_or_sparse_points,76,https://physics.nist.gov/cgi-bin/Ionization/graph_new.pl?element=C3F8.0 | 10.1021/acs.jpca.0c06308 | https://repository.lib.ncsu.edu/bitstreams/e76df401-02d2-4db1-903b-dad1b9e89fe0/download | https://pubs.acs.org/doi/10.1021/acs.jpca.0c06308,NIST_SRD107_numeric_BEB,${ARCHIVE_ROOT}\nist_strict_usable_numeric_pairs_2026_07_30\beb_numeric_corrected\022_C3F8_BEB_corrected.csv,False,unified119;Bull2012_numeric_peak32,"2026-09-06 source audit: provenance reconstructed from the actual frozen training input files, with original experiment citations and acquisition carriers distinguished where recovered. This audit verifies source metadata, not independent re-digitisation of every numerical value. See source_completeness_status for unresolved source limitations. Earlier identity-level claims are retained separately as legacy metadata, not current verification.",76,curve_point | fixed_70_75eV,NIST_strict_numeric | published_fixed_energy,${ARCHIVE_ROOT}\nist_strict_usable_numeric_pairs_2026_07_30\paired_numeric\022_C3F8_BEB_vs_experiment.csv | ${ARCHIVE_ROOT}\outputs\no_qec_priority_2026_07_31\ready100_fixed_energy_with_existing_beb_no_qec.csv,3,True
ortho-xylene,ortho-xylene,C8H10,READY_NUMERIC_EXPERIMENT_PLUS_BEB,experimental_peak_height,1,10.1016/j.cplett.2013.04.051,BEB/omega-B97X,${ARCHIVE_ROOT}\outputs\no_qec_priority_2026_07_31\jiao_gupta_new4_published_numeric_beb_peaks.csv::BEBPEAK_NEW4_002,False,Jiao_new4,"2026-09-06 source audit: provenance reconstructed from the actual frozen training input files, with original experiment citations and acquisition carriers distinguished where recovered. This audit verifies source metadata, not independent re-digitisation of every numerical value. See source_completeness_status for unresolved source limitations. Earlier identity-level claims are retained separately as legacy metadata, not current verification.",1,peak_height_numeric,strict_incremental_numeric,${ARCHIVE_ROOT}\outputs\no_qec_priority_2026_07_31\new25_incremental_identity_ledger_2026_08_01.csv,3,True
oxygen,oxygen,O2,READY_NUMERIC_EXPERIMENT_PLUS_BEB,experimental_curve_points;experimental_fixed_or_sparse_points,51,https://physics.nist.gov/cgi-bin/Ionization/graph_new.pl?element=O2.0 | 10.1021/acs.jpca.0c06308 | https://repository.lib.ncsu.edu/bitstreams/e76df401-02d2-4db1-903b-dad1b9e89fe0/download | https://pubs.acs.org/doi/10.1021/acs.jpca.0c06308,NIST_SRD107_numeric_BEB,${ARCHIVE_ROOT}\nist_strict_usable_numeric_pairs_2026_07_30\beb_numeric_corrected\023_O2_BEB_corrected.csv,False,unified119,"2026-09-06 source audit: provenance reconstructed from the actual frozen training input files, with original experiment citations and acquisition carriers distinguished where recovered. This audit verifies source metadata, not independent re-digitisation of every numerical value. See source_completeness_status for unresolved source limitations. Earlier identity-level claims are retained separately as legacy metadata, not current verification.",51,curve_point | fixed_70_75eV,NIST_strict_numeric | published_fixed_energy,${ARCHIVE_ROOT}\nist_strict_usable_numeric_pairs_2026_07_30\paired_numeric\023_O2_BEB_vs_experiment.csv | ${ARCHIVE_ROOT}\outputs\no_qec_priority_2026_07_31\ready100_fixed_energy_with_existing_beb_no_qec.csv,2,True
ozone,ozone,O3,READY_NUMERIC_EXPERIMENT_PLUS_BEB_DIGITIZED_TIER_B,experimental_curve_points,19,https://physics.nist.gov/cgi-bin/Ionization/graph_new.pl?element=O3.0,NIST_SRD107_numeric_BEB,${ARCHIVE_ROOT}\outputs\nist_beb_experimental_crawl_2026_08_01\beb_ascii\017_O3_BEB.txt,False,NIST_graph_digitized_fast12_2026_08_02,"2026-09-06 source audit: legacy audit assertions superseded. Retained ozone labels: 10 original Newson et al. (1995) points (exp_1) and 9 Siegel (1982) points (exp_3). Thirteen renormalised copies (exp_2) of Newson are excluded. Differences between original studies are source disagreement, not automatically digitisation errors. Source labels updated after the 350-row exclusion; withdrawn series are not current training evidence.",19,curve_point,NIST_strict_numeric,${ARCHIVE_ROOT}\nist_strict_usable_numeric_pairs_2026_07_30\paired_numeric\024_O3_BEB_vs_experiment.csv,1,True
para-xylene,para-xylene,C8H10,READY_NUMERIC_EXPERIMENT_PLUS_BEB,experimental_peak_height,1,10.1016/j.cplett.2013.04.051,BEB/omega-B97X,${ARCHIVE_ROOT}\outputs\no_qec_priority_2026_07_31\jiao_gupta_new4_published_numeric_beb_peaks.csv::BEBPEAK_NEW4_004,False,Jiao_new4,"2026-09-06 source audit: provenance reconstructed from the actual frozen training input files, with original experiment citations and acquisition carriers distinguished where recovered. This audit verifies source metadata, not independent re-digitisation of every numerical value. See source_completeness_status for unresolved source limitations. Earlier identity-level claims are retained separately as legacy metadata, not current verification.",1,peak_height_numeric,strict_incremental_numeric,${ARCHIVE_ROOT}\outputs\no_qec_priority_2026_07_31\new25_incremental_identity_ledger_2026_08_01.csv,4,True
pentan-1-ene,Pentan-1-ene,C5H10,READY_NUMERIC_EXPERIMENT_PLUS_BEB,experimental_fixed_or_sparse_points,1,10.1021/acs.jpca.0c06308,ALeCS_BEB_256_points,${ARCHIVE_ROOT}\outputs\alecs_bose396_match_2026_08_01\approved_same_identity_11\beb_curves_A2\005_pentan_1_ene_ALeCS_BEB_A2.csv,False,ALeCS_Bose_structure_checked,"2026-09-06 source audit: provenance reconstructed from the actual frozen training input files, with original experiment citations and acquisition carriers distinguished where recovered. This audit verifies source metadata, not independent re-digitisation of every numerical value. See source_completeness_status for unresolved source limitations. Earlier identity-level claims are retained separately as legacy metadata, not current verification.",1,fixed_70_75eV,published_fixed_energy_ALeCS,${ARCHIVE_ROOT}\outputs\alecs_bose396_match_2026_08_01\approved_same_identity_11\approved_11_manifest.csv,0,True
pentyl-formate,pentyl formate,C6H12O2,READY_NUMERIC_EXPERIMENT_PLUS_BEB,experimental_curve_points;experimental_fixed_or_sparse_points;experimental_peak_height,57,10.1016/j.ijms.2005.11.003 | 10.1021/acs.jpca.0c06308 | https://repository.lib.ncsu.edu/bitstreams/e76df401-02d2-4db1-903b-dad1b9e89fe0/download | https://pubs.acs.org/doi/10.1021/acs.jpca.0c06308,published_numeric_BEB,${ARCHIVE_ROOT}\existing_beb_150_checkpoint_2026_07_30\beb_numeric\034_pentyl_formate_BEB.csv,False,unified119,"2026-09-06 source audit: legacy audit assertions superseded. Energy-dependent points were obtained by graph-marker tracking anchored to the Table 1 peak height, not an independent numerical table from the authors. Read-only replay found no final direct fallback values in this retained trace. The peak label separately uses the Table 1 height, unreported peak energy and source-accuracy uncertainty of 5%. The fixed-energy value is from the Bose compilation. Source labels updated after the 350-row exclusion; withdrawn series are not current training evidence.",57,curve_point | fixed_70_75eV | peak_height,C1_figure_digitised_source_peak_anchored | published_fixed_energy | published_numeric_peak,${ARCHIVE_ROOT}\outputs\no_qec_priority_2026_07_31\agent_no_qec_immediate_numeric_peak_labels_50.csv | ${ARCHIVE_ROOT}\outputs\no_qec_priority_2026_07_31\ready100_fixed_energy_with_existing_beb_no_qec.csv | ${ARCHIVE_ROOT}\outputs\no_qec_priority_2026_07_31\ready15_esters_experiment_beb\paired_curves\007_pentyl_formate_experiment_beb_paired.csv,1,True
phenol,phenol,C6H6O,READY_NUMERIC_EXPERIMENT_PLUS_BEB,experimental_fixed_or_sparse_points,1,10.1021/acs.jpca.0c06308,Binary-Encounter-Bethe,${ARCHIVE_ROOT}\outputs\no_qec_priority_2026_07_31\irikura2017_new3_published_numeric_beb_70eV.csv::IRIKURA_BEB70_002,False,Irikura_Bose_new3;Zhong_Bose_exact_identity,"2026-09-06 source audit: provenance reconstructed from the actual frozen training input files, with original experiment citations and acquisition carriers distinguished where recovered. This audit verifies source metadata, not independent re-digitisation of every numerical value. See source_completeness_status for unresolved source limitations. Earlier identity-level claims are retained separately as legacy metadata, not current verification.",1,fixed_energy_numeric,strict_incremental_numeric,${ARCHIVE_ROOT}\outputs\no_qec_priority_2026_07_31\new25_incremental_identity_ledger_2026_08_01.csv,1,True
phosphine,phosphine,PH3,READY_NUMERIC_EXPERIMENT_PLUS_RAW_ECP_BEB_DIGITIZED_TIER_B,experimental_curve_points,18,10.1063/5.0039465,published_raw_ECP_BEB_figure_digitized,${ARCHIVE_ROOT}\outputs\current_experiment_beb_master_2026_08_01\aip_fig9_12_13_experiment_ecp_beb_READY_TIER_B.csv,False,BartGamman2021_fig9_12_13_raw_ECP_BEB,"2026-09-06 source audit: provenance reconstructed from the actual frozen training input files, with original experiment citations and acquisition carriers distinguished where recovered. This audit verifies source metadata, not independent re-digitisation of every numerical value. See source_completeness_status for unresolved source limitations. Earlier identity-level claims are retained separately as legacy metadata, not current verification.",18,curve_point,digitized_Tier_B,${ARCHIVE_ROOT}\outputs\current_experiment_beb_master_2026_08_01\aip_fig9_12_13_experiment_ecp_beb_READY_TIER_B.csv,0,True
pinacolone,methyl tert-butyl ketone,C6H12O,READY_NUMERIC_EXPERIMENT_PLUS_BEB,experimental_curve_points;experimental_fixed_or_sparse_points;experimental_peak_height,57,10.1016/j.ijms.2008.03.003 | 10.1021/jp210294p | https://pubs.acs.org/doi/10.1021/jp210294p | 10.1021/acs.jpca.0c06308 | https://repository.lib.ncsu.edu/bitstreams/e76df401-02d2-4db1-903b-dad1b9e89fe0/download | https://pubs.acs.org/doi/10.1021/acs.jpca.0c06308,QEC_core17_authoritative,qec_first18_results_2026_07_24.tar.gz::results/C6H12O_cc-pVDZ_SE_HFSCF_10_2026-07-23T23-38-45/results/beb_xsec.dat,False,unified119;Bull2012_numeric_peak32,"2026-09-06 source audit: provenance reconstructed from the actual frozen training input files, with original experiment citations and acquisition carriers distinguished where recovered. This audit verifies source metadata, not independent re-digitisation of every numerical value. See source_completeness_status for unresolved source limitations. Earlier identity-level claims are retained separately as legacy metadata, not current verification.",57,curve_point | fixed_70_75eV | peak_height,A_table | published_fixed_energy | published_numeric_peak,${ARCHIVE_ROOT}\outputs\no_qec_priority_2026_07_31\agent_bull2012_peak32.csv | ${ARCHIVE_ROOT}\outputs\no_qec_priority_2026_07_31\ready100_fixed_energy_with_existing_beb_no_qec.csv | ${PROJECT_ROOT}\data\processed\qec_low_energy_priority_curve_points_2026_07_26.csv,4,True
piperidine,Piperidine,C5H11N,READY_NUMERIC_EXPERIMENT_PLUS_BEB,experimental_fixed_or_sparse_points,1,10.1021/acs.jpca.0c06308 | https://repository.lib.ncsu.edu/bitstreams/e76df401-02d2-4db1-903b-dad1b9e89fe0/download | https://pubs.acs.org/doi/10.1021/acs.jpca.0c06308,QEC_new32_exact_manifest,new32_qec_beb_successful30_2026_07_30.tar.gz::C5H11N_cc-pVDZ_SE_HFSCF_10_2026-07-30T18-02-21/results/beb_xsec.dat,False,unified119,"2026-09-06 source audit: provenance reconstructed from the actual frozen training input files, with original experiment citations and acquisition carriers distinguished where recovered. This audit verifies source metadata, not independent re-digitisation of every numerical value. See source_completeness_status for unresolved source limitations. Earlier identity-level claims are retained separately as legacy metadata, not current verification.",1,fixed_70_75eV,published_fixed_energy,${ARCHIVE_ROOT}\outputs\no_qec_priority_2026_07_31\ready100_fixed_energy_with_existing_beb_no_qec.csv,2,True
propane,Propane,C3H8,READY_NUMERIC_EXPERIMENT_PLUS_BEB,experimental_curve_points;experimental_fixed_or_sparse_points,65,https://physics.nist.gov/cgi-bin/Ionization/graph_new.pl?element=C3H8.0 | 10.1021/acs.jpca.0c06308 | https://repository.lib.ncsu.edu/bitstreams/e76df401-02d2-4db1-903b-dad1b9e89fe0/download | https://pubs.acs.org/doi/10.1021/acs.jpca.0c06308,NIST_SRD107_numeric_BEB,${ARCHIVE_ROOT}\nist_strict_usable_numeric_pairs_2026_07_30\beb_numeric_corrected\025_C3H8_BEB_corrected.csv,False,unified119,"2026-09-06 source audit: provenance reconstructed from the actual frozen training input files, with original experiment citations and acquisition carriers distinguished where recovered. This audit verifies source metadata, not independent re-digitisation of every numerical value. See source_completeness_status for unresolved source limitations. Earlier identity-level claims are retained separately as legacy metadata, not current verification.",65,curve_point | fixed_70_75eV,NIST_strict_numeric | published_fixed_energy,${ARCHIVE_ROOT}\nist_strict_usable_numeric_pairs_2026_07_30\paired_numeric\025_C3H8_BEB_vs_experiment.csv | ${ARCHIVE_ROOT}\outputs\no_qec_priority_2026_07_31\ready100_fixed_energy_with_existing_beb_no_qec.csv,2,True
propene,propene,C3H6,READY_NUMERIC_EXPERIMENT_PLUS_BEB,experimental_fixed_or_sparse_points,2,10.1021/acs.jpca.0c06308,NIST_SRD107_numeric_BEB,${ARCHIVE_ROOT}\outputs\no_qec_priority_2026_07_31\nist_beb_expansion_2026_07_31\propene_C3H6_NIST_BEB.csv,False,NIST_new8,"2026-09-06 source audit: provenance reconstructed from the actual frozen training input files, with original experiment citations and acquisition carriers distinguished where recovered. This audit verifies source metadata, not independent re-digitisation of every numerical value. See source_completeness_status for unresolved source limitations. Earlier identity-level claims are retained separately as legacy metadata, not current verification.",2,fixed_70_75eV | fixed_energy_numeric,published_fixed_energy_ALeCS | strict_incremental_numeric,${ARCHIVE_ROOT}\outputs\alecs_bose396_match_2026_08_01\approved_same_identity_11\approved_11_manifest.csv | ${ARCHIVE_ROOT}\outputs\no_qec_priority_2026_07_31\new25_incremental_identity_ledger_2026_08_01.csv,1,True
propionaldehyde,propionaldehyde,C3H6O,READY_NUMERIC_EXPERIMENT_PLUS_BEB,experimental_fixed_or_sparse_points,1,10.1021/acs.jpca.0c06308,QEC_core17_authoritative,qec_first18_results_2026_07_24.tar.gz::results/C3H6O_cc-pVDZ_SE_HFSCF_10_2026-07-23T23-40-17/results/beb_xsec.dat,False,unified119;Bull2012_numeric_peak32,"2026-09-06 source audit: provenance reconstructed from the actual frozen training input files, with original experiment citations and acquisition carriers distinguished where recovered. This audit verifies source metadata, not independent re-digitisation of every numerical value. See source_completeness_status for unresolved source limitations. Earlier identity-level claims are retained separately as legacy metadata, not current verification.",1,fixed_70_75eV,published_fixed_energy_ALeCS,${ARCHIVE_ROOT}\outputs\alecs_bose396_match_2026_08_01\approved_ambiguous_identity_16\approved_16_manifest.csv,3,True
propionitrile,ethylcyanide,C3H5N,READY_NUMERIC_EXPERIMENT_PLUS_BEB,experimental_fixed_or_sparse_points,1,10.1021/acs.jpca.0c06308,QEC_new32_exact_manifest,new32_qec_beb_successful30_2026_07_30.tar.gz::C3H5N_cc-pVDZ_SE_HFSCF_10_2026-07-30T00-33-09/results/beb_xsec.dat,False,unified119,"2026-09-06 source audit: provenance reconstructed from the actual frozen training input files, with original experiment citations and acquisition carriers distinguished where recovered. This audit verifies source metadata, not independent re-digitisation of every numerical value. See source_completeness_status for unresolved source limitations. Earlier identity-level claims are retained separately as legacy metadata, not current verification.",1,fixed_70_75eV,published_fixed_energy_ALeCS,${ARCHIVE_ROOT}\outputs\alecs_bose396_match_2026_08_01\approved_same_identity_11\approved_11_manifest.csv,4,True
propyl-acetate,propyl acetate,C5H10O2,READY_NUMERIC_EXPERIMENT_PLUS_BEB,experimental_curve_points;experimental_fixed_or_sparse_points;experimental_peak_height,57,10.1016/j.ijms.2005.11.003 | 10.1021/acs.jpca.0c06308 | https://repository.lib.ncsu.edu/bitstreams/e76df401-02d2-4db1-903b-dad1b9e89fe0/download | https://pubs.acs.org/doi/10.1021/acs.jpca.0c06308,published_numeric_BEB,${ARCHIVE_ROOT}\existing_beb_150_checkpoint_2026_07_30\beb_numeric\037_propyl_acetate_BEB.csv,False,unified119,"2026-09-06 source audit: legacy audit assertions superseded. Energy-dependent points were obtained by graph-marker tracking anchored to the Table 1 peak height, not an independent numerical table from the authors. Read-only replay found no final direct fallback values in this retained trace. The peak label separately uses the Table 1 height, unreported peak energy and source-accuracy uncertainty of 5%. The fixed-energy value is from the Bose compilation. Source labels updated after the 350-row exclusion; withdrawn series are not current training evidence.",57,curve_point | fixed_70_75eV | peak_height,C1_figure_digitised_source_peak_anchored | published_fixed_energy | published_numeric_peak,${ARCHIVE_ROOT}\outputs\no_qec_priority_2026_07_31\agent_no_qec_immediate_numeric_peak_labels_50.csv | ${ARCHIVE_ROOT}\outputs\no_qec_priority_2026_07_31\ready100_fixed_energy_with_existing_beb_no_qec.csv | ${ARCHIVE_ROOT}\outputs\no_qec_priority_2026_07_31\ready15_esters_experiment_beb\paired_curves\010_propyl_acetate_experiment_beb_paired.csv,3,True
propyl-formate,propyl formate,C4H8O2,READY_NUMERIC_EXPERIMENT_PLUS_BEB,experimental_curve_points;experimental_fixed_or_sparse_points;experimental_peak_height,57,10.1016/j.ijms.2005.11.003 | 10.1021/acs.jpca.0c06308 | https://repository.lib.ncsu.edu/bitstreams/e76df401-02d2-4db1-903b-dad1b9e89fe0/download | https://pubs.acs.org/doi/10.1021/acs.jpca.0c06308,published_numeric_BEB,${ARCHIVE_ROOT}\existing_beb_150_checkpoint_2026_07_30\beb_numeric\030_propyl_formate_BEB.csv,False,unified119,"2026-09-06 source audit: legacy audit assertions superseded. Energy-dependent points were obtained by graph-marker tracking anchored to the Table 1 peak height, not an independent numerical table from the authors. Read-only replay found no final direct fallback values in this retained trace. The peak label separately uses the Table 1 height, unreported peak energy and source-accuracy uncertainty of 5%. The fixed-energy value is from the Bose compilation. Source labels updated after the 350-row exclusion; withdrawn series are not current training evidence.",57,curve_point | fixed_70_75eV | peak_height,C1_figure_digitised_source_peak_anchored | published_fixed_energy | published_numeric_peak,${ARCHIVE_ROOT}\outputs\no_qec_priority_2026_07_31\agent_no_qec_immediate_numeric_peak_labels_50.csv | ${ARCHIVE_ROOT}\outputs\no_qec_priority_2026_07_31\ready100_fixed_energy_with_existing_beb_no_qec.csv | ${ARCHIVE_ROOT}\outputs\no_qec_priority_2026_07_31\ready15_esters_experiment_beb\paired_curves\003_propyl_formate_experiment_beb_paired.csv,0,True
propylene-oxide,methyloxirane,C3H6O,READY_NUMERIC_EXPERIMENT_PLUS_BEB,experimental_fixed_or_sparse_points,1,10.1021/acs.jpca.0c06308,QEC_new32_exact_manifest,new32_qec_beb_successful30_2026_07_30.tar.gz::C3H6O_cc-pVDZ_SE_HFSCF_10_2026-07-30T00-34-50/results/beb_xsec.dat,False,unified119,"2026-09-06 source audit: provenance reconstructed from the actual frozen training input files, with original experiment citations and acquisition carriers distinguished where recovered. This audit verifies source metadata, not independent re-digitisation of every numerical value. See source_completeness_status for unresolved source limitations. Earlier identity-level claims are retained separately as legacy metadata, not current verification.",1,fixed_70_75eV,published_fixed_energy_ALeCS,${ARCHIVE_ROOT}\outputs\alecs_bose396_match_2026_08_01\approved_ambiguous_identity_16\approved_16_manifest.csv,0,True
propyne,propyne,C3H4,READY_NUMERIC_EXPERIMENT_PLUS_BEB,experimental_fixed_or_sparse_points,2,10.1021/acs.jpca.0c06308,NIST_SRD107_numeric_BEB,${ARCHIVE_ROOT}\outputs\no_qec_priority_2026_07_31\nist_beb_expansion_2026_07_31\propyne_C3H4_NIST_BEB.csv,False,NIST_new8,"2026-09-06 source audit: provenance reconstructed from the actual frozen training input files, with original experiment citations and acquisition carriers distinguished where recovered. This audit verifies source metadata, not independent re-digitisation of every numerical value. See source_completeness_status for unresolved source limitations. Earlier identity-level claims are retained separately as legacy metadata, not current verification.",2,fixed_70_75eV | fixed_energy_numeric,published_fixed_energy_ALeCS | strict_incremental_numeric,${ARCHIVE_ROOT}\outputs\alecs_bose396_match_2026_08_01\approved_ambiguous_identity_16\approved_16_manifest.csv | ${ARCHIVE_ROOT}\outputs\no_qec_priority_2026_07_31\new25_incremental_identity_ledger_2026_08_01.csv,2,True
pyridine,Pyridine,C5H5N,READY_NUMERIC_EXPERIMENT_PLUS_BEB,experimental_fixed_or_sparse_points,1,10.1021/acs.jpca.0c06308 | https://repository.lib.ncsu.edu/bitstreams/e76df401-02d2-4db1-903b-dad1b9e89fe0/download | https://pubs.acs.org/doi/10.1021/acs.jpca.0c06308,QEC_new32_exact_manifest,new32_qec_beb_successful30_2026_07_30.tar.gz::C5H5N_cc-pVDZ_SE_HFSCF_10_2026-07-30T00-43-15/results/beb_xsec.dat,False,unified119,"2026-09-06 source audit: provenance reconstructed from the actual frozen training input files, with original experiment citations and acquisition carriers distinguished where recovered. This audit verifies source metadata, not independent re-digitisation of every numerical value. See source_completeness_status for unresolved source limitations. Earlier identity-level claims are retained separately as legacy metadata, not current verification.",1,fixed_70_75eV,published_fixed_energy,${ARCHIVE_ROOT}\outputs\no_qec_priority_2026_07_31\ready100_fixed_energy_with_existing_beb_no_qec.csv,1,True
pyrrole,Pyrrole,C4H5N,READY_NUMERIC_EXPERIMENT_PLUS_BEB,experimental_fixed_or_sparse_points,1,10.1021/acs.jpca.0c06308 | https://repository.lib.ncsu.edu/bitstreams/e76df401-02d2-4db1-903b-dad1b9e89fe0/download | https://pubs.acs.org/doi/10.1021/acs.jpca.0c06308,QEC_new32_exact_manifest,new32_qec_beb_successful30_2026_07_30.tar.gz::C4H5N_cc-pVDZ_SE_HFSCF_10_2026-07-30T00-37-35/results/beb_xsec.dat,False,unified119,"2026-09-06 source audit: provenance reconstructed from the actual frozen training input files, with original experiment citations and acquisition carriers distinguished where recovered. This audit verifies source metadata, not independent re-digitisation of every numerical value. See source_completeness_status for unresolved source limitations. Earlier identity-level claims are retained separately as legacy metadata, not current verification.",1,fixed_70_75eV,published_fixed_energy,${ARCHIVE_ROOT}\outputs\no_qec_priority_2026_07_31\ready100_fixed_energy_with_existing_beb_no_qec.csv,2,True
sec-butyl-acetate,sec-butyl acetate,C6H12O2,READY_NUMERIC_EXPERIMENT_PLUS_BEB,experimental_fixed_or_sparse_points;experimental_peak_height,2,10.1016/j.ijms.2005.11.003 | 10.1021/acs.jpca.0c06308 | https://repository.lib.ncsu.edu/bitstreams/e76df401-02d2-4db1-903b-dad1b9e89fe0/download | https://pubs.acs.org/doi/10.1021/acs.jpca.0c06308,published_numeric_BEB,${ARCHIVE_ROOT}\existing_beb_150_checkpoint_2026_07_30\beb_numeric\040_sec-butyl_acetate_BEB.csv,False,unified119,2026-09-06 source audit: legacy audit assertions superseded. The 55 energy-dependent points from the ambiguous isomer trace are excluded. The retained experimental constraints are the independent Hudson (2006) Table 1 peak height and the Bose 70–75 eV compilation value. Table 1 does not report peak energy; its peak label has unreported energy and source-accuracy uncertainty of 5%. The full source papers/compilation are separately identified. Source labels updated after the 350-row exclusion; withdrawn series are not current training evidence.,2,fixed_70_75eV | peak_height,published_fixed_energy | published_numeric_peak,${ARCHIVE_ROOT}\outputs\no_qec_priority_2026_07_31\agent_no_qec_immediate_numeric_peak_labels_50.csv | ${ARCHIVE_ROOT}\outputs\no_qec_priority_2026_07_31\ready100_fixed_energy_with_existing_beb_no_qec.csv,2,True
silane,silane,SiH4,READY_NUMERIC_EXPERIMENT_PLUS_BEB_DIGITIZED_TIER_B,experimental_curve_points,55,https://physics.nist.gov/cgi-bin/Ionization/graph_new.pl?element=SiH4.0,NIST_SRD107_numeric_BEB,${ARCHIVE_ROOT}\outputs\nist_beb_experimental_crawl_2026_08_01\beb_ascii\059_SiH4_BEB.txt,False,NIST_graph_digitized_fast12_2026_08_02,"2026-09-06 source audit: provenance reconstructed from the actual frozen training input files, with original experiment citations and acquisition carriers distinguished where recovered. This audit verifies source metadata, not independent re-digitisation of every numerical value. See source_completeness_status for unresolved source limitations. Earlier identity-level claims are retained separately as legacy metadata, not current verification.",55,curve_point,NIST_strict_numeric,${ARCHIVE_ROOT}\nist_strict_usable_numeric_pairs_2026_07_30\paired_numeric\026_SiH4_BEB_vs_experiment.csv,3,True
silicon-dichloride,silicon dichloride,SiCl2,READY_NUMERIC_EXPERIMENT_PLUS_RAW_BEB_DIGITIZED_TIER_B,experimental_curve_points,31,10.3390/atoms13070064,published_raw_unscaled_BEB_figure_digitized,${ARCHIVE_ROOT}\outputs\current_experiment_beb_master_2026_08_01\siclx_experiment_raw_beb_READY_TIER_B.csv,False,Kaur2025_SiClx_raw_BEB,"2026-09-06 source audit: provenance reconstructed from the actual frozen training input files, with original experiment citations and acquisition carriers distinguished where recovered. This audit verifies source metadata, not independent re-digitisation of every numerical value. See source_completeness_status for unresolved source limitations. Earlier identity-level claims are retained separately as legacy metadata, not current verification.",31,curve_point,digitized_Tier_B,${ARCHIVE_ROOT}\outputs\current_experiment_beb_master_2026_08_01\siclx_experiment_raw_beb_READY_TIER_B.csv,4,True
silicon-difluoride,silicon difluoride,SiF2,READY_NUMERIC_EXPERIMENT_PLUS_BEB_DIGITIZED_TIER_B,experimental_curve_points,29,https://physics.nist.gov/cgi-bin/Ionization/graph_new.pl?element=SiF2.0,NIST_SRD107_numeric_BEB,${ARCHIVE_ROOT}\outputs\nist_beb_experimental_crawl_2026_08_01\beb_ascii\068_SiF2_BEB.txt,False,NIST_graph_digitized_fast12_2026_08_02,"2026-09-06 source audit: provenance reconstructed from the actual frozen training input files, with original experiment citations and acquisition carriers distinguished where recovered. This audit verifies source metadata, not independent re-digitisation of every numerical value. See source_completeness_status for unresolved source limitations. Earlier identity-level claims are retained separately as legacy metadata, not current verification.",29,curve_point,digitized_Tier_B,${ARCHIVE_ROOT}\outputs\current_experiment_beb_master_2026_08_01\nist_fast12_experiment_beb_digitized_READY_TIER_B.csv,3,True
silicon-monochloride,silicon monochloride,SiCl,READY_NUMERIC_EXPERIMENT_PLUS_RAW_BEB_DIGITIZED_TIER_B,experimental_curve_points,29,10.3390/atoms13070064,published_raw_unscaled_BEB_figure_digitized,${ARCHIVE_ROOT}\outputs\current_experiment_beb_master_2026_08_01\siclx_experiment_raw_beb_READY_TIER_B.csv,False,Kaur2025_SiClx_raw_BEB,"2026-09-06 source audit: provenance reconstructed from the actual frozen training input files, with original experiment citations and acquisition carriers distinguished where recovered. This audit verifies source metadata, not independent re-digitisation of every numerical value. See source_completeness_status for unresolved source limitations. Earlier identity-level claims are retained separately as legacy metadata, not current verification.",29,curve_point,digitized_Tier_B,${ARCHIVE_ROOT}\outputs\current_experiment_beb_master_2026_08_01\siclx_experiment_raw_beb_READY_TIER_B.csv,2,True
silicon-monofluoride,silicon monofluoride,SiF,READY_NUMERIC_EXPERIMENT_PLUS_BEB_DIGITIZED_TIER_B,experimental_curve_points,22,https://physics.nist.gov/cgi-bin/Ionization/graph_new.pl?element=SiF.0,NIST_SRD107_numeric_BEB,${ARCHIVE_ROOT}\outputs\nist_beb_experimental_crawl_2026_08_01\beb_ascii\067_SiF_BEB.txt,False,NIST_graph_digitized_fast12_2026_08_02,"2026-09-06 source audit: provenance reconstructed from the actual frozen training input files, with original experiment citations and acquisition carriers distinguished where recovered. This audit verifies source metadata, not independent re-digitisation of every numerical value. See source_completeness_status for unresolved source limitations. Earlier identity-level claims are retained separately as legacy metadata, not current verification.",22,curve_point,digitized_Tier_B,${ARCHIVE_ROOT}\outputs\current_experiment_beb_master_2026_08_01\nist_fast12_experiment_beb_digitized_READY_TIER_B.csv,4,True
silicon-monohydride,silicon monohydride,SiH,READY_NUMERIC_EXPERIMENT_PLUS_BEB_DIGITIZED_TIER_B,experimental_curve_points,31,https://physics.nist.gov/cgi-bin/Ionization/graph_new.pl?element=SiH.0,NIST_SRD107_numeric_BEB,${ARCHIVE_ROOT}\outputs\nist_beb_experimental_crawl_2026_08_01\beb_ascii\056_SiH_BEB.txt,False,NIST_graph_digitized_fast12_2026_08_02,"2026-09-06 source audit: provenance reconstructed from the actual frozen training input files, with original experiment citations and acquisition carriers distinguished where recovered. This audit verifies source metadata, not independent re-digitisation of every numerical value. See source_completeness_status for unresolved source limitations. Earlier identity-level claims are retained separately as legacy metadata, not current verification.",31,curve_point,digitized_Tier_B,${ARCHIVE_ROOT}\outputs\current_experiment_beb_master_2026_08_01\nist_fast12_experiment_beb_digitized_READY_TIER_B.csv,4,True
silicon-tetrachloride,silicon tetrachloride,SiCl4,READY_NUMERIC_EXPERIMENT_PLUS_RAW_ECP_BEB_DIGITIZED_TIER_B,experimental_curve_points,23,10.1063/5.0039465,published_raw_ECP_BEB_figure_digitized,${ARCHIVE_ROOT}\outputs\current_experiment_beb_master_2026_08_01\aip_fig9_12_13_experiment_ecp_beb_READY_TIER_B.csv,False,BartGamman2021_fig9_12_13_raw_ECP_BEB,"2026-09-06 source audit: provenance reconstructed from the actual frozen training input files, with original experiment citations and acquisition carriers distinguished where recovered. This audit verifies source metadata, not independent re-digitisation of every numerical value. See source_completeness_status for unresolved source limitations. Earlier identity-level claims are retained separately as legacy metadata, not current verification.",23,curve_point,digitized_Tier_B,${ARCHIVE_ROOT}\outputs\current_experiment_beb_master_2026_08_01\aip_fig9_12_13_experiment_ecp_beb_READY_TIER_B.csv,2,True
silicon-trichloride,silicon trichloride,SiCl3,READY_NUMERIC_EXPERIMENT_PLUS_RAW_BEB_DIGITIZED_TIER_B,experimental_curve_points,30,10.3390/atoms13070064,published_raw_unscaled_BEB_figure_digitized,${ARCHIVE_ROOT}\outputs\current_experiment_beb_master_2026_08_01\siclx_experiment_raw_beb_READY_TIER_B.csv,False,Kaur2025_SiClx_raw_BEB,"2026-09-06 source audit: provenance reconstructed from the actual frozen training input files, with original experiment citations and acquisition carriers distinguished where recovered. This audit verifies source metadata, not independent re-digitisation of every numerical value. See source_completeness_status for unresolved source limitations. Earlier identity-level claims are retained separately as legacy metadata, not current verification.",30,curve_point,digitized_Tier_B,${ARCHIVE_ROOT}\outputs\current_experiment_beb_master_2026_08_01\siclx_experiment_raw_beb_READY_TIER_B.csv,2,True
silicon-trifluoride,silicon trifluoride,SiF3,READY_NUMERIC_EXPERIMENT_PLUS_BEB_DIGITIZED_TIER_B,experimental_curve_points,31,https://physics.nist.gov/cgi-bin/Ionization/graph_new.pl?element=SiF3.0,NIST_SRD107_numeric_BEB,${ARCHIVE_ROOT}\outputs\nist_beb_experimental_crawl_2026_08_01\beb_ascii\069_SiF3_BEB.txt,False,NIST_graph_digitized_fast12_2026_08_02,"2026-09-06 source audit: provenance reconstructed from the actual frozen training input files, with original experiment citations and acquisition carriers distinguished where recovered. This audit verifies source metadata, not independent re-digitisation of every numerical value. See source_completeness_status for unresolved source limitations. Earlier identity-level claims are retained separately as legacy metadata, not current verification.",31,curve_point,digitized_Tier_B,${ARCHIVE_ROOT}\outputs\current_experiment_beb_master_2026_08_01\nist_fast12_experiment_beb_digitized_READY_TIER_B.csv,0,True
silyl-radical,silyl radical,SiH3,READY_NUMERIC_EXPERIMENT_PLUS_BEB_DIGITIZED_TIER_B,experimental_curve_points,31,https://physics.nist.gov/cgi-bin/Ionization/graph_new.pl?element=SiH3.0,NIST_SRD107_numeric_BEB,${ARCHIVE_ROOT}\outputs\nist_beb_experimental_crawl_2026_08_01\beb_ascii\058_SiH3_BEB.txt,False,NIST_graph_digitized_fast12_2026_08_02,"2026-09-06 source audit: provenance reconstructed from the actual frozen training input files, with original experiment citations and acquisition carriers distinguished where recovered. This audit verifies source metadata, not independent re-digitisation of every numerical value. See source_completeness_status for unresolved source limitations. Earlier identity-level claims are retained separately as legacy metadata, not current verification.",31,curve_point,digitized_Tier_B,${ARCHIVE_ROOT}\outputs\current_experiment_beb_master_2026_08_01\nist_fast12_experiment_beb_digitized_READY_TIER_B.csv,1,True
silylene,silylene,SiH2,READY_NUMERIC_EXPERIMENT_PLUS_BEB_DIGITIZED_TIER_B,experimental_curve_points,31,https://physics.nist.gov/cgi-bin/Ionization/graph_new.pl?element=SiH2.0,NIST_SRD107_numeric_BEB,${ARCHIVE_ROOT}\outputs\nist_beb_experimental_crawl_2026_08_01\beb_ascii\057_SiH2_BEB.txt,False,NIST_graph_digitized_fast12_2026_08_02,"2026-09-06 source audit: provenance reconstructed from the actual frozen training input files, with original experiment citations and acquisition carriers distinguished where recovered. This audit verifies source metadata, not independent re-digitisation of every numerical value. See source_completeness_status for unresolved source limitations. Earlier identity-level claims are retained separately as legacy metadata, not current verification.",31,curve_point,digitized_Tier_B,${ARCHIVE_ROOT}\outputs\current_experiment_beb_master_2026_08_01\nist_fast12_experiment_beb_digitized_READY_TIER_B.csv,3,True
sulfur-dioxide,sulfur dioxide,SO2,READY_NUMERIC_EXPERIMENT_PLUS_BEB,experimental_curve_points,80,https://physics.nist.gov/cgi-bin/Ionization/graph_new.pl?element=SO2.0,NIST_SRD107_numeric_BEB,${ARCHIVE_ROOT}\nist_strict_usable_numeric_pairs_2026_07_30\beb_numeric_corrected\027_SO2_BEB_corrected.csv,False,unified119,"2026-09-06 source audit: provenance reconstructed from the actual frozen training input files, with original experiment citations and acquisition carriers distinguished where recovered. This audit verifies source metadata, not independent re-digitisation of every numerical value. See source_completeness_status for unresolved source limitations. Earlier identity-level claims are retained separately as legacy metadata, not current verification.",80,curve_point,NIST_strict_numeric,${ARCHIVE_ROOT}\nist_strict_usable_numeric_pairs_2026_07_30\paired_numeric\027_SO2_BEB_vs_experiment.csv,2,True
sulfur-hexafluoride,sulfur hexafluoride,SF6,READY_NUMERIC_EXPERIMENT_PLUS_BEB,experimental_curve_points,30,https://physics.nist.gov/cgi-bin/Ionization/graph_new.pl?element=SF6.0,QEC_strict9_authoritative,${PROJECT_ROOT}\data\qec_results\incoming_2026_07_27\strict_new9_results_COMPLETE_2026_07_27_extracted\results\F6S_cc-pVDZ_SE_HFSCF_10_2026-07-27T00-47-36\results\beb_xsec.dat,False,unified119,"2026-09-06 source audit: provenance reconstructed from the actual frozen training input files, with original experiment citations and acquisition carriers distinguished where recovered. This audit verifies source metadata, not independent re-digitisation of every numerical value. See source_completeness_status for unresolved source limitations. Earlier identity-level claims are retained separately as legacy metadata, not current verification.",30,curve_point,NIST_strict_numeric,${ARCHIVE_ROOT}\nist_strict_usable_numeric_pairs_2026_07_30\paired_numeric\028_SF6_BEB_vs_experiment.csv,4,True
sulfur-pentafluoride-radical,sulfur pentafluoride radical,SF5,READY_NUMERIC_EXPERIMENT_PLUS_PUBLISHED_BEB_DIGITIZED_TIER_B,experimental_fixed_or_sparse_points,2,10.1063/1.477311; 10.1016/S1387-3806(00)00211-6; review 10.1063/1.1288407,published_raw_BEB_without_double_ionization_figure_digitized,${ARCHIVE_ROOT}\outputs\current_experiment_beb_master_2026_08_01\sf3_sf5_experiment_beb_READY_TIER_B.csv,False,Tarnovsky1998_Ali2000_SFx,"2026-09-06 source audit: provenance reconstructed from the actual frozen training input files, with original experiment citations and acquisition carriers distinguished where recovered. This audit verifies source metadata, not independent re-digitisation of every numerical value. See source_completeness_status for unresolved source limitations. Earlier identity-level claims are retained separately as legacy metadata, not current verification.",2,sparse_point,digitized_Tier_B,${ARCHIVE_ROOT}\outputs\current_experiment_beb_master_2026_08_01\sf3_sf5_experiment_beb_READY_TIER_B.csv,3,True
sulfur-trifluoride-radical,sulfur trifluoride radical,SF3,READY_NUMERIC_EXPERIMENT_PLUS_PUBLISHED_BEB_DIGITIZED_TIER_B,experimental_fixed_or_sparse_points,2,10.1063/1.477311; 10.1016/S1387-3806(00)00211-6; review 10.1063/1.1288407,published_raw_BEB_without_double_ionization_figure_digitized,${ARCHIVE_ROOT}\outputs\current_experiment_beb_master_2026_08_01\sf3_sf5_experiment_beb_READY_TIER_B.csv,False,Tarnovsky1998_Ali2000_SFx,"2026-09-06 source audit: provenance reconstructed from the actual frozen training input files, with original experiment citations and acquisition carriers distinguished where recovered. This audit verifies source metadata, not independent re-digitisation of every numerical value. See source_completeness_status for unresolved source limitations. Earlier identity-level claims are retained separately as legacy metadata, not current verification.",2,sparse_point,digitized_Tier_B,${ARCHIVE_ROOT}\outputs\current_experiment_beb_master_2026_08_01\sf3_sf5_experiment_beb_READY_TIER_B.csv,4,True
tert-butanol,t-Butanol,C4H10O,READY_NUMERIC_EXPERIMENT_PLUS_BEB,experimental_fixed_or_sparse_points;experimental_peak_height,2,10.1039/B304456D | 10.1021/jp210294p | 10.1021/acs.jpca.0c06308 | https://repository.lib.ncsu.edu/bitstreams/e76df401-02d2-4db1-903b-dad1b9e89fe0/download | https://pubs.acs.org/doi/10.1021/acs.jpca.0c06308,published_numeric_BEB,${ARCHIVE_ROOT}\existing_beb_150_checkpoint_2026_07_30\beb_numeric\015_tert-butanol_BEB.csv,False,unified119,"2026-09-06 source audit: provenance reconstructed from the actual frozen training input files, with original experiment citations and acquisition carriers distinguished where recovered. This audit verifies source metadata, not independent re-digitisation of every numerical value. See source_completeness_status for unresolved source limitations. Earlier identity-level claims are retained separately as legacy metadata, not current verification.",2,fixed_70_75eV | peak_height,published_fixed_energy | published_numeric_peak,${ARCHIVE_ROOT}\outputs\no_qec_priority_2026_07_31\agent_no_qec_immediate_numeric_peak_labels_50.csv | ${ARCHIVE_ROOT}\outputs\no_qec_priority_2026_07_31\ready100_fixed_energy_with_existing_beb_no_qec.csv,0,True
tert-butyl-acetate,tert-butyl acetate,C6H12O2,READY_NUMERIC_EXPERIMENT_PLUS_BEB,experimental_fixed_or_sparse_points;experimental_peak_height,2,10.1016/j.ijms.2005.11.003 | 10.1021/acs.jpca.0c06308 | https://repository.lib.ncsu.edu/bitstreams/e76df401-02d2-4db1-903b-dad1b9e89fe0/download | https://pubs.acs.org/doi/10.1021/acs.jpca.0c06308,published_numeric_BEB,${ARCHIVE_ROOT}\existing_beb_150_checkpoint_2026_07_30\beb_numeric\042_tert-butyl_acetate_BEB.csv,False,unified119,2026-09-06 source audit: legacy audit assertions superseded. The 55 energy-dependent points from the ambiguous isomer trace are excluded. The retained experimental constraints are the independent Hudson (2006) Table 1 peak height and the Bose 70–75 eV compilation value. Table 1 does not report peak energy; its peak label has unreported energy and source-accuracy uncertainty of 5%. The full source papers/compilation are separately identified. Source labels updated after the 350-row exclusion; withdrawn series are not current training evidence.,2,fixed_70_75eV | peak_height,published_fixed_energy | published_numeric_peak,${ARCHIVE_ROOT}\outputs\no_qec_priority_2026_07_31\agent_no_qec_immediate_numeric_peak_labels_50.csv | ${ARCHIVE_ROOT}\outputs\no_qec_priority_2026_07_31\ready100_fixed_energy_with_existing_beb_no_qec.csv,1,True
tetrafluoroethene,tetrafluoroethene,C2F4,READY_NUMERIC_EXPERIMENT_PLUS_BEB,experimental_fixed_or_sparse_points,1,10.1021/acs.jpca.0c06308 | https://repository.lib.ncsu.edu/bitstreams/e76df401-02d2-4db1-903b-dad1b9e89fe0/download | https://pubs.acs.org/doi/10.1021/acs.jpca.0c06308,published_numeric_BEB,${ARCHIVE_ROOT}\existing_beb_150_checkpoint_2026_07_30\beb_numeric\008_tetrafluoroethene_BEB.csv,False,unified119;Bull2012_numeric_peak32,"2026-09-06 source audit: provenance reconstructed from the actual frozen training input files, with original experiment citations and acquisition carriers distinguished where recovered. This audit verifies source metadata, not independent re-digitisation of every numerical value. See source_completeness_status for unresolved source limitations. Earlier identity-level claims are retained separately as legacy metadata, not current verification.",1,fixed_70_75eV,published_fixed_energy,${ARCHIVE_ROOT}\outputs\no_qec_priority_2026_07_31\ready100_fixed_energy_with_existing_beb_no_qec.csv,3,True
tetrahydrofuran,Tetrahydrofuran,C4H8O,READY_NUMERIC_EXPERIMENT_PLUS_BEB,experimental_fixed_or_sparse_points,1,10.1021/acs.jpca.0c06308 | https://repository.lib.ncsu.edu/bitstreams/e76df401-02d2-4db1-903b-dad1b9e89fe0/download | https://pubs.acs.org/doi/10.1021/acs.jpca.0c06308,QEC_new32_exact_manifest,new32_qec_beb_successful30_2026_07_30.tar.gz::C4H8O_cc-pVDZ_SE_HFSCF_10_2026-07-30T16-03-14/results/beb_xsec.dat,False,unified119,"2026-09-06 source audit: provenance reconstructed from the actual frozen training input files, with original experiment citations and acquisition carriers distinguished where recovered. This audit verifies source metadata, not independent re-digitisation of every numerical value. See source_completeness_status for unresolved source limitations. Earlier identity-level claims are retained separately as legacy metadata, not current verification.",1,fixed_70_75eV,published_fixed_energy,${ARCHIVE_ROOT}\outputs\no_qec_priority_2026_07_31\ready100_fixed_energy_with_existing_beb_no_qec.csv,4,True
tetrahydrofurfuryl-alcohol,Tetrahydrofurfuryl-alcohol,C5H10O2,READY_NUMERIC_EXPERIMENT_PLUS_BEB,experimental_fixed_or_sparse_points,1,10.1021/acs.jpca.0c06308 | https://repository.lib.ncsu.edu/bitstreams/e76df401-02d2-4db1-903b-dad1b9e89fe0/download | https://pubs.acs.org/doi/10.1021/acs.jpca.0c06308,QEC_new32_exact_manifest,new32_qec_beb_successful30_2026_07_30.tar.gz::C5H10O2_cc-pVDZ_SE_HFSCF_10_2026-07-30T17-39-15/results/beb_xsec.dat,False,unified119,"2026-09-06 source audit: provenance reconstructed from the actual frozen training input files, with original experiment citations and acquisition carriers distinguished where recovered. This audit verifies source metadata, not independent re-digitisation of every numerical value. See source_completeness_status for unresolved source limitations. Earlier identity-level claims are retained separately as legacy metadata, not current verification.",1,fixed_70_75eV,published_fixed_energy,${ARCHIVE_ROOT}\outputs\no_qec_priority_2026_07_31\ready100_fixed_energy_with_existing_beb_no_qec.csv,0,True
tetramethylsilane,tetramethylsilane,C4H12Si,READY_NUMERIC_EXPERIMENT_PLUS_BEB,experimental_curve_points,25,https://physics.nist.gov/cgi-bin/Ionization/graph_new.pl?element=TMS.0,QEC_new32_exact_manifest,new32_qec_beb_successful30_2026_07_30.tar.gz::C4H12Si_cc-pVDZ_SE_HFSCF_10_2026-07-30T18-20-59/results/beb_xsec.dat,False,unified119,"2026-09-06 source audit: provenance reconstructed from the actual frozen training input files, with original experiment citations and acquisition carriers distinguished where recovered. This audit verifies source metadata, not independent re-digitisation of every numerical value. See source_completeness_status for unresolved source limitations. Earlier identity-level claims are retained separately as legacy metadata, not current verification.",25,curve_point,NIST_strict_numeric,${ARCHIVE_ROOT}\nist_strict_usable_numeric_pairs_2026_07_30\paired_numeric\029_TMS_BEB_vs_experiment.csv,1,True
titanium-tetrachloride,titanium tetrachloride,TiCl4,READY_NUMERIC_EXPERIMENT_PLUS_BEB,experimental_peak_height,1,10.1002/sia.2091,published_raw_ECP_BEB_peak,${ARCHIVE_ROOT}\outputs\no_qec_priority_2026_07_31\scott_irikura2005_new5_strict_peak_pairs_2026_08_02.csv,False,Scott_Irikura_2005_heavy_element_new5,"2026-09-06 source audit: provenance reconstructed from the actual frozen training input files, with original experiment citations and acquisition carriers distinguished where recovered. This audit verifies source metadata, not independent re-digitisation of every numerical value. See source_completeness_status for unresolved source limitations. Earlier identity-level claims are retained separately as legacy metadata, not current verification.",1,peak_height_numeric,published_ECP_BEB_peak_pair,${ARCHIVE_ROOT}\outputs\no_qec_priority_2026_07_31\scott_irikura2005_new5_strict_peak_pairs_2026_08_02.csv,1,True
toluene,Toluene,C7H8,READY_NUMERIC_EXPERIMENT_PLUS_BEB,experimental_fixed_or_sparse_points,1,10.1021/acs.jpca.0c06308 | https://repository.lib.ncsu.edu/bitstreams/e76df401-02d2-4db1-903b-dad1b9e89fe0/download | https://pubs.acs.org/doi/10.1021/acs.jpca.0c06308,QEC_new32_exact_manifest,new32_qec_beb_successful30_2026_07_30.tar.gz::C7H8_cc-pVDZ_SE_HFSCF_10_2026-07-30T16-54-56/results/beb_xsec.dat,False,unified119,"2026-09-06 source audit: provenance reconstructed from the actual frozen training input files, with original experiment citations and acquisition carriers distinguished where recovered. This audit verifies source metadata, not independent re-digitisation of every numerical value. See source_completeness_status for unresolved source limitations. Earlier identity-level claims are retained separately as legacy metadata, not current verification.",1,fixed_70_75eV,published_fixed_energy,${ARCHIVE_ROOT}\outputs\no_qec_priority_2026_07_31\ready100_fixed_energy_with_existing_beb_no_qec.csv,2,True
trans-1-2-dichloroethene,"trans-1,2-dichloroethene",C2H2Cl2,READY_NUMERIC_EXPERIMENT_PLUS_BEB,experimental_peak_height,1,10.1088/0953-4075/34/15/309,published_raw_uncorrected_BEB_peak,${ARCHIVE_ROOT}\outputs\no_qec_priority_2026_07_31\bart_hudson2001_new6_strict_peak_pairs_2026_08_02.csv,False,Bart_Hudson_2001_new6,"2026-09-06 source audit: provenance reconstructed from the actual frozen training input files, with original experiment citations and acquisition carriers distinguished where recovered. This audit verifies source metadata, not independent re-digitisation of every numerical value. See source_completeness_status for unresolved source limitations. Earlier identity-level claims are retained separately as legacy metadata, not current verification.",1,peak_height_numeric,published_raw_BEB_peak_pair,${ARCHIVE_ROOT}\outputs\no_qec_priority_2026_07_31\bart_hudson2001_new6_strict_peak_pairs_2026_08_02.csv,3,True
trans-2-butene,trans-2-butene,C4H8,READY_NUMERIC_EXPERIMENT_PLUS_BEB,experimental_fixed_or_sparse_points,1,10.1021/acs.jpca.0c06308,NIST_SRD107_numeric_BEB,${ARCHIVE_ROOT}\outputs\no_qec_priority_2026_07_31\nist_beb_expansion_2026_07_31\trans_2_butene_C4H8_NIST_BEB.csv,False,NIST_new8,"2026-09-06 source audit: provenance reconstructed from the actual frozen training input files, with original experiment citations and acquisition carriers distinguished where recovered. This audit verifies source metadata, not independent re-digitisation of every numerical value. See source_completeness_status for unresolved source limitations. Earlier identity-level claims are retained separately as legacy metadata, not current verification.",1,fixed_energy_numeric,strict_incremental_numeric,${ARCHIVE_ROOT}\outputs\no_qec_priority_2026_07_31\new25_incremental_identity_ledger_2026_08_01.csv,4,True
trichloroacetonitrile,trichloroacetonitrile,C2Cl3N,READY_NUMERIC_EXPERIMENT_PLUS_BEB,experimental_peak_height,1,10.1002/sia.2091,published_raw_ECP_BEB_peak,${ARCHIVE_ROOT}\outputs\no_qec_priority_2026_07_31\scott_irikura2005_new5_strict_peak_pairs_2026_08_02.csv,False,Scott_Irikura_2005_heavy_element_new5,"2026-09-06 source audit: provenance reconstructed from the actual frozen training input files, with original experiment citations and acquisition carriers distinguished where recovered. This audit verifies source metadata, not independent re-digitisation of every numerical value. See source_completeness_status for unresolved source limitations. Earlier identity-level claims are retained separately as legacy metadata, not current verification.",1,peak_height_numeric,published_ECP_BEB_peak_pair,${ARCHIVE_ROOT}\outputs\no_qec_priority_2026_07_31\scott_irikura2005_new5_strict_peak_pairs_2026_08_02.csv,0,True
trichlorofluoromethane,Fluorotrichloromethane,CCl3F,READY_NUMERIC_EXPERIMENT_PLUS_BEB,experimental_fixed_or_sparse_points,1,10.1021/acs.jpca.0c06308 | https://repository.lib.ncsu.edu/bitstreams/e76df401-02d2-4db1-903b-dad1b9e89fe0/download | https://pubs.acs.org/doi/10.1021/acs.jpca.0c06308,published_numeric_BEB,${ARCHIVE_ROOT}\existing_beb_150_checkpoint_2026_07_30\beb_numeric\134_trichlorofluoromethane_BEB.csv,False,unified119,"2026-09-06 source audit: provenance reconstructed from the actual frozen training input files, with original experiment citations and acquisition carriers distinguished where recovered. This audit verifies source metadata, not independent re-digitisation of every numerical value. See source_completeness_status for unresolved source limitations. Earlier identity-level claims are retained separately as legacy metadata, not current verification.",1,fixed_70_75eV,published_fixed_energy,${ARCHIVE_ROOT}\outputs\no_qec_priority_2026_07_31\ready100_fixed_energy_with_existing_beb_no_qec.csv,1,True
trifluoroacetonitrile,perfluoroacetonitrile,C2F3N,READY_NUMERIC_EXPERIMENT_PLUS_BEB,experimental_fixed_or_sparse_points,1,10.1021/acs.jpca.0c06308 | https://repository.lib.ncsu.edu/bitstreams/e76df401-02d2-4db1-903b-dad1b9e89fe0/download | https://pubs.acs.org/doi/10.1021/acs.jpca.0c06308,published_numeric_BEB,${ARCHIVE_ROOT}\existing_beb_150_checkpoint_2026_07_30\beb_numeric\022_trifluoroacetonitrile_BEB.csv,False,unified119;Bull2012_numeric_peak32,"2026-09-06 source audit: provenance reconstructed from the actual frozen training input files, with original experiment citations and acquisition carriers distinguished where recovered. This audit verifies source metadata, not independent re-digitisation of every numerical value. See source_completeness_status for unresolved source limitations. Earlier identity-level claims are retained separately as legacy metadata, not current verification.",1,fixed_70_75eV,published_fixed_energy,${ARCHIVE_ROOT}\outputs\no_qec_priority_2026_07_31\ready100_fixed_energy_with_existing_beb_no_qec.csv,2,True
trifluoromethane,trifluoromethane,CHF3,READY_NUMERIC_EXPERIMENT_PLUS_BEB,experimental_fixed_or_sparse_points,1,10.1021/acs.jpca.0c06308 | https://repository.lib.ncsu.edu/bitstreams/e76df401-02d2-4db1-903b-dad1b9e89fe0/download | https://pubs.acs.org/doi/10.1021/acs.jpca.0c06308,published_numeric_BEB,${ARCHIVE_ROOT}\existing_beb_150_checkpoint_2026_07_30\beb_numeric\004_trifluoromethane_BEB.csv,False,unified119;Bull2012_numeric_peak32,"2026-09-06 source audit: provenance reconstructed from the actual frozen training input files, with original experiment citations and acquisition carriers distinguished where recovered. This audit verifies source metadata, not independent re-digitisation of every numerical value. See source_completeness_status for unresolved source limitations. Earlier identity-level claims are retained separately as legacy metadata, not current verification.",1,fixed_70_75eV,published_fixed_energy,${ARCHIVE_ROOT}\outputs\no_qec_priority_2026_07_31\ready100_fixed_energy_with_existing_beb_no_qec.csv,3,True
trifluoromethyl-radical,trifluoromethyl radical,CF3,READY_NUMERIC_EXPERIMENT_PLUS_RAW_BEB_DIGITIZED_TIER_B,experimental_fixed_or_sparse_points,1,10.1016/S0009-2614(02)00633-4,published_raw_BEB_figure_digitized,${ARCHIVE_ROOT}\outputs\current_experiment_beb_master_2026_08_01\cf2_cf3_nf2_nf3_experiment_beb_READY_TIER_B.csv,False,Huo2002_CFx_NFx,"2026-09-06 source audit: provenance reconstructed from the actual frozen training input files, with original experiment citations and acquisition carriers distinguished where recovered. This audit verifies source metadata, not independent re-digitisation of every numerical value. See source_completeness_status for unresolved source limitations. Earlier identity-level claims are retained separately as legacy metadata, not current verification.",1,sparse_point,digitized_Tier_B,${ARCHIVE_ROOT}\outputs\current_experiment_beb_master_2026_08_01\cf2_cf3_nf2_nf3_experiment_beb_READY_TIER_B.csv,4,True
trimethylaluminum,trimethylaluminum,C3H9Al,READY_NUMERIC_EXPERIMENT_PLUS_FORMULA_RECONSTRUCTED_BEB,experimental_fixed_or_sparse_points,1,10.1016/S1387-3806(00)00258-X,published_SI_formula_reconstructed_BEB,${ARCHIVE_ROOT}\outputs\no_qec_priority_2026_07_31\scott_irikura_heavy4_reconstructed_2026_08_01\alme3_scott_irikura_2005_ecp_beb_A2.csv,False,Scott_Irikura_heavy_reconstructed,"2026-09-06 source audit: provenance reconstructed from the actual frozen training input files, with original experiment citations and acquisition carriers distinguished where recovered. This audit verifies source metadata, not independent re-digitisation of every numerical value. See source_completeness_status for unresolved source limitations. Earlier identity-level claims are retained separately as legacy metadata, not current verification.",1,fixed_energy_numeric,published_SI_formula_reconstructed_BEB,${ARCHIVE_ROOT}\outputs\no_qec_priority_2026_07_31\scott_irikura_heavy_ready_vs_pending_2026_08_01.csv,0,True
trimethylgallium,trimethylgallium,C3H9Ga,READY_NUMERIC_EXPERIMENT_PLUS_FORMULA_RECONSTRUCTED_BEB,experimental_fixed_or_sparse_points,1,10.1016/S1387-3806(00)00258-X,published_SI_formula_reconstructed_BEB,${ARCHIVE_ROOT}\outputs\no_qec_priority_2026_07_31\scott_irikura_heavy4_reconstructed_2026_08_01\game3_scott_irikura_2005_ecp_beb_A2.csv,False,Scott_Irikura_heavy_reconstructed,"2026-09-06 source audit: provenance reconstructed from the actual frozen training input files, with original experiment citations and acquisition carriers distinguished where recovered. This audit verifies source metadata, not independent re-digitisation of every numerical value. See source_completeness_status for unresolved source limitations. Earlier identity-level claims are retained separately as legacy metadata, not current verification.",1,fixed_energy_numeric,published_SI_formula_reconstructed_BEB,${ARCHIVE_ROOT}\outputs\no_qec_priority_2026_07_31\scott_irikura_heavy_ready_vs_pending_2026_08_01.csv,1,True
uracil,uracil,C4H4N2O2,READY_NUMERIC_EXPERIMENT_PLUS_BEB,experimental_peak_height,1,10.1063/1.4765307,published_numeric_BEB_51_points,${ARCHIVE_ROOT}\outputs\no_qec_priority_2026_07_31\agent_dna5_mozejko2003_numeric_beb.csv,False,DNA_RNA_bases5,"2026-09-06 source audit: provenance reconstructed from the actual frozen training input files, with original experiment citations and acquisition carriers distinguished where recovered. This audit verifies source metadata, not independent re-digitisation of every numerical value. See source_completeness_status for unresolved source limitations. Earlier identity-level claims are retained separately as legacy metadata, not current verification.",1,peak_height_numeric,strict_incremental_numeric,${ARCHIVE_ROOT}\outputs\no_qec_priority_2026_07_31\new25_incremental_identity_ledger_2026_08_01.csv,2,True
water,water,H2O,READY_NUMERIC_EXPERIMENT_PLUS_BEB,experimental_curve_points;experimental_fixed_or_sparse_points,68,https://physics.nist.gov/cgi-bin/Ionization/graph_new.pl?element=H2O.0 | 10.1021/acs.jpca.0c06308 | https://repository.lib.ncsu.edu/bitstreams/e76df401-02d2-4db1-903b-dad1b9e89fe0/download | https://pubs.acs.org/doi/10.1021/acs.jpca.0c06308,NIST_SRD107_numeric_BEB,${ARCHIVE_ROOT}\nist_strict_usable_numeric_pairs_2026_07_30\beb_numeric_corrected\030_H2O_BEB_corrected.csv,False,unified119,"2026-09-06 source audit: legacy audit assertions superseded. Retained water curve labels use experimental NIST series exp_1, exp_2, exp_3, exp_4 and exp_6. Seven exp_5 theory labels are excluded. The original database and author/journal/page provenance are available; not every original paper was independently checked in full text. Source labels updated after the 350-row exclusion; withdrawn series are not current training evidence.",68,curve_point | fixed_70_75eV,NIST_strict_numeric | published_fixed_energy,${ARCHIVE_ROOT}\nist_strict_usable_numeric_pairs_2026_07_30\paired_numeric\030_H2O_BEB_vs_experiment.csv | ${ARCHIVE_ROOT}\outputs\no_qec_priority_2026_07_31\ready100_fixed_energy_with_existing_beb_no_qec.csv,4,True
