identity_key,molecule_name,formula,experimental_label_type,experimental_source_locator,original_experimental_citation_or_database_record,page_figure_or_extraction_note,beb_source_type,beb_path_or_locator,training_source_files,label_types_used,training_observations,cv_fold,source_completeness_status,audit_note,actual_beb_sources_by_route,legacy_experimental_locator_before_sep06,evidence_code,curve_observations_retained,quarantined_curve_observations,legacy_audit_note_before_sep06,late_source_metadata_note
1-3-butadiene,"1,3-butadiene",C4H6,experimental_fixed_or_sparse_points,10.1021/acs.jpca.0c06308 | https://repository.lib.ncsu.edu/bitstreams/e76df401-02d2-4db1-903b-dad1b9e89fe0/download,10.1021/acs.jpca.0c06308,"experiment_location=Appendix A, Table A.7; source PDF p.331, printed p.289 | Bose numerical carrier: dissertation Table A.7, PDF p.331 / printed p.289, BOSE396_047, row 'Butan-1,3-diene', Mean cross section column. PDF-column replay matches retained experimental label 11.6 A^2 exactly.",NIST_SRD107_numeric_BEB,${ARCHIVE_ROOT}\outputs\no_qec_priority_2026_07_31\nist_beb_expansion_2026_07_31\trans_butadiene_C4H6_NIST_BEB.csv,${ARCHIVE_ROOT}\outputs\alecs_bose396_match_2026_08_01\approved_same_identity_11\approved_11_manifest.csv | ${ARCHIVE_ROOT}\outputs\no_qec_priority_2026_07_31\new25_incremental_identity_ledger_2026_08_01.csv,fixed_70_75eV | fixed_energy_numeric,2,2,"Bose数值为70–75 eV综合/归一化汇总，原测量工作须通过原作者来源链追溯；Table A.7页号属thesis而非期刊正文 | Late source-column audit: this Bose value is a standardized experimental population mean, not a BEB or ML prediction. The actual Table A.7 mean column and transfer to the retained input were checked. This does not reconstruct every original laboratory measurement, scaling factor or confidence interval, and is separate from BEB structural validation.","2026-09-06 source audit: provenance reconstructed from the actual frozen training input files, with original experiment citations and acquisition carriers distinguished where recovered. This audit verifies source metadata, not independent re-digitisation of every numerical value. See source_completeness_status for unresolved source limitations. Earlier identity-level claims are retained separately as legacy metadata, not current verification.","beb_curve_file=${ARCHIVE_ROOT}\outputs\alecs_bose396_match_2026_08_01\approved_same_identity_11\beb_curves_A2\004_butan_1,3_diene_ALeCS_BEB_A2.csv | beb_source_doi=10.1051/0004-6361/202348293 | beb_source_repository=https://github.com/alecs-db/ALeCS-db | beb_doi=NIST SRD 107 | beb_local_path=${ARCHIVE_ROOT}\outputs\no_qec_priority_2026_07_31\nist_beb_expansion_2026_07_31\trans_butadiene_C4H6_NIST_BEB.csv | beb_location=https://physics.nist.gov/cgi-bin/Ionization/table.pl?ionization=C4H6 | beb_numeric_scope=full_numeric_curve",10.1021/acs.jpca.0c06308,F,0,0,"Exact isomer/name and formula match: Bose ""Butan-1,3-diene"" = NIST ""trans-Butadiene"" (C4H6)",
1-4-5-6-tetrahydropyrimidine,"1,4,5,6-tetrahydropyrimidine",C4H8N2,experimental_peak_height,10.1039/C4CP00490F,experimental_source_title=Absolute electron total ionization cross-sections: Molecular analogues of DNA and RNA nucleobase and sugar constituents,experimental_curve_location=Fig. 2b | source_pdf_page=4 | source_printed_page=4,QEC_new32_exact_manifest,new32_qec_beb_successful30_2026_07_30.tar.gz::C4H8N2_cc-pVDZ_SE_HFSCF_10_2026-07-30T16-35-26/results/beb_xsec.dat,${ARCHIVE_ROOT}\outputs\no_qec_priority_2026_07_31\bull2014_peak15_strict_pairs_2026_07_31.csv,peak_height_numeric,1,1,来源元数据已找回；仍不等同对全部数值独立逐点复核,"2026-09-06 source audit: provenance reconstructed from the actual frozen training input files, with original experiment citations and acquisition carriers distinguished where recovered. This audit verifies source metadata, not independent re-digitisation of every numerical value. See source_completeness_status for unresolved source limitations. Earlier identity-level claims are retained separately as legacy metadata, not current verification.",beb_source_path=new32_qec_beb_successful30_2026_07_30.tar.gz::C4H8N2_cc-pVDZ_SE_HFSCF_10_2026-07-30T16-35-26/results/beb_xsec.dat | beb_source_type=QEC_new32_exact_manifest,10.1039/C4CP00490F,P,0,0,exact strict-manifest identity plus formula and InChIKey | This is a new directly trainable identity under the mentor-approved peak-only rule; peak energy is not tabulated and remains NA.,"The finite energy in this peak-amplitude record originated from a calculated BEB peak, not a verified common-energy experimental/BEB observation. Keep the independently recorded peak amplitudes; do not expose theoretical peak energy as experimental energy. Conservative model-input policy: the retained peak-amplitude pair has no assigned energy."
1-butanol,n-Butanol,C4H10O,experimental_fixed_or_sparse_points;experimental_peak_height,10.1039/B304456D | 10.1021/jp210294p | 10.1021/acs.jpca.0c06308 | https://repository.lib.ncsu.edu/bitstreams/e76df401-02d2-4db1-903b-dad1b9e89fe0/download | https://pubs.acs.org/doi/10.1021/acs.jpca.0c06308,numeric_label_source_title=Absolute Total Electron Impact Ionization Cross-Sections for Many-Atom Organic and Halocarbon Species | source_title=Predicting Total Electron-Ionization Cross Sections and GC-MS Calibration Factors Using Machine Learning,"full_curve_source_figure=NA | full_curve_source_page=journal pp3162-3168; exact curve page NA | numeric_label_location=Table 2, journal p.769 (local PDF physical p.3) | source_pdf_page=336 | source_printed_page=294 | source_table=Appendix A, Table A.7 | Bose numerical carrier: dissertation Table A.7, PDF p.336 / printed p.294, BOSE396_127, row 'n-Butanol', Mean cross section column. PDF-column replay matches retained experimental label 14.0 A^2 exactly.",published_numeric_BEB,${ARCHIVE_ROOT}\existing_beb_150_checkpoint_2026_07_30\beb_numeric\009_1-butanol_BEB.csv,${ARCHIVE_ROOT}\outputs\no_qec_priority_2026_07_31\agent_no_qec_immediate_numeric_peak_labels_50.csv | ${ARCHIVE_ROOT}\outputs\no_qec_priority_2026_07_31\ready100_fixed_energy_with_existing_beb_no_qec.csv,fixed_70_75eV | peak_height,2,3,"Bose数值为70–75 eV综合/归一化汇总，原测量工作须通过原作者来源链追溯；Table A.7页号属thesis而非期刊正文 | Late source-column audit: this Bose value is a standardized experimental population mean, not a BEB or ML prediction. The actual Table A.7 mean column and transfer to the retained input were checked. This does not reconstruct every original laboratory measurement, scaling factor or confidence interval, and is separate from BEB structural validation.","2026-09-06 source audit: provenance reconstructed from the actual frozen training input files, with original experiment citations and acquisition carriers distinguished where recovered. This audit verifies source metadata, not independent re-digitisation of every numerical value. See source_completeness_status for unresolved source limitations. Earlier identity-level claims are retained separately as legacy metadata, not current verification.",accepted_BEB_path=${ARCHIVE_ROOT}\existing_beb_150_checkpoint_2026_07_30\beb_numeric\009_1-butanol_BEB.csv | accepted_BEB_source=published_numeric_BEB | local_beb_match_method=curated_synonym_or_isomer_alias_and_formula | local_beb_match_status=ready_fixed_energy_experiment_plus_local_beb | local_beb_registry_status=accepted | local_beb_source_path=${ARCHIVE_ROOT}\existing_beb_150_checkpoint_2026_07_30\beb_numeric\009_1-butanol_BEB.csv | local_beb_source_type=published_numeric_BEB | 已出版数值BEB：https://doi.org/10.1021/jp210294p.s001; official SI PDF pp.27-34,10.1021/acs.jpca.0c06308,F/P,0,0,Use every available experimental label. Apply a mask so each row contributes only to the energies/targets actually observed; do not invent missing curve points.,"The finite energy in this peak-amplitude record originated from a calculated BEB peak, not a verified common-energy experimental/BEB observation. Keep the independently recorded peak amplitudes; do not expose theoretical peak energy as experimental energy. Conservative model-input policy: the retained peak-amplitude pair has no assigned energy. Legacy expansion subsequently marked those backfilled values as reported. This correction does not assert that the original experimental paper never reported a peak energy."
1-butene,1-butene,C4H8,experimental_fixed_or_sparse_points,10.1021/acs.jpca.0c06308,10.1021/acs.jpca.0c06308,"experiment_location=Appendix A, Table A.7; source PDF p.331, printed p.289",NIST_SRD107_numeric_BEB,${ARCHIVE_ROOT}\outputs\no_qec_priority_2026_07_31\nist_beb_expansion_2026_07_31\1_butene_C4H8_NIST_BEB.csv,${ARCHIVE_ROOT}\outputs\no_qec_priority_2026_07_31\new25_incremental_identity_ledger_2026_08_01.csv,fixed_energy_numeric,1,2,Bose数值为70–75 eV综合/归一化汇总，原测量工作须通过原作者来源链追溯；Table A.7页号属thesis而非期刊正文,"2026-09-06 source audit: provenance reconstructed from the actual frozen training input files, with original experiment citations and acquisition carriers distinguished where recovered. This audit verifies source metadata, not independent re-digitisation of every numerical value. See source_completeness_status for unresolved source limitations. Earlier identity-level claims are retained separately as legacy metadata, not current verification.",beb_doi=NIST SRD 107 | beb_local_path=${ARCHIVE_ROOT}\outputs\no_qec_priority_2026_07_31\nist_beb_expansion_2026_07_31\1_butene_C4H8_NIST_BEB.csv | beb_location=https://physics.nist.gov/cgi-bin/Ionization/table.pl?ionization=C4H8xx0 | beb_numeric_scope=full_numeric_curve,10.1021/acs.jpca.0c06308,F,0,0,"Exact isomer/name and formula match: Bose ""1-Butene"" = NIST ""1-Butene"" (C4H8)",
1-heptene,1-heptene,C7H14,experimental_fixed_or_sparse_points,10.1021/acs.jpca.0c06308,10.1021/acs.jpca.0c06308,"experiment_location=PDF p.332; printed p.290; Appendix A, Table A.7",Binary-Encounter-Bethe,${ARCHIVE_ROOT}\outputs\no_qec_priority_2026_07_31\irikura2017_new3_published_numeric_beb_70eV.csv::IRIKURA_BEB70_001,${ARCHIVE_ROOT}\outputs\no_qec_priority_2026_07_31\new25_incremental_identity_ledger_2026_08_01.csv,fixed_energy_numeric,1,1,Bose数值为70–75 eV综合/归一化汇总，原测量工作须通过原作者来源链追溯；Table A.7页号属thesis而非期刊正文,"2026-09-06 source audit: provenance reconstructed from the actual frozen training input files, with original experiment citations and acquisition carriers distinguished where recovered. This audit verifies source metadata, not independent re-digitisation of every numerical value. See source_completeness_status for unresolved source limitations. Earlier identity-level claims are retained separately as legacy metadata, not current verification.",beb_doi=10.6028/jres.122.028 | beb_local_path=${ARCHIVE_ROOT}\outputs\no_qec_priority_2026_07_31\irikura2017_new3_published_numeric_beb_70eV.csv::IRIKURA_BEB70_001 | beb_location=pp.3-4 Table 1 | beb_numeric_scope=published_numeric_70eV_point,10.1021/acs.jpca.0c06308,F,0,0,exact IUPAC synonym plus formula plus PubChem CID plus InChIKey,
1-hexene,1-hexene,C6H12,experimental_fixed_or_sparse_points,10.1021/acs.jpca.0c06308 | https://repository.lib.ncsu.edu/bitstreams/e76df401-02d2-4db1-903b-dad1b9e89fe0/download,10.1021/acs.jpca.0c06308,"experiment_location=PDF p.332; printed p.290; Appendix A, Table A.7 | Bose numerical carrier: dissertation Table A.7, PDF p.332 / printed p.290, BOSE396_050, row 'Hexan-1-ene', Mean cross section column. PDF-column replay matches retained experimental label 16.4 A^2 exactly.",published_numeric_BEB_70eV,${ARCHIVE_ROOT}\outputs\no_qec_priority_2026_07_31\irikura2017_1hexene_published_numeric_beb_70eV.csv::IRIKURA_BEB70_1HEXENE,${ARCHIVE_ROOT}\outputs\alecs_bose396_match_2026_08_01\approved_same_identity_11\approved_11_manifest.csv | ${ARCHIVE_ROOT}\outputs\no_qec_priority_2026_07_31\new25_incremental_identity_ledger_2026_08_01.csv,fixed_70_75eV | fixed_energy_numeric,2,1,"Bose数值为70–75 eV综合/归一化汇总，原测量工作须通过原作者来源链追溯；Table A.7页号属thesis而非期刊正文 | Late source-column audit: this Bose value is a standardized experimental population mean, not a BEB or ML prediction. The actual Table A.7 mean column and transfer to the retained input were checked. This does not reconstruct every original laboratory measurement, scaling factor or confidence interval, and is separate from BEB structural validation.","2026-09-06 source audit: provenance reconstructed from the actual frozen training input files, with original experiment citations and acquisition carriers distinguished where recovered. This audit verifies source metadata, not independent re-digitisation of every numerical value. See source_completeness_status for unresolved source limitations. Earlier identity-level claims are retained separately as legacy metadata, not current verification.",beb_curve_file=${ARCHIVE_ROOT}\outputs\alecs_bose396_match_2026_08_01\approved_same_identity_11\beb_curves_A2\006_hexan_1_ene_ALeCS_BEB_A2.csv | beb_source_doi=10.1051/0004-6361/202348293 | beb_source_repository=https://github.com/alecs-db/ALeCS-db | beb_doi=10.6028/jres.122.028 | beb_local_path=${ARCHIVE_ROOT}\outputs\no_qec_priority_2026_07_31\irikura2017_1hexene_published_numeric_beb_70eV.csv::IRIKURA_BEB70_1HEXENE | beb_location=p.4 Table 1 | beb_numeric_scope=published_numeric_70eV_point,10.1021/acs.jpca.0c06308,F,0,0,exact IUPAC synonym Hexan-1-ene = 1-hexene plus formula plus PubChem CID plus InChIKey | Additional label/source: MP2 geometry is an unbranched chain with a terminal C=C bond (1-hexene).,
1-propanol,1-propanol,C3H8O,experimental_fixed_or_sparse_points,10.1021/acs.jpca.0c06308 | https://repository.lib.ncsu.edu/bitstreams/e76df401-02d2-4db1-903b-dad1b9e89fe0/download | https://pubs.acs.org/doi/10.1021/acs.jpca.0c06308,source_title=Predicting Total Electron-Ionization Cross Sections and GC-MS Calibration Factors Using Machine Learning,"source_pdf_page=336 | source_printed_page=294 | source_table=Appendix A, Table A.7 | Bose numerical carrier: dissertation Table A.7, PDF p.336 / printed p.294, BOSE396_125, row 'n-Propanol', Mean cross section column. PDF-column replay matches retained experimental label 11.7 A^2 exactly.",QEC_old45_exact_XYZ_reaudited,${PROJECT_ROOT}\data\qec_results\incoming_2026_07_27\audit_all45_complete_2026_07_27_extracted\results\C3H8O_cc-pVDZ_SE_HFSCF_10_2026-07-23T21-10-07\results\beb_xsec.dat,${ARCHIVE_ROOT}\outputs\no_qec_priority_2026_07_31\ready100_fixed_energy_with_existing_beb_no_qec.csv,fixed_70_75eV,1,2,"Bose数值为70–75 eV综合/归一化汇总，原测量工作须通过原作者来源链追溯；Table A.7页号属thesis而非期刊正文 | Late source-column audit: this Bose value is a standardized experimental population mean, not a BEB or ML prediction. The actual Table A.7 mean column and transfer to the retained input were checked. This does not reconstruct every original laboratory measurement, scaling factor or confidence interval, and is separate from BEB structural validation.","2026-09-06 source audit: provenance reconstructed from the actual frozen training input files, with original experiment citations and acquisition carriers distinguished where recovered. This audit verifies source metadata, not independent re-digitisation of every numerical value. See source_completeness_status for unresolved source limitations. Earlier identity-level claims are retained separately as legacy metadata, not current verification.",local_beb_match_method=curated_synonym_or_isomer_alias_and_formula | local_beb_match_status=ready_fixed_energy_experiment_plus_local_beb | local_beb_registry_status=accepted | local_beb_source_path=${PROJECT_ROOT}\data\qec_results\incoming_2026_07_27\audit_all45_complete_2026_07_27_extracted\results\C3H8O_cc-pVDZ_SE_HFSCF_10_2026-07-23T21-10-07\results\beb_xsec.dat | local_beb_source_type=QEC_old45_exact_XYZ_reaudited,10.1063/1.1532008;10.1021/jp210294p,F,0,0,Use every available experimental label. Apply a mask so each row contributes only to the energies/targets actually observed; do not invent missing curve points. | Additional label/source: Bull Table 2 species label is propanol; mapped to 1-propanol because propan-2-ol is listed separately.,
2-butanol,sec-Butanol,C4H10O,experimental_curve_points;experimental_fixed_or_sparse_points;experimental_peak_height,10.1039/B304456D | 10.1021/jp210294p | 10.1021/acs.jpca.0c06308 | https://repository.lib.ncsu.edu/bitstreams/e76df401-02d2-4db1-903b-dad1b9e89fe0/download | https://pubs.acs.org/doi/10.1021/acs.jpca.0c06308,numeric_label_source_title=Absolute Total Electron Impact Ionization Cross-Sections for Many-Atom Organic and Halocarbon Species | source_title=Predicting Total Electron-Ionization Cross Sections and GC-MS Calibration Factors Using Machine Learning,"numeric_source_location=Amorim 2023 Table 3 pp14-16 column Hudson experimental and Present BEB | full_curve_source_figure=NA | full_curve_source_page=journal pp3162-3168; exact curve page NA | numeric_label_location=Table 2, journal p.769 (local PDF physical p.3) | source_pdf_page=336 | source_printed_page=294 | source_table=Appendix A, Table A.7 | Bose numerical carrier: dissertation Table A.7, PDF p.336 / printed p.294, BOSE396_128, row 'sec-Butanol', Mean cross section column. PDF-column replay matches retained experimental label 14.2 A^2 exactly.",published_numeric_BEB,${ARCHIVE_ROOT}\existing_beb_150_checkpoint_2026_07_30\beb_numeric\011_2-butanol_BEB.csv,${ARCHIVE_ROOT}\outputs\no_qec_priority_2026_07_31\agent_2butanol_hudson2003_strict_numeric_pairs.csv | ${ARCHIVE_ROOT}\outputs\no_qec_priority_2026_07_31\agent_no_qec_immediate_numeric_peak_labels_50.csv | ${ARCHIVE_ROOT}\outputs\no_qec_priority_2026_07_31\ready100_fixed_energy_with_existing_beb_no_qec.csv,curve_point | fixed_70_75eV | peak_height,23,3,"Bose数值为70–75 eV综合/归一化汇总，原测量工作须通过原作者来源链追溯；Table A.7页号属thesis而非期刊正文 | Late source-column audit: this Bose value is a standardized experimental population mean, not a BEB or ML prediction. The actual Table A.7 mean column and transfer to the retained input were checked. This does not reconstruct every original laboratory measurement, scaling factor or confidence interval, and is separate from BEB structural validation.","2026-09-06 source audit: provenance reconstructed from the actual frozen training input files, with original experiment citations and acquisition carriers distinguished where recovered. This audit verifies source metadata, not independent re-digitisation of every numerical value. See source_completeness_status for unresolved source limitations. Earlier identity-level claims are retained separately as legacy metadata, not current verification.",beb_source_doi=10.1140/epjd/s10053-023-00742-1 | accepted_BEB_path=${ARCHIVE_ROOT}\existing_beb_150_checkpoint_2026_07_30\beb_numeric\011_2-butanol_BEB.csv | accepted_BEB_source=published_numeric_BEB | local_beb_match_method=curated_synonym_or_isomer_alias_and_formula | local_beb_match_status=ready_fixed_energy_experiment_plus_local_beb | local_beb_registry_status=accepted | local_beb_source_path=${ARCHIVE_ROOT}\existing_beb_150_checkpoint_2026_07_30\beb_numeric\011_2-butanol_BEB.csv | local_beb_source_type=published_numeric_BEB | 已出版数值BEB：https://doi.org/10.1021/jp210294p.s001; official SI PDF pp.34-41,10.1021/acs.jpca.0c06308;10.1039/B304456D,C/F/P,21,0,"Use every available experimental label. Apply a mask so each row contributes only to the energies/targets actually observed; do not invent missing curve points. | Additional label/source: Do not use the Amorim 2023 'Present experimental' amplitude as an independent label: that curve was normalized at 30 eV to the mean of its BEB and IAM-SCAR+I predictions. This file instead uses the independent Hudson 2003 absolute experiment reprinted in the same table, paired with Amorim's published BEB values.","The finite energy in this peak-amplitude record originated from a calculated BEB peak, not a verified common-energy experimental/BEB observation. Keep the independently recorded peak amplitudes; do not expose theoretical peak energy as experimental energy. Conservative model-input policy: the retained peak-amplitude pair has no assigned energy. Legacy expansion subsequently marked those backfilled values as reported. This correction does not assert that the original experimental paper never reported a peak energy."
2-butanone,methyl ethyl ketone,C4H8O,experimental_curve_points;experimental_fixed_or_sparse_points;experimental_peak_height,10.1016/j.ijms.2008.03.003 | 10.1021/jp210294p | https://pubs.acs.org/doi/10.1021/jp210294p | 10.1021/acs.jpca.0c06308 | https://repository.lib.ncsu.edu/bitstreams/e76df401-02d2-4db1-903b-dad1b9e89fe0/download | https://pubs.acs.org/doi/10.1021/acs.jpca.0c06308,source_title=Predicting Total Electron-Ionization Cross Sections and GC-MS Calibration Factors Using Machine Learning,"table_or_figure=Table 3; Fig.2/Table3 b | source_page_table_figure=printed p. 769; Table 2 | source_pdf_page=338 | source_printed_page=296 | source_table=Appendix A, Table A.7 | Bose numerical carrier: dissertation Table A.7, PDF p.338 / printed p.296, BOSE396_154, row 'Ethyl methyl ketone', Mean cross section column. PDF-column replay matches retained experimental label 12.4 A^2 exactly.",QEC_core17_authoritative,qec_first18_results_2026_07_24.tar.gz::results/C4H8O_cc-pVDZ_SE_HFSCF_10_2026-07-23T21-17-59/results/beb_xsec.dat,${ARCHIVE_ROOT}\outputs\no_qec_priority_2026_07_31\agent_bull2012_peak32.csv | ${ARCHIVE_ROOT}\outputs\no_qec_priority_2026_07_31\ready100_fixed_energy_with_existing_beb_no_qec.csv | ${PROJECT_ROOT}\data\processed\qec_low_energy_priority_curve_points_2026_07_26.csv,curve_point | fixed_70_75eV | peak_height,57,3,"Bose数值为70–75 eV综合/归一化汇总，原测量工作须通过原作者来源链追溯；Table A.7页号属thesis而非期刊正文 | Late source-column audit: this Bose value is a standardized experimental population mean, not a BEB or ML prediction. The actual Table A.7 mean column and transfer to the retained input were checked. This does not reconstruct every original laboratory measurement, scaling factor or confidence interval, and is separate from BEB structural validation.","2026-09-06 source audit: provenance reconstructed from the actual frozen training input files, with original experiment citations and acquisition carriers distinguished where recovered. This audit verifies source metadata, not independent re-digitisation of every numerical value. See source_completeness_status for unresolved source limitations. Earlier identity-level claims are retained separately as legacy metadata, not current verification.",local_beb_match_method=curated_synonym_or_isomer_alias_and_formula | local_beb_match_status=ready_fixed_energy_experiment_plus_local_beb | local_beb_registry_status=accepted | local_beb_source_path=qec_first18_results_2026_07_24.tar.gz::results/C4H8O_cc-pVDZ_SE_HFSCF_10_2026-07-23T21-17-59/results/beb_xsec.dat | local_beb_source_type=QEC_core17_authoritative,10.1016/j.ijms.2008.03.003;10.1021/jp210294p,C/F/P,55,0,Use every available experimental label. Apply a mask so each row contributes only to the energies/targets actually observed; do not invent missing curve points. | Additional label/source: Bull Table 2 species label butanone.,"The finite energy in this peak-amplitude record originated from a calculated BEB peak, not a verified common-energy experimental/BEB observation. Keep the independently recorded peak amplitudes; do not expose theoretical peak energy as experimental energy. Conservative model-input policy: the retained peak-amplitude pair has no assigned energy."
2-chlorobutane,2-chlorobutane,C4H9Cl,experimental_peak_height,10.1088/0953-4075/34/15/309,10.1088/0953-4075/34/15/309,experimental_numeric_location=Mark Bart 2003 thesis PDF p62 Table 3.4,published_raw_uncorrected_BEB_peak,${ARCHIVE_ROOT}\outputs\no_qec_priority_2026_07_31\bart_hudson2001_new6_strict_peak_pairs_2026_08_02.csv,${ARCHIVE_ROOT}\outputs\no_qec_priority_2026_07_31\bart_hudson2001_new6_strict_peak_pairs_2026_08_02.csv,peak_height_numeric,1,3,来源元数据已找回；仍不等同对全部数值独立逐点复核,"2026-09-06 source audit: provenance reconstructed from the actual frozen training input files, with original experiment citations and acquisition carriers distinguished where recovered. This audit verifies source metadata, not independent re-digitisation of every numerical value. See source_completeness_status for unresolved source limitations. Earlier identity-level claims are retained separately as legacy metadata, not current verification.",beb_numeric_location=Mark Bart 2003 thesis PDF p142 Table 5.3 | beb_source=Bart thesis Table 5.3 raw uncorrected BEB,10.1088/0953-4075/34/15/309,P,0,0,Exact secondary-butyl chloride identity; exclude 1-chlorobutane tert-butyl chloride and the experimentally fitted corrected-BEB column. | Raw BEB peak 12.32 A2 at 82 eV; experiment 17.12 A2 at 80 eV. Circularity audit: pass_raw_BEB_only,"The finite energy in this peak-amplitude record originated from a calculated BEB peak, not a verified common-energy experimental/BEB observation. Keep the independently recorded peak amplitudes; do not expose theoretical peak energy as experimental energy. Conservative model-input policy: the retained peak-amplitude pair has no assigned energy. The original Bart table DOES report a separate experimental peak energy. It is recorded in this audit but is deliberately not substituted into a common-energy cross-section pair; the current finite model input is the BEB column. The experimental and BEB amplitudes remain separate maxima, not values at that same energy."
2-hexanone,methyl butyl ketone,C6H12O,experimental_curve_points;experimental_fixed_or_sparse_points;experimental_peak_height,10.1016/j.ijms.2008.03.003 | 10.1021/jp210294p | https://pubs.acs.org/doi/10.1021/jp210294p | 10.1021/acs.jpca.0c06308 | https://repository.lib.ncsu.edu/bitstreams/e76df401-02d2-4db1-903b-dad1b9e89fe0/download | https://pubs.acs.org/doi/10.1021/acs.jpca.0c06308,source_title=Predicting Total Electron-Ionization Cross Sections and GC-MS Calibration Factors Using Machine Learning,"table_or_figure=Table 3; Fig.2/Table3 g | source_page_table_figure=printed p. 769; Table 2 | source_pdf_page=338 | source_printed_page=296 | source_table=Appendix A, Table A.7 | Bose numerical carrier: dissertation Table A.7, PDF p.338 / printed p.296, BOSE396_157, row 'n-Butyl methyl ketone', Mean cross section column. PDF-column replay matches retained experimental label 20.0 A^2 exactly.",QEC_core17_authoritative,qec_first18_results_2026_07_24.tar.gz::results/C6H12O_cc-pVDZ_SE_HFSCF_10_2026-07-23T22-04-31/results/beb_xsec.dat,${ARCHIVE_ROOT}\outputs\no_qec_priority_2026_07_31\agent_bull2012_peak32.csv | ${ARCHIVE_ROOT}\outputs\no_qec_priority_2026_07_31\ready100_fixed_energy_with_existing_beb_no_qec.csv | ${PROJECT_ROOT}\data\processed\qec_low_energy_priority_curve_points_2026_07_26.csv,curve_point | fixed_70_75eV | peak_height,57,0,"Bose数值为70–75 eV综合/归一化汇总，原测量工作须通过原作者来源链追溯；Table A.7页号属thesis而非期刊正文 | Late source-column audit: this Bose value is a standardized experimental population mean, not a BEB or ML prediction. The actual Table A.7 mean column and transfer to the retained input were checked. This does not reconstruct every original laboratory measurement, scaling factor or confidence interval, and is separate from BEB structural validation.","2026-09-06 source audit: provenance reconstructed from the actual frozen training input files, with original experiment citations and acquisition carriers distinguished where recovered. This audit verifies source metadata, not independent re-digitisation of every numerical value. See source_completeness_status for unresolved source limitations. Earlier identity-level claims are retained separately as legacy metadata, not current verification.",local_beb_match_method=curated_synonym_or_isomer_alias_and_formula | local_beb_match_status=ready_fixed_energy_experiment_plus_local_beb | local_beb_registry_status=accepted | local_beb_source_path=qec_first18_results_2026_07_24.tar.gz::results/C6H12O_cc-pVDZ_SE_HFSCF_10_2026-07-23T22-04-31/results/beb_xsec.dat | local_beb_source_type=QEC_core17_authoritative,10.1016/j.ijms.2008.03.003;10.1021/jp210294p,C/F/P,55,0,Use every available experimental label. Apply a mask so each row contributes only to the energies/targets actually observed; do not invent missing curve points. | Additional label/source: Bull Table 2 species label hexan-2-one.,"The finite energy in this peak-amplitude record originated from a calculated BEB peak, not a verified common-energy experimental/BEB observation. Keep the independently recorded peak amplitudes; do not expose theoretical peak energy as experimental energy. Conservative model-input policy: the retained peak-amplitude pair has no assigned energy."
2-methyl-1-propanol,iso-Butanol,C4H10O,experimental_fixed_or_sparse_points;experimental_peak_height,10.1039/B304456D | 10.1021/jp210294p | 10.1021/acs.jpca.0c06308 | https://repository.lib.ncsu.edu/bitstreams/e76df401-02d2-4db1-903b-dad1b9e89fe0/download | https://pubs.acs.org/doi/10.1021/acs.jpca.0c06308,numeric_label_source_title=Absolute Total Electron Impact Ionization Cross-Sections for Many-Atom Organic and Halocarbon Species | source_title=Predicting Total Electron-Ionization Cross Sections and GC-MS Calibration Factors Using Machine Learning,"full_curve_source_figure=NA | full_curve_source_page=journal pp3162-3168; exact curve page NA | numeric_label_location=Table 2, journal p.769 (local PDF physical p.3) | source_pdf_page=336 | source_printed_page=294 | source_table=Appendix A, Table A.7 | Bose numerical carrier: dissertation Table A.7, PDF p.336 / printed p.294, BOSE396_129, row 'iso-Butanol', Mean cross section column. PDF-column replay matches retained experimental label 14.2 A^2 exactly.",published_numeric_BEB,${ARCHIVE_ROOT}\existing_beb_150_checkpoint_2026_07_30\beb_numeric\013_2-methyl-1-propanol_BEB.csv,${ARCHIVE_ROOT}\outputs\no_qec_priority_2026_07_31\agent_no_qec_immediate_numeric_peak_labels_50.csv | ${ARCHIVE_ROOT}\outputs\no_qec_priority_2026_07_31\ready100_fixed_energy_with_existing_beb_no_qec.csv,fixed_70_75eV | peak_height,2,2,"Bose数值为70–75 eV综合/归一化汇总，原测量工作须通过原作者来源链追溯；Table A.7页号属thesis而非期刊正文 | Late source-column audit: this Bose value is a standardized experimental population mean, not a BEB or ML prediction. The actual Table A.7 mean column and transfer to the retained input were checked. This does not reconstruct every original laboratory measurement, scaling factor or confidence interval, and is separate from BEB structural validation.","2026-09-06 source audit: provenance reconstructed from the actual frozen training input files, with original experiment citations and acquisition carriers distinguished where recovered. This audit verifies source metadata, not independent re-digitisation of every numerical value. See source_completeness_status for unresolved source limitations. Earlier identity-level claims are retained separately as legacy metadata, not current verification.",accepted_BEB_path=${ARCHIVE_ROOT}\existing_beb_150_checkpoint_2026_07_30\beb_numeric\013_2-methyl-1-propanol_BEB.csv | accepted_BEB_source=published_numeric_BEB | local_beb_match_method=curated_synonym_or_isomer_alias_and_formula | local_beb_match_status=ready_fixed_energy_experiment_plus_local_beb | local_beb_registry_status=accepted | local_beb_source_path=${ARCHIVE_ROOT}\existing_beb_150_checkpoint_2026_07_30\beb_numeric\013_2-methyl-1-propanol_BEB.csv | local_beb_source_type=published_numeric_BEB | 已出版数值BEB：https://doi.org/10.1021/jp210294p.s001; official SI PDF pp.41-47,10.1021/acs.jpca.0c06308,F/P,0,0,Use every available experimental label. Apply a mask so each row contributes only to the energies/targets actually observed; do not invent missing curve points.,"The finite energy in this peak-amplitude record originated from a calculated BEB peak, not a verified common-energy experimental/BEB observation. Keep the independently recorded peak amplitudes; do not expose theoretical peak energy as experimental energy. Conservative model-input policy: the retained peak-amplitude pair has no assigned energy. Legacy expansion subsequently marked those backfilled values as reported. This correction does not assert that the original experimental paper never reported a peak energy."
2-methyltetrahydrofuran,2-methyl-tetrahydrofuran,C5H10O,experimental_fixed_or_sparse_points,10.1021/acs.jpca.0c06308 | https://repository.lib.ncsu.edu/bitstreams/e76df401-02d2-4db1-903b-dad1b9e89fe0/download | https://pubs.acs.org/doi/10.1021/acs.jpca.0c06308,source_title=Predicting Total Electron-Ionization Cross Sections and GC-MS Calibration Factors Using Machine Learning,"source_pdf_page=345 | source_printed_page=303 | source_table=Appendix A, Table A.7 | Bose numerical carrier: dissertation Table A.7, PDF p.345 / printed p.303, BOSE396_252, row '2-methyl-tetrahydrofuran', Mean cross section column. PDF-column replay matches retained experimental label 14.8 A^2 exactly.",QEC_new32_exact_manifest,new32_qec_beb_successful30_2026_07_30.tar.gz::C5H10O_cc-pVDZ_SE_HFSCF_10_2026-07-30T17-23-59/results/beb_xsec.dat,${ARCHIVE_ROOT}\outputs\no_qec_priority_2026_07_31\ready100_fixed_energy_with_existing_beb_no_qec.csv,fixed_70_75eV,1,4,"Bose数值为70–75 eV综合/归一化汇总，原测量工作须通过原作者来源链追溯；Table A.7页号属thesis而非期刊正文 | Late source-column audit: this Bose value is a standardized experimental population mean, not a BEB or ML prediction. The actual Table A.7 mean column and transfer to the retained input were checked. This does not reconstruct every original laboratory measurement, scaling factor or confidence interval, and is separate from BEB structural validation.","2026-09-06 source audit: provenance reconstructed from the actual frozen training input files, with original experiment citations and acquisition carriers distinguished where recovered. This audit verifies source metadata, not independent re-digitisation of every numerical value. See source_completeness_status for unresolved source limitations. Earlier identity-level claims are retained separately as legacy metadata, not current verification.",local_beb_match_method=exact_normalized_name_and_formula | local_beb_match_status=ready_fixed_energy_experiment_plus_local_beb | local_beb_registry_status=accepted | local_beb_source_path=new32_qec_beb_successful30_2026_07_30.tar.gz::C5H10O_cc-pVDZ_SE_HFSCF_10_2026-07-30T17-23-59/results/beb_xsec.dat | local_beb_source_type=QEC_new32_exact_manifest,10.1021/acs.jpca.0c06308,F,0,0,Use every available experimental label. Apply a mask so each row contributes only to the energies/targets actually observed; do not invent missing curve points.,
2-pentanone,methyl propyl ketone,C5H10O,experimental_curve_points;experimental_peak_height,10.1016/j.ijms.2008.03.003 | 10.1021/jp210294p | https://pubs.acs.org/doi/10.1021/jp210294p,10.1016/j.ijms.2008.03.003 | 10.1021/jp210294p | https://pubs.acs.org/doi/10.1021/jp210294p,table_or_figure=Table 3; Fig.2/Table3 c | source_page_table_figure=printed p. 769; Table 2,QEC_core17_authoritative,qec_first18_results_2026_07_24.tar.gz::results/C5H10O_cc-pVDZ_SE_HFSCF_10_2026-07-23T23-21-55/results/beb_xsec.dat,${ARCHIVE_ROOT}\outputs\no_qec_priority_2026_07_31\agent_bull2012_peak32.csv | ${PROJECT_ROOT}\data\processed\qec_low_energy_priority_curve_points_2026_07_26.csv,curve_point | peak_height,56,4,BEB文件已定位，仍须将该具体基线文件映射至原始BEB出版物/计算记录，勿只依文件名声称已核,"2026-09-06 source audit: provenance reconstructed from the actual frozen training input files, with original experiment citations and acquisition carriers distinguished where recovered. This audit verifies source metadata, not independent re-digitisation of every numerical value. See source_completeness_status for unresolved source limitations. Earlier identity-level claims are retained separately as legacy metadata, not current verification.",冻结身份注册表基线：QEC_core17_authoritative; qec_first18_results_2026_07_24.tar.gz::results/C5H10O_cc-pVDZ_SE_HFSCF_10_2026-07-23T23-21-55/results/beb_xsec.dat,10.1016/j.ijms.2008.03.003;10.1021/jp210294p,C/P,55,0,Use every available experimental label. Apply a mask so each row contributes only to the energies/targets actually observed; do not invent missing curve points. | Additional label/source: Bull Table 2 species label pentan-2-one.,"The finite energy in this peak-amplitude record originated from a calculated BEB peak, not a verified common-energy experimental/BEB observation. Keep the independently recorded peak amplitudes; do not expose theoretical peak energy as experimental energy. Conservative model-input policy: the retained peak-amplitude pair has no assigned energy."
2-propanol,iso-Propanol,C3H8O,experimental_fixed_or_sparse_points;experimental_peak_height,10.1039/B304456D | 10.1021/jp210294p | 10.1021/acs.jpca.0c06308 | https://repository.lib.ncsu.edu/bitstreams/e76df401-02d2-4db1-903b-dad1b9e89fe0/download | https://pubs.acs.org/doi/10.1021/acs.jpca.0c06308,numeric_label_source_title=Absolute Total Electron Impact Ionization Cross-Sections for Many-Atom Organic and Halocarbon Species | source_title=Predicting Total Electron-Ionization Cross Sections and GC-MS Calibration Factors Using Machine Learning,"full_curve_source_figure=NA | full_curve_source_page=journal pp3162-3168; exact curve page NA | numeric_label_location=Table 2, journal p.769 (local PDF physical p.3) | source_pdf_page=336 | source_printed_page=294 | source_table=Appendix A, Table A.7 | Bose numerical carrier: dissertation Table A.7, PDF p.336 / printed p.294, BOSE396_126, row 'iso-Propanol', Mean cross section column. PDF-column replay matches retained experimental label 12.1 A^2 exactly.",published_numeric_BEB,${ARCHIVE_ROOT}\existing_beb_150_checkpoint_2026_07_30\beb_numeric\007_2-propanol_BEB.csv,${ARCHIVE_ROOT}\outputs\no_qec_priority_2026_07_31\agent_no_qec_immediate_numeric_peak_labels_50.csv | ${ARCHIVE_ROOT}\outputs\no_qec_priority_2026_07_31\ready100_fixed_energy_with_existing_beb_no_qec.csv,fixed_70_75eV | peak_height,2,3,"Bose数值为70–75 eV综合/归一化汇总，原测量工作须通过原作者来源链追溯；Table A.7页号属thesis而非期刊正文 | Late source-column audit: this Bose value is a standardized experimental population mean, not a BEB or ML prediction. The actual Table A.7 mean column and transfer to the retained input were checked. This does not reconstruct every original laboratory measurement, scaling factor or confidence interval, and is separate from BEB structural validation.","2026-09-06 source audit: provenance reconstructed from the actual frozen training input files, with original experiment citations and acquisition carriers distinguished where recovered. This audit verifies source metadata, not independent re-digitisation of every numerical value. See source_completeness_status for unresolved source limitations. Earlier identity-level claims are retained separately as legacy metadata, not current verification.",accepted_BEB_path=${ARCHIVE_ROOT}\existing_beb_150_checkpoint_2026_07_30\beb_numeric\007_2-propanol_BEB.csv | accepted_BEB_source=published_numeric_BEB | local_beb_match_method=curated_synonym_or_isomer_alias_and_formula | local_beb_match_status=ready_fixed_energy_experiment_plus_local_beb | local_beb_registry_status=accepted | local_beb_source_path=${ARCHIVE_ROOT}\existing_beb_150_checkpoint_2026_07_30\beb_numeric\007_2-propanol_BEB.csv | local_beb_source_type=published_numeric_BEB | 已出版数值BEB：https://doi.org/10.1021/jp210294p.s001; official SI PDF pp.21-27,10.1021/acs.jpca.0c06308,F/P,0,0,Use every available experimental label. Apply a mask so each row contributes only to the energies/targets actually observed; do not invent missing curve points.,"The finite energy in this peak-amplitude record originated from a calculated BEB peak, not a verified common-energy experimental/BEB observation. Keep the independently recorded peak amplitudes; do not expose theoretical peak energy as experimental energy. Conservative model-input policy: the retained peak-amplitude pair has no assigned energy. Legacy expansion subsequently marked those backfilled values as reported. This correction does not assert that the original experimental paper never reported a peak energy."
3-hexanone,ethyl propyl ketone,C6H12O,experimental_curve_points;experimental_fixed_or_sparse_points;experimental_peak_height,10.1016/j.ijms.2008.03.003 | 10.1021/jp210294p | https://pubs.acs.org/doi/10.1021/jp210294p | 10.1021/acs.jpca.0c06308 | https://repository.lib.ncsu.edu/bitstreams/e76df401-02d2-4db1-903b-dad1b9e89fe0/download | https://pubs.acs.org/doi/10.1021/acs.jpca.0c06308,source_title=Predicting Total Electron-Ionization Cross Sections and GC-MS Calibration Factors Using Machine Learning,"table_or_figure=Table 3; Fig.2/Table3 f | source_page_table_figure=printed p. 769; Table 2 | source_pdf_page=338 | source_printed_page=296 | source_table=Appendix A, Table A.7 | Bose numerical carrier: dissertation Table A.7, PDF p.338 / printed p.296, BOSE396_165, row 'Ethyl propyl ketone', Mean cross section column. PDF-column replay matches retained experimental label 19.9 A^2 exactly.",QEC_core17_authoritative,qec_first18_results_2026_07_24.tar.gz::results/C6H12O_cc-pVDZ_SE_HFSCF_10_2026-07-23T21-55-14/results/beb_xsec.dat,${ARCHIVE_ROOT}\outputs\no_qec_priority_2026_07_31\agent_bull2012_peak32.csv | ${ARCHIVE_ROOT}\outputs\no_qec_priority_2026_07_31\ready100_fixed_energy_with_existing_beb_no_qec.csv | ${PROJECT_ROOT}\data\processed\qec_low_energy_priority_curve_points_2026_07_26.csv,curve_point | fixed_70_75eV | peak_height,57,2,"Bose数值为70–75 eV综合/归一化汇总，原测量工作须通过原作者来源链追溯；Table A.7页号属thesis而非期刊正文 | Late source-column audit: this Bose value is a standardized experimental population mean, not a BEB or ML prediction. The actual Table A.7 mean column and transfer to the retained input were checked. This does not reconstruct every original laboratory measurement, scaling factor or confidence interval, and is separate from BEB structural validation.","2026-09-06 source audit: provenance reconstructed from the actual frozen training input files, with original experiment citations and acquisition carriers distinguished where recovered. This audit verifies source metadata, not independent re-digitisation of every numerical value. See source_completeness_status for unresolved source limitations. Earlier identity-level claims are retained separately as legacy metadata, not current verification.",local_beb_match_method=exact_normalized_name_and_formula | local_beb_match_status=ready_fixed_energy_experiment_plus_local_beb | local_beb_registry_status=accepted | local_beb_source_path=qec_first18_results_2026_07_24.tar.gz::results/C6H12O_cc-pVDZ_SE_HFSCF_10_2026-07-23T21-55-14/results/beb_xsec.dat | local_beb_source_type=QEC_core17_authoritative,10.1016/j.ijms.2008.03.003;10.1021/jp210294p,C/F/P,55,0,Use every available experimental label. Apply a mask so each row contributes only to the energies/targets actually observed; do not invent missing curve points. | Additional label/source: Bull Table 2 species label hexan-3-one.,"The finite energy in this peak-amplitude record originated from a calculated BEB peak, not a verified common-energy experimental/BEB observation. Keep the independently recorded peak amplitudes; do not expose theoretical peak energy as experimental energy. Conservative model-input policy: the retained peak-amplitude pair has no assigned energy."
3-methyl-2-butanone,methyl isopropyl ketone,C5H10O,experimental_curve_points;experimental_fixed_or_sparse_points;experimental_peak_height,10.1016/j.ijms.2008.03.003 | 10.1021/jp210294p | https://pubs.acs.org/doi/10.1021/jp210294p | 10.1021/acs.jpca.0c06308 | https://repository.lib.ncsu.edu/bitstreams/e76df401-02d2-4db1-903b-dad1b9e89fe0/download | https://pubs.acs.org/doi/10.1021/acs.jpca.0c06308,source_title=Predicting Total Electron-Ionization Cross Sections and GC-MS Calibration Factors Using Machine Learning,"table_or_figure=Table 3; Fig.2/Table3 e | source_page_table_figure=printed p. 769; Table 2 | source_pdf_page=338 | source_printed_page=296 | source_table=Appendix A, Table A.7 | Bose numerical carrier: dissertation Table A.7, PDF p.338 / printed p.296, BOSE396_155, row 'Isopropyl methyl ketone', Mean cross section column. PDF-column replay matches retained experimental label 18.8 A^2 exactly.",QEC_core17_authoritative,qec_first18_results_2026_07_24.tar.gz::results/C5H10O_cc-pVDZ_SE_HFSCF_10_2026-07-23T23-11-49/results/beb_xsec.dat,${ARCHIVE_ROOT}\outputs\no_qec_priority_2026_07_31\agent_bull2012_peak32.csv | ${ARCHIVE_ROOT}\outputs\no_qec_priority_2026_07_31\ready100_fixed_energy_with_existing_beb_no_qec.csv | ${PROJECT_ROOT}\data\processed\qec_low_energy_priority_curve_points_2026_07_26.csv,curve_point | fixed_70_75eV | peak_height,57,1,"Bose数值为70–75 eV综合/归一化汇总，原测量工作须通过原作者来源链追溯；Table A.7页号属thesis而非期刊正文 | Late source-column audit: this Bose value is a standardized experimental population mean, not a BEB or ML prediction. The actual Table A.7 mean column and transfer to the retained input were checked. This does not reconstruct every original laboratory measurement, scaling factor or confidence interval, and is separate from BEB structural validation.","2026-09-06 source audit: provenance reconstructed from the actual frozen training input files, with original experiment citations and acquisition carriers distinguished where recovered. This audit verifies source metadata, not independent re-digitisation of every numerical value. See source_completeness_status for unresolved source limitations. Earlier identity-level claims are retained separately as legacy metadata, not current verification.",local_beb_match_method=curated_synonym_or_isomer_alias_and_formula | local_beb_match_status=ready_fixed_energy_experiment_plus_local_beb | local_beb_registry_status=accepted | local_beb_source_path=qec_first18_results_2026_07_24.tar.gz::results/C5H10O_cc-pVDZ_SE_HFSCF_10_2026-07-23T23-11-49/results/beb_xsec.dat | local_beb_source_type=QEC_core17_authoritative,10.1016/j.ijms.2008.03.003;10.1021/jp210294p,C/F/P,55,0,Use every available experimental label. Apply a mask so each row contributes only to the energies/targets actually observed; do not invent missing curve points. | Additional label/source: Bull Table 2 species label 3-methylbutan-2-one.,"The finite energy in this peak-amplitude record originated from a calculated BEB peak, not a verified common-energy experimental/BEB observation. Keep the independently recorded peak amplitudes; do not expose theoretical peak energy as experimental energy. Conservative model-input policy: the retained peak-amplitude pair has no assigned energy."
3-methyl-2-pentanone,methyl sec-butyl ketone,C6H12O,experimental_curve_points;experimental_fixed_or_sparse_points;experimental_peak_height,10.1016/j.ijms.2008.03.003 | 10.1021/jp210294p | https://pubs.acs.org/doi/10.1021/jp210294p | 10.1021/acs.jpca.0c06308 | https://repository.lib.ncsu.edu/bitstreams/e76df401-02d2-4db1-903b-dad1b9e89fe0/download | https://pubs.acs.org/doi/10.1021/acs.jpca.0c06308,source_title=Predicting Total Electron-Ionization Cross Sections and GC-MS Calibration Factors Using Machine Learning,"table_or_figure=Table 3; Fig.2/Table3 i | source_page_table_figure=printed p. 769; Table 2 | source_pdf_page=338 | source_printed_page=296 | source_table=Appendix A, Table A.7 | Bose numerical carrier: dissertation Table A.7, PDF p.338 / printed p.296, BOSE396_159, row 'sec-Butyl methyl ketone', Mean cross section column. PDF-column replay matches retained experimental label 19.4 A^2 exactly.",QEC_core17_authoritative,qec_first18_results_2026_07_24.tar.gz::results/C6H12O_cc-pVDZ_SE_HFSCF_10_2026-07-23T23-29-22/results/beb_xsec.dat,${ARCHIVE_ROOT}\outputs\no_qec_priority_2026_07_31\agent_bull2012_peak32.csv | ${ARCHIVE_ROOT}\outputs\no_qec_priority_2026_07_31\ready100_fixed_energy_with_existing_beb_no_qec.csv | ${PROJECT_ROOT}\data\processed\qec_low_energy_priority_curve_points_2026_07_26.csv,curve_point | fixed_70_75eV | peak_height,57,4,"Bose数值为70–75 eV综合/归一化汇总，原测量工作须通过原作者来源链追溯；Table A.7页号属thesis而非期刊正文 | Late source-column audit: this Bose value is a standardized experimental population mean, not a BEB or ML prediction. The actual Table A.7 mean column and transfer to the retained input were checked. This does not reconstruct every original laboratory measurement, scaling factor or confidence interval, and is separate from BEB structural validation.","2026-09-06 source audit: provenance reconstructed from the actual frozen training input files, with original experiment citations and acquisition carriers distinguished where recovered. This audit verifies source metadata, not independent re-digitisation of every numerical value. See source_completeness_status for unresolved source limitations. Earlier identity-level claims are retained separately as legacy metadata, not current verification.",local_beb_match_method=curated_synonym_or_isomer_alias_and_formula | local_beb_match_status=ready_fixed_energy_experiment_plus_local_beb | local_beb_registry_status=accepted | local_beb_source_path=qec_first18_results_2026_07_24.tar.gz::results/C6H12O_cc-pVDZ_SE_HFSCF_10_2026-07-23T23-29-22/results/beb_xsec.dat | local_beb_source_type=QEC_core17_authoritative,10.1016/j.ijms.2008.03.003;10.1021/jp210294p,C/F/P,55,0,Use every available experimental label. Apply a mask so each row contributes only to the energies/targets actually observed; do not invent missing curve points. | Additional label/source: Bull Table 2 species label 3-methylpentan-2-one.,"The finite energy in this peak-amplitude record originated from a calculated BEB peak, not a verified common-energy experimental/BEB observation. Keep the independently recorded peak amplitudes; do not expose theoretical peak energy as experimental energy. Conservative model-input policy: the retained peak-amplitude pair has no assigned energy."
3-pentanone,diethyl ketone,C5H10O,experimental_curve_points;experimental_fixed_or_sparse_points;experimental_peak_height,10.1016/j.ijms.2008.03.003 | 10.1021/jp210294p | https://pubs.acs.org/doi/10.1021/jp210294p | 10.1021/acs.jpca.0c06308 | https://repository.lib.ncsu.edu/bitstreams/e76df401-02d2-4db1-903b-dad1b9e89fe0/download | https://pubs.acs.org/doi/10.1021/acs.jpca.0c06308,source_title=Predicting Total Electron-Ionization Cross Sections and GC-MS Calibration Factors Using Machine Learning,"table_or_figure=Table 3; Fig.2/Table3 d | source_page_table_figure=printed p. 769; Table 2 | source_pdf_page=338 | source_printed_page=296 | source_table=Appendix A, Table A.7 | Bose numerical carrier: dissertation Table A.7, PDF p.338 / printed p.296, BOSE396_164, row 'Diethyl ketone', Mean cross section column. PDF-column replay matches retained experimental label 15.7 A^2 exactly.",QEC_core17_authoritative,qec_first18_results_2026_07_24.tar.gz::results/C5H10O_cc-pVDZ_SE_HFSCF_10_2026-07-23T21-36-17/results/beb_xsec.dat,${ARCHIVE_ROOT}\outputs\no_qec_priority_2026_07_31\agent_bull2012_peak32.csv | ${ARCHIVE_ROOT}\outputs\no_qec_priority_2026_07_31\ready100_fixed_energy_with_existing_beb_no_qec.csv | ${PROJECT_ROOT}\data\processed\qec_low_energy_priority_curve_points_2026_07_26.csv,curve_point | fixed_70_75eV | peak_height,57,3,"Bose数值为70–75 eV综合/归一化汇总，原测量工作须通过原作者来源链追溯；Table A.7页号属thesis而非期刊正文 | Late source-column audit: this Bose value is a standardized experimental population mean, not a BEB or ML prediction. The actual Table A.7 mean column and transfer to the retained input were checked. This does not reconstruct every original laboratory measurement, scaling factor or confidence interval, and is separate from BEB structural validation.","2026-09-06 source audit: provenance reconstructed from the actual frozen training input files, with original experiment citations and acquisition carriers distinguished where recovered. This audit verifies source metadata, not independent re-digitisation of every numerical value. See source_completeness_status for unresolved source limitations. Earlier identity-level claims are retained separately as legacy metadata, not current verification.",local_beb_match_method=exact_normalized_name_and_formula | local_beb_match_status=ready_fixed_energy_experiment_plus_local_beb | local_beb_registry_status=accepted | local_beb_source_path=qec_first18_results_2026_07_24.tar.gz::results/C5H10O_cc-pVDZ_SE_HFSCF_10_2026-07-23T21-36-17/results/beb_xsec.dat | local_beb_source_type=QEC_core17_authoritative,10.1016/j.ijms.2008.03.003;10.1021/jp210294p,C/F/P,55,0,Use every available experimental label. Apply a mask so each row contributes only to the energies/targets actually observed; do not invent missing curve points. | Additional label/source: Bull Table 2 species label pentan-3-one.,"The finite energy in this peak-amplitude record originated from a calculated BEB peak, not a verified common-energy experimental/BEB observation. Keep the independently recorded peak amplitudes; do not expose theoretical peak energy as experimental energy. Conservative model-input policy: the retained peak-amplitude pair has no assigned energy."
4-methyl-2-pentanone,methyl iso-butyl ketone,C6H12O,experimental_curve_points;experimental_fixed_or_sparse_points;experimental_peak_height,10.1016/j.ijms.2008.03.003 | 10.1021/jp210294p | https://pubs.acs.org/doi/10.1021/jp210294p | 10.1021/acs.jpca.0c06308 | https://repository.lib.ncsu.edu/bitstreams/e76df401-02d2-4db1-903b-dad1b9e89fe0/download | https://pubs.acs.org/doi/10.1021/acs.jpca.0c06308,source_title=Predicting Total Electron-Ionization Cross Sections and GC-MS Calibration Factors Using Machine Learning,"table_or_figure=Table 3; Fig.2/Table3 j | source_page_table_figure=printed p. 769; Table 2 | source_pdf_page=338 | source_printed_page=296 | source_table=Appendix A, Table A.7 | Bose numerical carrier: dissertation Table A.7, PDF p.338 / printed p.296, BOSE396_160, row 'iso-Butyl methyl ketone', Mean cross section column. PDF-column replay matches retained experimental label 20.6 A^2 exactly.",QEC_core17_authoritative,qec_first18_results_2026_07_24.tar.gz::results/C6H12O_cc-pVDZ_SE_HFSCF_10_2026-07-23T22-21-06/results/beb_xsec.dat,${ARCHIVE_ROOT}\outputs\no_qec_priority_2026_07_31\agent_bull2012_peak32.csv | ${ARCHIVE_ROOT}\outputs\no_qec_priority_2026_07_31\ready100_fixed_energy_with_existing_beb_no_qec.csv | ${PROJECT_ROOT}\data\processed\qec_low_energy_priority_curve_points_2026_07_26.csv,curve_point | fixed_70_75eV | peak_height,57,0,"Bose数值为70–75 eV综合/归一化汇总，原测量工作须通过原作者来源链追溯；Table A.7页号属thesis而非期刊正文 | Late source-column audit: this Bose value is a standardized experimental population mean, not a BEB or ML prediction. The actual Table A.7 mean column and transfer to the retained input were checked. This does not reconstruct every original laboratory measurement, scaling factor or confidence interval, and is separate from BEB structural validation.","2026-09-06 source audit: provenance reconstructed from the actual frozen training input files, with original experiment citations and acquisition carriers distinguished where recovered. This audit verifies source metadata, not independent re-digitisation of every numerical value. See source_completeness_status for unresolved source limitations. Earlier identity-level claims are retained separately as legacy metadata, not current verification.",local_beb_match_method=curated_synonym_or_isomer_alias_and_formula | local_beb_match_status=ready_fixed_energy_experiment_plus_local_beb | local_beb_registry_status=accepted | local_beb_source_path=qec_first18_results_2026_07_24.tar.gz::results/C6H12O_cc-pVDZ_SE_HFSCF_10_2026-07-23T22-21-06/results/beb_xsec.dat | local_beb_source_type=QEC_core17_authoritative,10.1016/j.ijms.2008.03.003;10.1021/jp210294p,C/F/P,55,0,Use every available experimental label. Apply a mask so each row contributes only to the energies/targets actually observed; do not invent missing curve points. | Additional label/source: Bull Table 2 species label 4-methylpentan-2-one.,"The finite energy in this peak-amplitude record originated from a calculated BEB peak, not a verified common-energy experimental/BEB observation. Keep the independently recorded peak amplitudes; do not expose theoretical peak energy as experimental energy. Conservative model-input policy: the retained peak-amplitude pair has no assigned energy."
acetaldehyde,acetaldehyde,C2H4O,experimental_fixed_or_sparse_points,10.1021/acs.jpca.0c06308 | https://repository.lib.ncsu.edu/bitstreams/e76df401-02d2-4db1-903b-dad1b9e89fe0/download,"10.1021/acs.jpca.0c06308 | Bose dissertation documents an own-laboratory acetaldehyde measurement; Table A.7 does not itemize all four contributing datasets, which this audit has not fully reconstructed. Retain Bose compilation as numerical carrier, not one guessed primary DOI.","Bose numerical carrier: dissertation Table A.7, PDF p.337 / printed p.295, BOSE396_147, row 'Acetaldehyde', Mean cross section column. PDF-column replay matches retained experimental label 8.3 A^2 exactly. | Numerical carrier verified: Bose dissertation Appendix A, Table A.7, PDF p.337 / printed p.295; acetaldehyde row, four interlab datasets. Own-laboratory contributor: Table B.2, PDF p.371 / printed p.329. Full four-source primary-measurement reconstruction not completed.",QEC_core17_authoritative,qec_first18_results_2026_07_24.tar.gz::results/C2H4O_cc-pVDZ_SE_HFSCF_10_2026-07-23T21-18-44/results/beb_xsec.dat,${ARCHIVE_ROOT}\outputs\alecs_bose396_match_2026_08_01\approved_ambiguous_identity_16\approved_16_manifest.csv,fixed_70_75eV,1,0,"原始提取记录存在ambiguity，须保留并重查；Bose数值为70–75 eV综合/归一化汇总，原测量工作须通过原作者来源链追溯；Table A.7页号属thesis而非期刊正文 | Late source-column audit: this Bose value is a standardized experimental population mean, not a BEB or ML prediction. The actual Table A.7 mean column and transfer to the retained input were checked. This does not reconstruct every original laboratory measurement, scaling factor or confidence interval, and is separate from BEB structural validation. | 表格数值载体及清单转录已抽查核实，精确页码已恢复；Bose标准化四数据集总体均值；本实验室校准报告已读，四个原测量来源尚未全部逐一重建；未独立重算均值/置信区间。","2026-09-06 source audit: provenance reconstructed from the actual frozen training input files, with original experiment citations and acquisition carriers distinguished where recovered. This audit verifies source metadata, not independent re-digitisation of every numerical value. See source_completeness_status for unresolved source limitations. Earlier identity-level claims are retained separately as legacy metadata, not current verification.",beb_curve_file=${ARCHIVE_ROOT}\outputs\alecs_bose396_match_2026_08_01\approved_ambiguous_identity_16\beb_curves_A2\005_acetaldehyde_ALeCS_BEB_A2.csv | beb_source_doi=10.1051/0004-6361/202348293,10.1016/j.ijms.2008.03.003;10.1021/jp210294p,F,0,0,Use every available experimental label. Apply a mask so each row contributes only to the energies/targets actually observed; do not invent missing curve points. | Additional label/source: Bull Table 2 species label ethanal. Primary paper reports the full 15-285 eV curve; this row is peak-only.,
acetic-acid,Acetic acid,C2H4O2,experimental_fixed_or_sparse_points,10.1021/acs.jpca.0c06308 | https://repository.lib.ncsu.edu/bitstreams/e76df401-02d2-4db1-903b-dad1b9e89fe0/download,"10.1021/acs.jpca.0c06308 | Bose own-laboratory measurement, dissertation Sections 2.2.1 and B.3 and Table B.2; associated study DOI 10.1021/acs.jpca.0c06308.","Bose numerical carrier: dissertation Table A.7, PDF p.339 / printed p.297, BOSE396_173, row 'Acetic acid', Mean cross section column. PDF-column replay matches retained experimental label 10.3 A^2 exactly. | Numerical carrier verified: Bose dissertation Appendix A, Table A.7, PDF p.339 / printed p.297; one source explicitly 'our lab'. Original calibration report: Table B.2, PDF p.371 / printed p.329; calibration conversion: Appendix B.3, PDF p.364 / printed p.322.",ALeCS_BEB_256_points,${ARCHIVE_ROOT}\outputs\alecs_bose396_match_2026_08_01\approved_ambiguous_identity_16\beb_curves_A2\008_acetic_acid_ALeCS_BEB_A2.csv,${ARCHIVE_ROOT}\outputs\alecs_bose396_match_2026_08_01\approved_ambiguous_identity_16\approved_16_manifest.csv,fixed_70_75eV,1,1,"原始提取记录存在ambiguity，须保留并重查；Bose数值为70–75 eV综合/归一化汇总，原测量工作须通过原作者来源链追溯；Table A.7页号属thesis而非期刊正文 | Late source-column audit: this Bose value is a standardized experimental population mean, not a BEB or ML prediction. The actual Table A.7 mean column and transfer to the retained input were checked. This does not reconstruct every original laboratory measurement, scaling factor or confidence interval, and is separate from BEB structural validation. | 表格数值载体及清单转录已抽查核实，精确页码已恢复；明确为Bose本实验室新测量，70 eV实验方法及n-hexane参考校准报告已读；本项目仍采用Bose汇总表值，未从原始色谱峰面积独立重算数值/不确定度。","2026-09-06 source audit: provenance reconstructed from the actual frozen training input files, with original experiment citations and acquisition carriers distinguished where recovered. This audit verifies source metadata, not independent re-digitisation of every numerical value. See source_completeness_status for unresolved source limitations. Earlier identity-level claims are retained separately as legacy metadata, not current verification.",beb_curve_file=${ARCHIVE_ROOT}\outputs\alecs_bose396_match_2026_08_01\approved_ambiguous_identity_16\beb_curves_A2\008_acetic_acid_ALeCS_BEB_A2.csv | beb_source_doi=10.1051/0004-6361/202348293,10.1021/acs.jpca.0c06308,F,0,0,Connectivity explicitly identifies acetic acid.,
acetone,acetone,C3H6O,experimental_fixed_or_sparse_points,10.1021/acs.jpca.0c06308 | https://repository.lib.ncsu.edu/bitstreams/e76df401-02d2-4db1-903b-dad1b9e89fe0/download,10.1021/acs.jpca.0c06308,"Bose numerical carrier: dissertation Table A.7, PDF p.338 / printed p.296, BOSE396_153, row 'Acetone', Mean cross section column. PDF-column replay matches retained experimental label 10.6 A^2 exactly.",QEC_core17_authoritative,qec_first18_results_2026_07_24.tar.gz::results/C3H6O_cc-pVDZ_SE_HFSCF_10_2026-07-23T21-11-52/results/beb_xsec.dat,${ARCHIVE_ROOT}\outputs\alecs_bose396_match_2026_08_01\approved_ambiguous_identity_16\approved_16_manifest.csv,fixed_70_75eV,1,2,"原始提取记录存在ambiguity，须保留并重查；Bose数值为70–75 eV综合/归一化汇总，原测量工作须通过原作者来源链追溯；Table A.7页号属thesis而非期刊正文 | Late source-column audit: this Bose value is a standardized experimental population mean, not a BEB or ML prediction. The actual Table A.7 mean column and transfer to the retained input were checked. This does not reconstruct every original laboratory measurement, scaling factor or confidence interval, and is separate from BEB structural validation.","2026-09-06 source audit: provenance reconstructed from the actual frozen training input files, with original experiment citations and acquisition carriers distinguished where recovered. This audit verifies source metadata, not independent re-digitisation of every numerical value. See source_completeness_status for unresolved source limitations. Earlier identity-level claims are retained separately as legacy metadata, not current verification.",beb_curve_file=${ARCHIVE_ROOT}\outputs\alecs_bose396_match_2026_08_01\approved_ambiguous_identity_16\beb_curves_A2\007_acetone_ALeCS_BEB_A2.csv | beb_source_doi=10.1051/0004-6361/202348293,10.1016/j.ijms.2008.03.003;10.1021/jp210294p,F,0,0,Use every available experimental label. Apply a mask so each row contributes only to the energies/targets actually observed; do not invent missing curve points. | Additional label/source: Bull Table 2 species label propanone.,
acetonitrile,acetonitrile,C2H3N,experimental_fixed_or_sparse_points,10.1021/acs.jpca.0c06308 | https://repository.lib.ncsu.edu/bitstreams/e76df401-02d2-4db1-903b-dad1b9e89fe0/download,10.1021/acs.jpca.0c06308,"Bose numerical carrier: dissertation Table A.7, PDF p.346 / printed p.304, BOSE396_279, row 'Methylcyanide', Mean cross section column. PDF-column replay matches retained experimental label 8.1 A^2 exactly.",published_numeric_BEB,${ARCHIVE_ROOT}\existing_beb_150_checkpoint_2026_07_30\beb_numeric\024_acetonitrile_BEB.csv,${ARCHIVE_ROOT}\outputs\alecs_bose396_match_2026_08_01\approved_ambiguous_identity_16\approved_16_manifest.csv,fixed_70_75eV,1,3,"原始提取记录存在ambiguity，须保留并重查；Bose数值为70–75 eV综合/归一化汇总，原测量工作须通过原作者来源链追溯；Table A.7页号属thesis而非期刊正文 | Late source-column audit: this Bose value is a standardized experimental population mean, not a BEB or ML prediction. The actual Table A.7 mean column and transfer to the retained input were checked. This does not reconstruct every original laboratory measurement, scaling factor or confidence interval, and is separate from BEB structural validation.","2026-09-06 source audit: provenance reconstructed from the actual frozen training input files, with original experiment citations and acquisition carriers distinguished where recovered. This audit verifies source metadata, not independent re-digitisation of every numerical value. See source_completeness_status for unresolved source limitations. Earlier identity-level claims are retained separately as legacy metadata, not current verification.",beb_curve_file=${ARCHIVE_ROOT}\outputs\alecs_bose396_match_2026_08_01\approved_ambiguous_identity_16\beb_curves_A2\014_methylcyanide_ALeCS_BEB_A2.csv | beb_source_doi=10.1051/0004-6361/202348293 | 已出版数值BEB：https://doi.org/10.1021/jp210294p.s001; official SI PDF pp.74-80,https://doi.org/10.1021/acs.jpca.0c06308,F,0,0,Use every available experimental label. Apply a mask so each row contributes only to the energies/targets actually observed; do not invent missing curve points. Fixed 70–75 eV value under the historical name methylcyanide; identity matched to acetonitrile in the approved ALeCS manifest.,
acetophenone,acetophenone,C8H8O,experimental_fixed_or_sparse_points,10.1021/acs.jpca.0c06308,10.1021/acs.jpca.0c06308,"experiment_location=PDF p.342; printed p.300; Appendix A, Table A.7",Binary-Encounter-Bethe,${ARCHIVE_ROOT}\outputs\no_qec_priority_2026_07_31\irikura2017_new3_published_numeric_beb_70eV.csv::IRIKURA_BEB70_003,${ARCHIVE_ROOT}\outputs\no_qec_priority_2026_07_31\new25_incremental_identity_ledger_2026_08_01.csv,fixed_energy_numeric,1,4,Bose数值为70–75 eV综合/归一化汇总，原测量工作须通过原作者来源链追溯；Table A.7页号属thesis而非期刊正文,"2026-09-06 source audit: provenance reconstructed from the actual frozen training input files, with original experiment citations and acquisition carriers distinguished where recovered. This audit verifies source metadata, not independent re-digitisation of every numerical value. See source_completeness_status for unresolved source limitations. Earlier identity-level claims are retained separately as legacy metadata, not current verification.",beb_doi=10.6028/jres.122.028 | beb_local_path=${ARCHIVE_ROOT}\outputs\no_qec_priority_2026_07_31\irikura2017_new3_published_numeric_beb_70eV.csv::IRIKURA_BEB70_003 | beb_location=pp.3-4 Table 1 | beb_numeric_scope=published_numeric_70eV_point,10.1021/acs.jpca.0c06308,F,0,0,exact name plus formula plus PubChem CID plus InChIKey,
acetylene,Acetylene,C2H2,experimental_curve_points,https://physics.nist.gov/cgi-bin/Ionization/graph_new.pl?element=C2H2.0,"source_reference=A. Gaudin and R. Hagemann, J. Chem. Phys. 64 , 1209 (1967). | source_reference=J.T. Tate and P.T. Smith, Phys. Rev. 39 , 270 (1932). | source_reference=S.-H. Zheng and S.K. Srivastava, J. Phys. B 29 , 3235 (1996). | original_nist_experiment_reference=S.-H. Zheng and S.K. Srivastava, J. Phys. B 29, 3235 (1996). | original_nist_experiment_reference=J.T. Tate and P.T. Smith, Phys. Rev. 39, 270 (1932). | original_nist_experiment_reference=A. Gaudin and R. Hagemann, J. Chem. Phys. 64, 1209 (1967).",dataset_id=exp_1 | dataset_id=exp_2 | dataset_id=exp_3,QEC_new32_exact_manifest,new32_qec_beb_successful30_2026_07_30.tar.gz::C2H2_cc-pVDZ_SE_HFSCF_10_2026-07-30T00-17-43/results/beb_xsec.dat,${ARCHIVE_ROOT}\nist_strict_usable_numeric_pairs_2026_07_30\paired_numeric\001_C2H2_BEB_vs_experiment.csv,curve_point,50,1,NIST为获取载体；原作者题录已从实际series恢复，未逐篇全文复核全部原实验,"2026-09-06 source audit: provenance reconstructed from the actual frozen training input files, with original experiment citations and acquisition carriers distinguished where recovered. This audit verifies source metadata, not independent re-digitisation of every numerical value. See source_completeness_status for unresolved source limitations. Earlier identity-level claims are retained separately as legacy metadata, not current verification.","original_nist_beb_reference=BEBY.-K. Kim, M.A. Ali and M.E. Rudd, J. Res. NIST 102, 693 (1997). | NIST图BEB来源=BEBY.-K. Kim, M.A. Ali and M.E. Rudd, J. Res. NIST 102, 693 (1997).",10.1021/acs.jpca.0c06308,C,50,0,Use every available experimental label. Apply a mask so each row contributes only to the energies/targets actually observed; do not invent missing curve points.,
acrolein,acrolein,C3H4O,experimental_fixed_or_sparse_points,10.1021/acs.jpca.0c06308 | https://repository.lib.ncsu.edu/bitstreams/e76df401-02d2-4db1-903b-dad1b9e89fe0/download,10.1021/acs.jpca.0c06308,"Bose numerical carrier: dissertation Table A.7, PDF p.338 / printed p.296, BOSE396_151, row 'Prop-2-enal', Mean cross section column. PDF-column replay matches retained experimental label 11.2 A^2 exactly.",QEC_new32_exact_manifest,new32_qec_beb_successful30_2026_07_30.tar.gz::C3H4O_cc-pVDZ_SE_HFSCF_10_2026-07-30T00-26-51/results/beb_xsec.dat,${ARCHIVE_ROOT}\outputs\alecs_bose396_match_2026_08_01\approved_same_identity_11\approved_11_manifest.csv,fixed_70_75eV,1,0,"Bose数值为70–75 eV综合/归一化汇总，原测量工作须通过原作者来源链追溯；Table A.7页号属thesis而非期刊正文 | Late source-column audit: this Bose value is a standardized experimental population mean, not a BEB or ML prediction. The actual Table A.7 mean column and transfer to the retained input were checked. This does not reconstruct every original laboratory measurement, scaling factor or confidence interval, and is separate from BEB structural validation.","2026-09-06 source audit: provenance reconstructed from the actual frozen training input files, with original experiment citations and acquisition carriers distinguished where recovered. This audit verifies source metadata, not independent re-digitisation of every numerical value. See source_completeness_status for unresolved source limitations. Earlier identity-level claims are retained separately as legacy metadata, not current verification.",beb_curve_file=${ARCHIVE_ROOT}\outputs\alecs_bose396_match_2026_08_01\approved_same_identity_11\beb_curves_A2\010_prop_2_enal_ALeCS_BEB_A2.csv | beb_source_doi=10.1051/0004-6361/202348293 | beb_source_repository=https://github.com/alecs-db/ALeCS-db,10.1080/00268976.2019.1583389,F,0,0,Use every available experimental label. Apply a mask so each row contributes only to the energies/targets actually observed; do not invent missing curve points.,
acrylonitrile,acrylonitrile,C3H3N,experimental_curve_points;experimental_fixed_or_sparse_points,10.1080/00268976.2019.1583389 | https://www.tandfonline.com/doi/full/10.1080/00268976.2019.1583389 | 10.1021/acs.jpca.0c06308 | https://repository.lib.ncsu.edu/bitstreams/e76df401-02d2-4db1-903b-dad1b9e89fe0/download | https://pubs.acs.org/doi/10.1021/acs.jpca.0c06308,source_title=Predicting Total Electron-Ionization Cross Sections and GC-MS Calibration Factors Using Machine Learning,"source_pdf_page=347 | source_printed_page=305 | source_table=Appendix A, Table A.7 | Bose numerical carrier: dissertation Table A.7, PDF p.347 / printed p.305, BOSE396_283, row 'Acrylonitrile', Mean cross section column. PDF-column replay matches retained experimental label 10.5 A^2 exactly.",QEC_new32_exact_manifest,new32_qec_beb_successful30_2026_07_30.tar.gz::C3H3N_cc-pVDZ_SE_HFSCF_10_2026-07-30T00-25-16/results/beb_xsec.dat,${ARCHIVE_ROOT}\outputs\no_qec_priority_2026_07_31\ready100_fixed_energy_with_existing_beb_no_qec.csv | ${PROJECT_ROOT}\data\processed\expanded_measured_total_master_2026_07_26.csv,curve_point | fixed_70_75eV,48,2,"Bose数值为70–75 eV综合/归一化汇总，原测量工作须通过原作者来源链追溯；Table A.7页号属thesis而非期刊正文 | Late source-column audit: this Bose value is a standardized experimental population mean, not a BEB or ML prediction. The actual Table A.7 mean column and transfer to the retained input were checked. This does not reconstruct every original laboratory measurement, scaling factor or confidence interval, and is separate from BEB structural validation.","2026-09-06 source audit: provenance reconstructed from the actual frozen training input files, with original experiment citations and acquisition carriers distinguished where recovered. This audit verifies source metadata, not independent re-digitisation of every numerical value. See source_completeness_status for unresolved source limitations. Earlier identity-level claims are retained separately as legacy metadata, not current verification.",local_beb_match_method=exact_normalized_name_and_formula | local_beb_match_status=ready_fixed_energy_experiment_plus_local_beb | local_beb_registry_status=accepted | local_beb_source_path=new32_qec_beb_successful30_2026_07_30.tar.gz::C3H3N_cc-pVDZ_SE_HFSCF_10_2026-07-30T00-25-16/results/beb_xsec.dat | local_beb_source_type=QEC_new32_exact_manifest,10.1080/00268976.2019.1583389,C/F,47,0,Use every available experimental label. Apply a mask so each row contributes only to the energies/targets actually observed; do not invent missing curve points.,
ammonia,ammonia,NH3,experimental_curve_points;experimental_fixed_or_sparse_points,https://physics.nist.gov/cgi-bin/Ionization/graph_new.pl?element=NH3.0 | 10.1021/acs.jpca.0c06308 | https://repository.lib.ncsu.edu/bitstreams/e76df401-02d2-4db1-903b-dad1b9e89fe0/download | https://pubs.acs.org/doi/10.1021/acs.jpca.0c06308,"source_reference=M. V. V. S. Rao and S. K. Srivastava, J. Phys. B 25 , 2175 (1992). | source_reference=N. Djuric, D. Belic, M. Kurepa, J. U. Mack, J. Rothleitner and T. D. Mï¿½rk, Abstracts, 12th Int. Conf. on the Physics of Atomic and Electronic Collisions, ed. by S. Datz (Gatlinburg, 1981), p. 384. | original_nist_experiment_reference=N. Djuric, D. Belic, M. Kurepa, J. U. Mack, J. Rothleitner and T. D. M�rk, Abstracts, 12th Int. Conf. on the Physics of Atomic and Electronic Collisions, ed. by S. Datz (Gatlinburg, 1981), p. 384. | original_nist_experiment_reference=M. V. V. S. Rao and S. K. Srivastava, J. Phys. B 25, 2175 (1992). | source_title=Predicting Total Electron-Ionization Cross Sections and GC-MS Calibration Factors Using Machine Learning","dataset_id=exp_1 | dataset_id=exp_2 | source_pdf_page=347 | source_printed_page=305 | source_table=Appendix A, Table A.7 | Bose numerical carrier: dissertation Table A.7, PDF p.347 / printed p.305, BOSE396_291, row 'Ammonia', Mean cross section column. PDF-column replay matches retained experimental label 3.4 A^2 exactly.",QEC_strict9_authoritative,${PROJECT_ROOT}\data\qec_results\incoming_2026_07_27\strict_new9_results_COMPLETE_2026_07_27_extracted\results\H3N_cc-pVDZ_SE_HFSCF_10_2026-07-27T00-48-12\results\beb_xsec.dat,${ARCHIVE_ROOT}\nist_strict_usable_numeric_pairs_2026_07_30\paired_numeric\002_NH3_BEB_vs_experiment.csv | ${ARCHIVE_ROOT}\outputs\no_qec_priority_2026_07_31\ready100_fixed_energy_with_existing_beb_no_qec.csv,curve_point | fixed_70_75eV,44,2,"NIST为获取载体；原作者题录已从实际series恢复，未逐篇全文复核全部原实验；Bose数值为70–75 eV综合/归一化汇总，原测量工作须通过原作者来源链追溯；Table A.7页号属thesis而非期刊正文 | Late source-column audit: this Bose value is a standardized experimental population mean, not a BEB or ML prediction. The actual Table A.7 mean column and transfer to the retained input were checked. This does not reconstruct every original laboratory measurement, scaling factor or confidence interval, and is separate from BEB structural validation.","2026-09-06 source audit: provenance reconstructed from the actual frozen training input files, with original experiment citations and acquisition carriers distinguished where recovered. This audit verifies source metadata, not independent re-digitisation of every numerical value. See source_completeness_status for unresolved source limitations. Earlier identity-level claims are retained separately as legacy metadata, not current verification.","original_nist_beb_reference=BEB (vertical IP)Y.-K. Kim, W. Hwang, N. M. Weinberger, M. A. Ali and M.E. Rudd, J. Chem. Phys. 106, 1026 (1997). | NIST图BEB来源=BEB (vertical IP)Y.-K. Kim, W. Hwang, N. M. Weinberger, M. A. Ali and M.E. Rudd, J. Chem. Phys. 106, 1026 (1997). | local_beb_match_method=exact_normalized_name_and_formula | local_beb_match_status=ready_fixed_energy_experiment_plus_local_beb | local_beb_registry_status=accepted | local_beb_source_path=${PROJECT_ROOT}\data\qec_results\incoming_2026_07_27\strict_new9_results_COMPLETE_2026_07_27_extracted\results\H3N_cc-pVDZ_SE_HFSCF_10_2026-07-27T00-48-12\results\beb_xsec.dat | local_beb_source_type=QEC_strict9_authoritative",10.1103/4wbr-p9wk,C/F,43,0,Use every available experimental label. Apply a mask so each row contributes only to the energies/targets actually observed; do not invent missing curve points.,
aniline,Aniline,C6H7N,experimental_fixed_or_sparse_points,10.1021/acs.jpca.0c06308 | https://repository.lib.ncsu.edu/bitstreams/e76df401-02d2-4db1-903b-dad1b9e89fe0/download | https://pubs.acs.org/doi/10.1021/acs.jpca.0c06308,source_title=Predicting Total Electron-Ionization Cross Sections and GC-MS Calibration Factors Using Machine Learning,"source_pdf_page=343 | source_printed_page=301 | source_table=Appendix A, Table A.7 | Bose numerical carrier: dissertation Table A.7, PDF p.343 / printed p.301, BOSE396_240, row 'Aniline', Mean cross section column. PDF-column replay matches retained experimental label 18.6 A^2 exactly.",QEC_new32_exact_manifest,new32_qec_beb_successful30_2026_07_30.tar.gz::C6H7N_cc-pVDZ_SE_HFSCF_10_2026-07-30T16-08-24/results/beb_xsec.dat,${ARCHIVE_ROOT}\outputs\no_qec_priority_2026_07_31\ready100_fixed_energy_with_existing_beb_no_qec.csv,fixed_70_75eV,1,1,"Bose数值为70–75 eV综合/归一化汇总，原测量工作须通过原作者来源链追溯；Table A.7页号属thesis而非期刊正文 | Late source-column audit: this Bose value is a standardized experimental population mean, not a BEB or ML prediction. The actual Table A.7 mean column and transfer to the retained input were checked. This does not reconstruct every original laboratory measurement, scaling factor or confidence interval, and is separate from BEB structural validation.","2026-09-06 source audit: provenance reconstructed from the actual frozen training input files, with original experiment citations and acquisition carriers distinguished where recovered. This audit verifies source metadata, not independent re-digitisation of every numerical value. See source_completeness_status for unresolved source limitations. Earlier identity-level claims are retained separately as legacy metadata, not current verification.",local_beb_match_method=exact_normalized_name_and_formula | local_beb_match_status=ready_fixed_energy_experiment_plus_local_beb | local_beb_registry_status=accepted | local_beb_source_path=new32_qec_beb_successful30_2026_07_30.tar.gz::C6H7N_cc-pVDZ_SE_HFSCF_10_2026-07-30T16-08-24/results/beb_xsec.dat | local_beb_source_type=QEC_new32_exact_manifest,10.1021/acs.jpca.0c06308,F,0,0,Use every available experimental label. Apply a mask so each row contributes only to the energies/targets actually observed; do not invent missing curve points.,
anthracene,Anthracene,C14H10,experimental_fixed_or_sparse_points,10.1021/acs.jpca.0c06308 | https://repository.lib.ncsu.edu/bitstreams/e76df401-02d2-4db1-903b-dad1b9e89fe0/download,10.1021/acs.jpca.0c06308,"Bose numerical carrier: dissertation Table A.7, PDF p.335 / printed p.293, BOSE396_097, row 'Anthracene', Mean cross section column. PDF-column replay matches retained experimental label 40.1 A^2 exactly.",ALeCS_BEB_256_points,${ARCHIVE_ROOT}\outputs\alecs_bose396_match_2026_08_01\approved_same_identity_11\beb_curves_A2\008_anthracene_ALeCS_BEB_A2.csv,${ARCHIVE_ROOT}\outputs\alecs_bose396_match_2026_08_01\approved_same_identity_11\approved_11_manifest.csv,fixed_70_75eV,1,2,"Bose数值为70–75 eV综合/归一化汇总，原测量工作须通过原作者来源链追溯；Table A.7页号属thesis而非期刊正文 | Late source-column audit: this Bose value is a standardized experimental population mean, not a BEB or ML prediction. The actual Table A.7 mean column and transfer to the retained input were checked. This does not reconstruct every original laboratory measurement, scaling factor or confidence interval, and is separate from BEB structural validation.","2026-09-06 source audit: provenance reconstructed from the actual frozen training input files, with original experiment citations and acquisition carriers distinguished where recovered. This audit verifies source metadata, not independent re-digitisation of every numerical value. See source_completeness_status for unresolved source limitations. Earlier identity-level claims are retained separately as legacy metadata, not current verification.",beb_curve_file=${ARCHIVE_ROOT}\outputs\alecs_bose396_match_2026_08_01\approved_same_identity_11\beb_curves_A2\008_anthracene_ALeCS_BEB_A2.csv | beb_source_doi=10.1051/0004-6361/202348293 | beb_source_repository=https://github.com/alecs-db/ALeCS-db,10.1021/acs.jpca.0c06308,F,0,0,MP2 geometry is the linear three-fused-ring PAH anthracene; angular phenanthrene excluded.,
benzene,benzene,C6H6,experimental_fixed_or_sparse_points;experimental_peak_height,10.1021/acs.jpca.0c06308 | 10.1039/C4CP00490F | https://repository.lib.ncsu.edu/bitstreams/e76df401-02d2-4db1-903b-dad1b9e89fe0/download,10.1021/acs.jpca.0c06308 | 10.1039/C4CP00490F,"experiment_location=Accepted manuscript p.4, Table 1 | Bose numerical carrier: dissertation Table A.7, PDF p.333 / printed p.291, BOSE396_064, row 'Benzene', Mean cross section column. PDF-column replay matches retained experimental label 15.2 A^2 exactly.",NIST_SRD107_numeric_BEB,${ARCHIVE_ROOT}\outputs\no_qec_priority_2026_07_31\nist_beb_expansion_2026_07_31\benzene_C6H6_NIST_BEB.csv,${ARCHIVE_ROOT}\outputs\alecs_bose396_match_2026_08_01\approved_same_identity_11\approved_11_manifest.csv | ${ARCHIVE_ROOT}\outputs\no_qec_priority_2026_07_31\new25_incremental_identity_ledger_2026_08_01.csv,fixed_70_75eV | peak_height_numeric,2,0,"Bose数值为70–75 eV综合/归一化汇总，原测量工作须通过原作者来源链追溯；Table A.7页号属thesis而非期刊正文 | Late source-column audit: this Bose value is a standardized experimental population mean, not a BEB or ML prediction. The actual Table A.7 mean column and transfer to the retained input were checked. This does not reconstruct every original laboratory measurement, scaling factor or confidence interval, and is separate from BEB structural validation.","2026-09-06 source audit: provenance reconstructed from the actual frozen training input files, with original experiment citations and acquisition carriers distinguished where recovered. This audit verifies source metadata, not independent re-digitisation of every numerical value. See source_completeness_status for unresolved source limitations. Earlier identity-level claims are retained separately as legacy metadata, not current verification.",beb_curve_file=${ARCHIVE_ROOT}\outputs\alecs_bose396_match_2026_08_01\approved_same_identity_11\beb_curves_A2\007_benzene_ALeCS_BEB_A2.csv | beb_source_doi=10.1051/0004-6361/202348293 | beb_source_repository=https://github.com/alecs-db/ALeCS-db | beb_doi=NIST SRD 107 | beb_local_path=${ARCHIVE_ROOT}\outputs\no_qec_priority_2026_07_31\nist_beb_expansion_2026_07_31\benzene_C6H6_NIST_BEB.csv | beb_location=https://physics.nist.gov/cgi-bin/Ionization/table.pl?ionization=C6H6xx0 | beb_numeric_scope=full_numeric_curve,10.1039/C4CP00490F;10.1021/acs.jpca.0c06308,F/P,0,0,Exact neutral benzene identity. Experimental peak is directly tabulated with 卤4% error; NIST BEB is an official ASCII numerical table. | Additional label/source: Exact chemical name and formula match between the experimental table and database metadata; no formula-only isomer inference. | Fixed-energy experimental supervision label; missing experimental energies remain masked and are never invented.,"The finite energy in this peak-amplitude record originated from a calculated BEB peak, not a verified common-energy experimental/BEB observation. Keep the independently recorded peak amplitudes; do not expose theoretical peak energy as experimental energy. Conservative model-input policy: the retained peak-amplitude pair has no assigned energy."
boron-trifluoride,boron trifluoride,BF3,experimental_curve_points,https://physics.nist.gov/cgi-bin/Ionization/graph_new.pl?element=BF3.0,"source_reference=M. V. Kurepa, V. M. Pejcev, and I. M. Cadez, J. Phys. D 9 , 481 (1976). | original_nist_experiment_reference=M. V. Kurepa, V. M. Pejcev, and I. M. Cadez, J. Phys. D 9, 481 (1976).",dataset_id=exp_1,NIST_SRD107_numeric_BEB,${ARCHIVE_ROOT}\nist_strict_usable_numeric_pairs_2026_07_30\beb_numeric_corrected\003_BF3_BEB_corrected.csv,${ARCHIVE_ROOT}\nist_strict_usable_numeric_pairs_2026_07_30\paired_numeric\003_BF3_BEB_vs_experiment.csv,curve_point,29,0,NIST为获取载体；原作者题录已从实际series恢复，未逐篇全文复核全部原实验,"2026-09-06 source audit: provenance reconstructed from the actual frozen training input files, with original experiment citations and acquisition carriers distinguished where recovered. This audit verifies source metadata, not independent re-digitisation of every numerical value. See source_completeness_status for unresolved source limitations. Earlier identity-level claims are retained separately as legacy metadata, not current verification.","original_nist_beb_reference=BEBY.-K. Kim and K.K. Irikura, Proc. 2nd Int. Conf. on Atom. Molec. Data and Their Applications, ed. by K.A. Berrington and K.L. Bell, AIP Conf. Proc. (AIP, New York, NY), 543, 220 (2000). | NIST图BEB来源=BEBY.-K. Kim and K.K. Irikura, Proc. 2nd Int. Conf. on Atom. Molec. Data and Their Applications, ed. by K.A. Berrington and K.L. Bell, AIP Conf. Proc. (AIP, New York, NY), 543, 220 (2000).",https://physics.nist.gov/cgi-bin/Ionization/graph_new.pl?element=BF3.0,C,29,0,Use every available experimental label. Apply a mask so each row contributes only to the energies/targets actually observed; do not invent missing curve points.,
bromoform,bromoform,CHBr3,experimental_peak_height,10.1039/B009243F,10.1039/B009243F,experimental_numeric_location=Mark Bart 2003 thesis PDF p62 Table 3.4,published_raw_uncorrected_BEB_peak,${ARCHIVE_ROOT}\outputs\no_qec_priority_2026_07_31\bart_hudson2001_new6_strict_peak_pairs_2026_08_02.csv,${ARCHIVE_ROOT}\outputs\no_qec_priority_2026_07_31\bart_hudson2001_new6_strict_peak_pairs_2026_08_02.csv,peak_height_numeric,1,3,来源元数据已找回；仍不等同对全部数值独立逐点复核,"2026-09-06 source audit: provenance reconstructed from the actual frozen training input files, with original experiment citations and acquisition carriers distinguished where recovered. This audit verifies source metadata, not independent re-digitisation of every numerical value. See source_completeness_status for unresolved source limitations. Earlier identity-level claims are retained separately as legacy metadata, not current verification.",beb_numeric_location=Mark Bart 2003 thesis PDF p142 Table 5.3 | beb_source=Bart thesis Table 5.3 raw uncorrected BEB,10.1039/B009243F,P,0,0,Bromoform equals tribromomethane CHBr3; exclude the experimentally fitted corrected-BEB column. | Raw BEB peak 9.86 A2 at 90 eV; experiment 13.75 A2 at 80 eV. Circularity audit: pass_raw_BEB_only,"The finite energy in this peak-amplitude record originated from a calculated BEB peak, not a verified common-energy experimental/BEB observation. Keep the independently recorded peak amplitudes; do not expose theoretical peak energy as experimental energy. Conservative model-input policy: the retained peak-amplitude pair has no assigned energy. The original Bart table DOES report a separate experimental peak energy. It is recorded in this audit but is deliberately not substituted into a common-energy cross-section pair; the current finite model input is the BEB column. The experimental and BEB amplitudes remain separate maxima, not values at that same energy."
bromomethane,bromomethane,CH3Br,experimental_curve_points,10.1063/5.0039465,"experimental_source=Rejoub et al. experimental hollow squares reproduced in Graves, Cooper and Tennyson (2021) | R. Rejoub, B. G. Lindsay and R. F. Stebbings (2002), Electron-impact ionization of the methyl halides, Journal of Chemical Physics 117, 6450-6454, https://doi.org/10.1063/1.1506152","experimental_series=Rejoub et al. | source_figure=Fig. 13 | Graves et al. (2021), DOI 10.1063/5.0039465, Figure 13, PDF p.9 / printed 114104-8; experimental squares, distinct from raw ECP-BEB and alpha-BEB.",published_raw_ECP_BEB_figure_digitized,${ARCHIVE_ROOT}\outputs\current_experiment_beb_master_2026_08_01\aip_fig9_12_13_experiment_ecp_beb_READY_TIER_B.csv,${ARCHIVE_ROOT}\outputs\current_experiment_beb_master_2026_08_01\aip_fig9_12_13_experiment_ecp_beb_READY_TIER_B.csv,curve_point,8,2,"来源元数据已找回；仍不等同对全部数值独立逐点复核 | The open numerical carrier figure and legend were directly read, and the original experimental citation was resolved. This does not claim complete independent re-extraction from every original experimental full paper.","2026-09-06 source audit: provenance reconstructed from the actual frozen training input files, with original experiment citations and acquisition carriers distinguished where recovered. This audit verifies source metadata, not independent re-digitisation of every numerical value. See source_completeness_status for unresolved source limitations. Earlier identity-level claims are retained separately as legacy metadata, not current verification.",beb_variant=raw_ECP_BEB,10.1063/5.0039465 Fig. 13; Rejoub et al. series,C,8,0,"Tier B: 12 conservative hollow-square experimental points paired at identical x with the red raw ECP-BEB curve. Multi-scale visual QA passed. Error bars are visible but not numerically extracted; uncertainty remains missing. Blue alpha-BEB, other theory series, and black all-electron BEB were excluded from this ECP-labelled batch.",
bromotrifluoromethane,bromotrifluoromethane,CF3Br,experimental_peak_height,10.1039/B009243F,10.1039/B009243F,experimental_numeric_location=Mark Bart 2003 thesis PDF p62 Table 3.4,published_raw_uncorrected_BEB_peak,${ARCHIVE_ROOT}\outputs\no_qec_priority_2026_07_31\bart_hudson2001_new6_strict_peak_pairs_2026_08_02.csv,${ARCHIVE_ROOT}\outputs\no_qec_priority_2026_07_31\bart_hudson2001_new6_strict_peak_pairs_2026_08_02.csv,peak_height_numeric,1,4,来源元数据已找回；仍不等同对全部数值独立逐点复核,"2026-09-06 source audit: provenance reconstructed from the actual frozen training input files, with original experiment citations and acquisition carriers distinguished where recovered. This audit verifies source metadata, not independent re-digitisation of every numerical value. See source_completeness_status for unresolved source limitations. Earlier identity-level claims are retained separately as legacy metadata, not current verification.",beb_numeric_location=Mark Bart 2003 thesis PDF p141 Table 5.3 | beb_source=Bart thesis Table 5.3 raw uncorrected BEB,10.1039/B009243F,P,0,0,Exact CF3Br identity; exclude the experimentally fitted corrected-BEB column. | Raw BEB peak 6.72 A2 at 116 eV; experiment 7.87 A2 at 86 eV. Circularity audit: pass_raw_BEB_only,"The finite energy in this peak-amplitude record originated from a calculated BEB peak, not a verified common-energy experimental/BEB observation. Keep the independently recorded peak amplitudes; do not expose theoretical peak energy as experimental energy. Conservative model-input policy: the retained peak-amplitude pair has no assigned energy. The original Bart table DOES report a separate experimental peak energy. It is recorded in this audit but is deliberately not substituted into a common-energy cross-section pair; the current finite model input is the BEB column. The experimental and BEB amplitudes remain separate maxima, not values at that same energy."
butyl-acetate,butyl acetate,C6H12O2,experimental_fixed_or_sparse_points;experimental_peak_height,10.1016/j.ijms.2005.11.003 | 10.1021/acs.jpca.0c06308 | https://repository.lib.ncsu.edu/bitstreams/e76df401-02d2-4db1-903b-dad1b9e89fe0/download | https://pubs.acs.org/doi/10.1021/acs.jpca.0c06308,numeric_label_source_title=Absolute electron impact ionization cross-sections and polarizability volumes for the C2 to C6 methanoates and C3 to C7 ethanoates | source_title=Predicting Total Electron-Ionization Cross Sections and GC-MS Calibration Factors Using Machine Learning,"source_pdf_page=340 | source_printed_page=298 | source_table=Appendix A, Table A.7 | Hudson 2006 Table 1: journal p45 / PDF p4; independently tabulated experimental peak height; no peak energy in table | Retained peak label: Hudson et al. (2006), Table 1, journal p45 / PDF p4; experimental peak height only; peak energy unreported; 5% source accuracy | Bose numerical carrier: dissertation Table A.7, PDF p.340 / printed p.298, BOSE396_188, row 'n-Butyl acetate', Mean cross section column. PDF-column replay matches retained experimental label 21.1 A^2 exactly.",published_numeric_BEB,${ARCHIVE_ROOT}\existing_beb_150_checkpoint_2026_07_30\beb_numeric\039_butyl_acetate_BEB.csv,${ARCHIVE_ROOT}\outputs\no_qec_priority_2026_07_31\agent_no_qec_immediate_numeric_peak_labels_50.csv | ${ARCHIVE_ROOT}\outputs\no_qec_priority_2026_07_31\ready100_fixed_energy_with_existing_beb_no_qec.csv,fixed_70_75eV | peak_height,2,2,"The 55 energy-dependent points from the ambiguous isomer trace are excluded. The retained experimental constraints are the independent Hudson (2006) Table 1 peak height and the Bose 70–75 eV compilation value. Table 1 does not report peak energy; its peak label has unreported energy and source-accuracy uncertainty of 5%. The full source papers/compilation are separately identified. | Late source-column audit: this Bose value is a standardized experimental population mean, not a BEB or ML prediction. The actual Table A.7 mean column and transfer to the retained input were checked. This does not reconstruct every original laboratory measurement, scaling factor or confidence interval, and is separate from BEB structural validation.",2026-09-06 source audit: legacy audit assertions superseded. The 55 energy-dependent points from the ambiguous isomer trace are excluded. The retained experimental constraints are the independent Hudson (2006) Table 1 peak height and the Bose 70–75 eV compilation value. Table 1 does not report peak energy; its peak label has unreported energy and source-accuracy uncertainty of 5%. The full source papers/compilation are separately identified. Source labels updated after the 350-row exclusion; withdrawn series are not current training evidence.,accepted_BEB_path=${ARCHIVE_ROOT}\existing_beb_150_checkpoint_2026_07_30\beb_numeric\039_butyl_acetate_BEB.csv | accepted_BEB_source=published_numeric_BEB | local_beb_match_method=curated_synonym_or_isomer_alias_and_formula | local_beb_match_status=ready_fixed_energy_experiment_plus_local_beb | local_beb_registry_status=accepted | local_beb_source_path=${ARCHIVE_ROOT}\existing_beb_150_checkpoint_2026_07_30\beb_numeric\039_butyl_acetate_BEB.csv | local_beb_source_type=published_numeric_BEB | 已出版数值BEB：https://doi.org/10.1021/jp210294p.s001; official SI PDF pp.173-179,10.1016/j.ijms.2005.11.003,F/P,0,55,Use every available experimental label. Apply a mask so each row contributes only to the energies/targets actually observed; do not invent missing curve points.,
butyl-formate,butyl formate,C5H10O2,experimental_fixed_or_sparse_points;experimental_peak_height,10.1016/j.ijms.2005.11.003 | 10.1021/acs.jpca.0c06308 | https://repository.lib.ncsu.edu/bitstreams/e76df401-02d2-4db1-903b-dad1b9e89fe0/download | https://pubs.acs.org/doi/10.1021/acs.jpca.0c06308,numeric_label_source_title=Absolute electron impact ionization cross-sections and polarizability volumes for the C2 to C6 methanoates and C3 to C7 ethanoates | source_title=Predicting Total Electron-Ionization Cross Sections and GC-MS Calibration Factors Using Machine Learning,"source_pdf_page=339 | source_printed_page=297 | source_table=Appendix A, Table A.7 | Hudson 2006 Table 1: journal p45 / PDF p4; independently tabulated experimental peak height; no peak energy in table | Retained peak label: Hudson et al. (2006), Table 1, journal p45 / PDF p4; experimental peak height only; peak energy unreported; 5% source accuracy | Bose numerical carrier: dissertation Table A.7, PDF p.339 / printed p.297, BOSE396_180, row 'n-Butyl formate', Mean cross section column. PDF-column replay matches retained experimental label 16.8 A^2 exactly.",published_numeric_BEB,${ARCHIVE_ROOT}\existing_beb_150_checkpoint_2026_07_30\beb_numeric\032_butyl_formate_BEB.csv,${ARCHIVE_ROOT}\outputs\no_qec_priority_2026_07_31\agent_no_qec_immediate_numeric_peak_labels_50.csv | ${ARCHIVE_ROOT}\outputs\no_qec_priority_2026_07_31\ready100_fixed_energy_with_existing_beb_no_qec.csv,fixed_70_75eV | peak_height,2,1,"The 55 energy-dependent points from the ambiguous isomer trace are excluded. The retained experimental constraints are the independent Hudson (2006) Table 1 peak height and the Bose 70–75 eV compilation value. Table 1 does not report peak energy; its peak label has unreported energy and source-accuracy uncertainty of 5%. The full source papers/compilation are separately identified. | Late source-column audit: this Bose value is a standardized experimental population mean, not a BEB or ML prediction. The actual Table A.7 mean column and transfer to the retained input were checked. This does not reconstruct every original laboratory measurement, scaling factor or confidence interval, and is separate from BEB structural validation.",2026-09-06 source audit: legacy audit assertions superseded. The 55 energy-dependent points from the ambiguous isomer trace are excluded. The retained experimental constraints are the independent Hudson (2006) Table 1 peak height and the Bose 70–75 eV compilation value. Table 1 does not report peak energy; its peak label has unreported energy and source-accuracy uncertainty of 5%. The full source papers/compilation are separately identified. Source labels updated after the 350-row exclusion; withdrawn series are not current training evidence.,accepted_BEB_path=${ARCHIVE_ROOT}\existing_beb_150_checkpoint_2026_07_30\beb_numeric\032_butyl_formate_BEB.csv | accepted_BEB_source=published_numeric_BEB | local_beb_match_method=curated_synonym_or_isomer_alias_and_formula | local_beb_match_status=ready_fixed_energy_experiment_plus_local_beb | local_beb_registry_status=accepted | local_beb_source_path=${ARCHIVE_ROOT}\existing_beb_150_checkpoint_2026_07_30\beb_numeric\032_butyl_formate_BEB.csv | local_beb_source_type=published_numeric_BEB | 已出版数值BEB：https://doi.org/10.1021/jp210294p.s001; official SI PDF pp.127-133,10.1016/j.ijms.2005.11.003,F/P,0,55,Use every available experimental label. Apply a mask so each row contributes only to the energies/targets actually observed; do not invent missing curve points.,
butyraldehyde,butyraldehyde,C4H8O,experimental_curve_points;experimental_fixed_or_sparse_points;experimental_peak_height,10.1016/j.ijms.2008.03.003 | 10.1021/jp210294p | https://pubs.acs.org/doi/10.1021/jp210294p | 10.1021/acs.jpca.0c06308 | https://repository.lib.ncsu.edu/bitstreams/e76df401-02d2-4db1-903b-dad1b9e89fe0/download | https://pubs.acs.org/doi/10.1021/acs.jpca.0c06308,source_title=Predicting Total Electron-Ionization Cross Sections and GC-MS Calibration Factors Using Machine Learning,"table_or_figure=Table 2; Fig.1/Table2 c | source_page_table_figure=printed p. 769; Table 2 | source_pdf_page=337 | source_printed_page=295 | source_table=Appendix A, Table A.7 | Bose numerical carrier: dissertation Table A.7, PDF p.337 / printed p.295, BOSE396_149, row 'n-Butanaldehyde', Mean cross section column. PDF-column replay matches retained experimental label 12.9 A^2 exactly.",QEC_core17_authoritative,qec_first18_results_2026_07_24.tar.gz::results/C4H8O_cc-pVDZ_SE_HFSCF_10_2026-07-23T21-20-53/results/beb_xsec.dat,${ARCHIVE_ROOT}\outputs\no_qec_priority_2026_07_31\agent_bull2012_peak32.csv | ${ARCHIVE_ROOT}\outputs\no_qec_priority_2026_07_31\ready100_fixed_energy_with_existing_beb_no_qec.csv | ${PROJECT_ROOT}\data\processed\qec_low_energy_priority_curve_points_2026_07_26.csv,curve_point | fixed_70_75eV | peak_height,57,4,"Bose数值为70–75 eV综合/归一化汇总，原测量工作须通过原作者来源链追溯；Table A.7页号属thesis而非期刊正文 | Late source-column audit: this Bose value is a standardized experimental population mean, not a BEB or ML prediction. The actual Table A.7 mean column and transfer to the retained input were checked. This does not reconstruct every original laboratory measurement, scaling factor or confidence interval, and is separate from BEB structural validation.","2026-09-06 source audit: provenance reconstructed from the actual frozen training input files, with original experiment citations and acquisition carriers distinguished where recovered. This audit verifies source metadata, not independent re-digitisation of every numerical value. See source_completeness_status for unresolved source limitations. Earlier identity-level claims are retained separately as legacy metadata, not current verification.",local_beb_match_method=curated_synonym_or_isomer_alias_and_formula | local_beb_match_status=ready_fixed_energy_experiment_plus_local_beb | local_beb_registry_status=accepted | local_beb_source_path=qec_first18_results_2026_07_24.tar.gz::results/C4H8O_cc-pVDZ_SE_HFSCF_10_2026-07-23T21-20-53/results/beb_xsec.dat | local_beb_source_type=QEC_core17_authoritative,10.1016/j.ijms.2008.03.003;10.1021/jp210294p,C/F/P,55,0,Use every available experimental label. Apply a mask so each row contributes only to the energies/targets actually observed; do not invent missing curve points. | Additional label/source: Bull Table 2 species label butanal. Primary paper reports the full 15-285 eV curve; this row is peak-only.,"The finite energy in this peak-amplitude record originated from a calculated BEB peak, not a verified common-energy experimental/BEB observation. Keep the independently recorded peak amplitudes; do not expose theoretical peak energy as experimental energy. Conservative model-input policy: the retained peak-amplitude pair has no assigned energy."
butyronitrile,propylcyanide,C4H7N,experimental_fixed_or_sparse_points,10.1021/acs.jpca.0c06308 | https://repository.lib.ncsu.edu/bitstreams/e76df401-02d2-4db1-903b-dad1b9e89fe0/download,"10.1021/acs.jpca.0c06308 | Zhou, W.; Wilkinson, L.; Lee, J. W. L.; Heathcote, D.; Vallance, C. Total Electron Ionization Cross-Sections for Molecules of Astrochemical Interest. Mol. Phys. 2019, 117, 3066-3075. DOI 10.1080/00268976.2019.1583389.","Bose numerical carrier: dissertation Table A.7, PDF p.347 / printed p.305, BOSE396_281, row 'Propylcyanide', Mean cross section column. PDF-column replay matches retained experimental label 16.3 A^2 exactly. | Numerical carrier verified: Bose dissertation Appendix A, Table A.7, PDF p.347 / printed p.305; source printed 'Zhu et al.'. Original reference resolved through Table A.1, Table A.2 and ref.148 to Zhou et al. 2019. Original-paper Table 2 PDF p.5 / printed p.4 confirms CH3CH2CH2CN=propylcyanide(butyronitrile); Figure 3 PDF p.8 / printed p.7 lower-left panel shows experimental curve. Bose Table A.2 PDF p.318 / printed p.276 adopts 70 eV times 1.40; not independently redigitized/recomputed.",QEC_new32_exact_manifest,new32_qec_beb_successful30_2026_07_30.tar.gz::C4H7N_cc-pVDZ_SE_HFSCF_10_2026-07-30T15-57-29/results/beb_xsec.dat,${ARCHIVE_ROOT}\outputs\alecs_bose396_match_2026_08_01\approved_ambiguous_identity_16\approved_16_manifest.csv,fixed_70_75eV,1,0,"原始提取记录存在ambiguity，须保留并重查；Bose数值为70–75 eV综合/归一化汇总，原测量工作须通过原作者来源链追溯；Table A.7页号属thesis而非期刊正文 | Late source-column audit: this Bose value is a standardized experimental population mean, not a BEB or ML prediction. The actual Table A.7 mean column and transfer to the retained input were checked. This does not reconstruct every original laboratory measurement, scaling factor or confidence interval, and is separate from BEB structural validation. | 表格数值载体及清单转录已抽查核实，精确页码已恢复；原实验来源已追溯至Zhou等2019并核对全文Table 2分子结构及Figure 3实验曲线；本项目采用Bose经1.40缩放的汇总表值，未独立数字化原70 eV点或重算缩放/舍入；A.7的Zhu拼写与文献表Zhou不一致。","2026-09-06 source audit: provenance reconstructed from the actual frozen training input files, with original experiment citations and acquisition carriers distinguished where recovered. This audit verifies source metadata, not independent re-digitisation of every numerical value. See source_completeness_status for unresolved source limitations. Earlier identity-level claims are retained separately as legacy metadata, not current verification.",beb_curve_file=${ARCHIVE_ROOT}\outputs\alecs_bose396_match_2026_08_01\approved_ambiguous_identity_16\beb_curves_A2\015_propylcyanide_ALeCS_BEB_A2.csv | beb_source_doi=10.1051/0004-6361/202348293,10.1080/00268976.2019.1583389,F,0,0,Use every available experimental label. Apply a mask so each row contributes only to the energies/targets actually observed; do not invent missing curve points.,
c2cl4,Tetrachloroethene,C2Cl4,experimental_fixed_or_sparse_points;experimental_peak_height,10.1088/0953-4075/34/15/309 | 10.1021/acs.jpca.0c06308 | https://repository.lib.ncsu.edu/bitstreams/e76df401-02d2-4db1-903b-dad1b9e89fe0/download | https://pubs.acs.org/doi/10.1021/acs.jpca.0c06308 | https://ir.canterbury.ac.nz/server/api/core/bitstreams/7106f9ca-1e1a-47c9-8224-7886f52b012e/content,numeric_label_source_title=Absolute electron-impact ionization cross sections for a range of C1 to C5 chlorocarbons | source_title=Predicting Total Electron-Ionization Cross Sections and GC-MS Calibration Factors Using Machine Learning,"full_curve_source_figure=Fig. 3.9 | full_curve_source_page=thesis print p46; physical PDF p65 | numeric_label_location=reported peak compilation; full curve location retained separately | source_pdf_page=351 | source_printed_page=309 | source_table=Appendix A, Table A.7 | Bose numerical carrier: dissertation Table A.7, PDF p.351 / printed p.309, BOSE396_349, row 'Tetrachloroethene', Mean cross section column. PDF-column replay matches retained experimental label 25.3 A^2 exactly. | Uniform 15-row cross-check: Bart (2003) thesis, Table 3.4, PDF p.62 / printed p.43; same named neutral molecule/isomer, measured total positive-ion maximum 21.74 A^2. Experimental peak energy 79 eV is provenance metadata only, not the common collision energy of a peak-to-peak training pair. The retained experimental peak height agrees with the table; no amplitude change.",QEC_old45_exact_XYZ_reaudited,${PROJECT_ROOT}\data\qec_results\incoming_2026_07_27\audit_all45_complete_2026_07_27_extracted\results\C2Cl4_cc-pVDZ_SE_HFSCF_10_2026-07-26T20-17-28\results\beb_xsec.dat,${ARCHIVE_ROOT}\outputs\no_qec_priority_2026_07_31\agent_no_qec_immediate_numeric_peak_labels_50.csv | ${ARCHIVE_ROOT}\outputs\no_qec_priority_2026_07_31\ready100_fixed_energy_with_existing_beb_no_qec.csv,fixed_70_75eV | peak_height,2,1,"Bose数值为70–75 eV综合/归一化汇总，原测量工作须通过原作者来源链追溯；Table A.7页号属thesis而非期刊正文 | Late source-column audit: this Bose value is a standardized experimental population mean, not a BEB or ML prediction. The actual Table A.7 mean column and transfer to the retained input were checked. This does not reconstruct every original laboratory measurement, scaling factor or confidence interval, and is separate from BEB structural validation. | Uniform 15-row cross-check: Bart (2003) thesis, Table 3.4, PDF p.62 / printed p.43; same named neutral molecule/isomer, measured total positive-ion maximum 21.74 A^2. Experimental peak energy 79 eV is provenance metadata only, not the common collision energy of a peak-to-peak training pair. The retained experimental peak height agrees with the table; no amplitude change.","2026-09-06 source audit: provenance reconstructed from the actual frozen training input files, with original experiment citations and acquisition carriers distinguished where recovered. This audit verifies source metadata, not independent re-digitisation of every numerical value. See source_completeness_status for unresolved source limitations. Earlier identity-level claims are retained separately as legacy metadata, not current verification.",accepted_BEB_path=${PROJECT_ROOT}\data\qec_results\incoming_2026_07_27\audit_all45_complete_2026_07_27_extracted\results\C2Cl4_cc-pVDZ_SE_HFSCF_10_2026-07-26T20-17-28\results\beb_xsec.dat | accepted_BEB_source=QEC_old45_exact_XYZ_reaudited | local_beb_match_method=curated_synonym_or_isomer_alias_and_formula | local_beb_match_status=ready_fixed_energy_experiment_plus_local_beb | local_beb_registry_status=accepted | local_beb_source_path=${PROJECT_ROOT}\data\qec_results\incoming_2026_07_27\audit_all45_complete_2026_07_27_extracted\results\C2Cl4_cc-pVDZ_SE_HFSCF_10_2026-07-26T20-17-28\results\beb_xsec.dat | local_beb_source_type=QEC_old45_exact_XYZ_reaudited,10.1021/acs.jpca.0c06308,F/P,0,0,Use every available experimental label. Apply a mask so each row contributes only to the energies/targets actually observed; do not invent missing curve points.,"The finite energy in this peak-amplitude record originated from a calculated BEB peak, not a verified common-energy experimental/BEB observation. Keep the independently recorded peak amplitudes; do not expose theoretical peak energy as experimental energy. Conservative model-input policy: the retained peak-amplitude pair has no assigned energy. Legacy expansion subsequently marked those backfilled values as reported. This correction does not assert that the original experimental paper never reported a peak energy."
c2cl6,Hexachloroethane,C2Cl6,experimental_fixed_or_sparse_points;experimental_peak_height,10.1088/0953-4075/34/15/309 | 10.1021/acs.jpca.0c06308 | https://repository.lib.ncsu.edu/bitstreams/e76df401-02d2-4db1-903b-dad1b9e89fe0/download | https://pubs.acs.org/doi/10.1021/acs.jpca.0c06308 | https://ir.canterbury.ac.nz/server/api/core/bitstreams/7106f9ca-1e1a-47c9-8224-7886f52b012e/content,numeric_label_source_title=Absolute electron-impact ionization cross sections for a range of C1 to C5 chlorocarbons | source_title=Predicting Total Electron-Ionization Cross Sections and GC-MS Calibration Factors Using Machine Learning,"full_curve_source_figure=Fig. 3.8 | full_curve_source_page=thesis print p45; physical PDF p64 | numeric_label_location=reported peak compilation; full curve location retained separately | source_pdf_page=350 | source_printed_page=308 | source_table=Appendix A, Table A.7 | Bose numerical carrier: dissertation Table A.7, PDF p.350 / printed p.308, BOSE396_330, row 'Hexachloroethane', Mean cross section column. PDF-column replay matches retained experimental label 31.2 A^2 exactly. | Uniform 15-row cross-check: Bart (2003) thesis, Table 3.4, PDF p.62 / printed p.43; same named neutral molecule/isomer, measured total positive-ion maximum 26.61 A^2. Experimental peak energy 90 eV is provenance metadata only, not the common collision energy of a peak-to-peak training pair. The retained experimental peak height agrees with the table; no amplitude change.",QEC_old45_exact_XYZ_reaudited,${PROJECT_ROOT}\data\qec_results\incoming_2026_07_27\audit_all45_complete_2026_07_27_extracted\results\C2Cl6_cc-pVDZ_SE_HFSCF_10_2026-07-26T20-20-09\results\beb_xsec.dat,${ARCHIVE_ROOT}\outputs\no_qec_priority_2026_07_31\agent_no_qec_immediate_numeric_peak_labels_50.csv | ${ARCHIVE_ROOT}\outputs\no_qec_priority_2026_07_31\ready100_fixed_energy_with_existing_beb_no_qec.csv,fixed_70_75eV | peak_height,2,2,"Bose数值为70–75 eV综合/归一化汇总，原测量工作须通过原作者来源链追溯；Table A.7页号属thesis而非期刊正文 | Late source-column audit: this Bose value is a standardized experimental population mean, not a BEB or ML prediction. The actual Table A.7 mean column and transfer to the retained input were checked. This does not reconstruct every original laboratory measurement, scaling factor or confidence interval, and is separate from BEB structural validation. | Uniform 15-row cross-check: Bart (2003) thesis, Table 3.4, PDF p.62 / printed p.43; same named neutral molecule/isomer, measured total positive-ion maximum 26.61 A^2. Experimental peak energy 90 eV is provenance metadata only, not the common collision energy of a peak-to-peak training pair. The retained experimental peak height agrees with the table; no amplitude change.","2026-09-06 source audit: provenance reconstructed from the actual frozen training input files, with original experiment citations and acquisition carriers distinguished where recovered. This audit verifies source metadata, not independent re-digitisation of every numerical value. See source_completeness_status for unresolved source limitations. Earlier identity-level claims are retained separately as legacy metadata, not current verification.",accepted_BEB_path=${PROJECT_ROOT}\data\qec_results\incoming_2026_07_27\audit_all45_complete_2026_07_27_extracted\results\C2Cl6_cc-pVDZ_SE_HFSCF_10_2026-07-26T20-20-09\results\beb_xsec.dat | accepted_BEB_source=QEC_old45_exact_XYZ_reaudited | local_beb_match_method=curated_synonym_or_isomer_alias_and_formula | local_beb_match_status=ready_fixed_energy_experiment_plus_local_beb | local_beb_registry_status=accepted | local_beb_source_path=${PROJECT_ROOT}\data\qec_results\incoming_2026_07_27\audit_all45_complete_2026_07_27_extracted\results\C2Cl6_cc-pVDZ_SE_HFSCF_10_2026-07-26T20-20-09\results\beb_xsec.dat | local_beb_source_type=QEC_old45_exact_XYZ_reaudited,10.1021/acs.jpca.0c06308,F/P,0,0,Use every available experimental label. Apply a mask so each row contributes only to the energies/targets actually observed; do not invent missing curve points.,"The finite energy in this peak-amplitude record originated from a calculated BEB peak, not a verified common-energy experimental/BEB observation. Keep the independently recorded peak amplitudes; do not expose theoretical peak energy as experimental energy. Conservative model-input policy: the retained peak-amplitude pair has no assigned energy. Legacy expansion subsequently marked those backfilled values as reported. This correction does not assert that the original experimental paper never reported a peak energy."
c2h2cl4-1-1-1-2,"1,2,2,2-Tetrachloroethane",C2H2Cl4,experimental_fixed_or_sparse_points;experimental_peak_height,10.1088/0953-4075/34/15/309 | 10.1021/acs.jpca.0c06308 | https://repository.lib.ncsu.edu/bitstreams/e76df401-02d2-4db1-903b-dad1b9e89fe0/download | https://pubs.acs.org/doi/10.1021/acs.jpca.0c06308 | https://ir.canterbury.ac.nz/server/api/core/bitstreams/7106f9ca-1e1a-47c9-8224-7886f52b012e/content,"numeric_label_source_title=Absolute electron-impact ionization cross sections for a range of C1 to C5 chlorocarbons | source_title=Predicting Total Electron-Ionization Cross Sections and GC-MS Calibration Factors Using Machine Learning | For the replaced peak label, the definitive numerical carrier is reference [59]: [59] M. Bart. Electron Impact Ionization: Measurements of Absolute Cross-Sections and Cross-Beam Studies. PhD thesis, University of Canterbury, Christchurch, New Zealand, 2003. https://ir.canterbury.ac.nz/server/api/core/bitstreams/7106f9ca-1e1a-47c9-8224-7886f52b012e/content. The earlier journal DOI is a related study, not an independently verified locator for the superseded numeric value.","full_curve_source_figure=Fig. 3.8 | full_curve_source_page=thesis print p45; physical PDF p64 | numeric_label_location=reported peak compilation; full curve location retained separately | source_pdf_page=350 | source_printed_page=308 | source_table=Appendix A, Table A.7 | Bose numerical carrier: dissertation Table A.7, PDF p.350 / printed p.308, BOSE396_336, row '1,2,2,2-Tetrachloroethane', Mean cross section column. PDF-column replay matches retained experimental label 24.7 A^2 exactly. | Uniform 15-row cross-check: Bart (2003) thesis, Table 3.4, PDF p.62 / printed p.43; same named neutral molecule/isomer, measured total positive-ion maximum 21.1 A^2. Experimental peak energy 79 eV is provenance metadata only, not the common collision energy of a peak-to-peak training pair. The legacy amplitude was replaced by this directly verified table value. Absolute uncertainty was rescaled using the source 3.9% maximum instrumental bound (Table 3.2, PDF p.56 / printed p.37), not a standard deviation.",QEC_old45_exact_XYZ_reaudited,${PROJECT_ROOT}\data\qec_results\incoming_2026_07_27\audit_all45_complete_2026_07_27_extracted\results\C2Cl4H2_cc-pVDZ_SE_HFSCF_10_2026-07-26T20-30-28\results\beb_xsec.dat,${ARCHIVE_ROOT}\outputs\no_qec_priority_2026_07_31\agent_no_qec_immediate_numeric_peak_labels_50.csv | ${ARCHIVE_ROOT}\outputs\no_qec_priority_2026_07_31\ready100_fixed_energy_with_existing_beb_no_qec.csv,fixed_70_75eV | peak_height,2,3,"Bose数值为70–75 eV综合/归一化汇总，原测量工作须通过原作者来源链追溯；Table A.7页号属thesis而非期刊正文 | Late source-column audit: this Bose value is a standardized experimental population mean, not a BEB or ML prediction. The actual Table A.7 mean column and transfer to the retained input were checked. This does not reconstruct every original laboratory measurement, scaling factor or confidence interval, and is separate from BEB structural validation. | Uniform 15-row cross-check: Bart (2003) thesis, Table 3.4, PDF p.62 / printed p.43; same named neutral molecule/isomer, measured total positive-ion maximum 21.1 A^2. Experimental peak energy 79 eV is provenance metadata only, not the common collision energy of a peak-to-peak training pair. The legacy amplitude was replaced by this directly verified table value. Absolute uncertainty was rescaled using the source 3.9% maximum instrumental bound (Table 3.2, PDF p.56 / printed p.37), not a standard deviation.","2026-09-06 source audit: provenance reconstructed from the actual frozen training input files, with original experiment citations and acquisition carriers distinguished where recovered. This audit verifies source metadata, not independent re-digitisation of every numerical value. See source_completeness_status for unresolved source limitations. Earlier identity-level claims are retained separately as legacy metadata, not current verification.",accepted_BEB_path=${PROJECT_ROOT}\data\qec_results\incoming_2026_07_27\audit_all45_complete_2026_07_27_extracted\results\C2Cl4H2_cc-pVDZ_SE_HFSCF_10_2026-07-26T20-30-28\results\beb_xsec.dat | accepted_BEB_source=QEC_old45_exact_XYZ_reaudited | local_beb_match_method=curated_synonym_or_isomer_alias_and_formula | local_beb_match_status=ready_fixed_energy_experiment_plus_local_beb | local_beb_registry_status=accepted | local_beb_source_path=${PROJECT_ROOT}\data\qec_results\incoming_2026_07_27\audit_all45_complete_2026_07_27_extracted\results\C2Cl4H2_cc-pVDZ_SE_HFSCF_10_2026-07-26T20-30-28\results\beb_xsec.dat | local_beb_source_type=QEC_old45_exact_XYZ_reaudited,10.1021/acs.jpca.0c06308,F/P,0,0,Use every available experimental label. Apply a mask so each row contributes only to the energies/targets actually observed; do not invent missing curve points.,"The finite energy in this peak-amplitude record originated from a calculated BEB peak, not a verified common-energy experimental/BEB observation. Keep the independently recorded peak amplitudes; do not expose theoretical peak energy as experimental energy. Conservative model-input policy: the retained peak-amplitude pair has no assigned energy. Legacy expansion subsequently marked those backfilled values as reported. This correction does not assert that the original experimental paper never reported a peak energy. Additional source correction, authorized after uniform inspection of all 15 related retained peaks: the legacy amplitude could not be reproduced from its vaguely cited compilation. Replace it with the explicitly measured experimental maximum in Bart Table 3.4. Keep the same molecule, isomer, total observable and unchanged BEB amplitude. Rescale absolute uncertainty using the original documented 3.9% maximum instrumental bound (not an assumed 5% or a standard deviation). This source-based replacement is independent of model performance."
c2h2cl4-1-1-2-2,"1,1,2,2-Tetrachloroethane",C2H2Cl4,experimental_fixed_or_sparse_points;experimental_peak_height,10.1088/0953-4075/34/15/309 | 10.1021/acs.jpca.0c06308 | https://repository.lib.ncsu.edu/bitstreams/e76df401-02d2-4db1-903b-dad1b9e89fe0/download | https://pubs.acs.org/doi/10.1021/acs.jpca.0c06308 | https://ir.canterbury.ac.nz/server/api/core/bitstreams/7106f9ca-1e1a-47c9-8224-7886f52b012e/content,"numeric_label_source_title=Absolute electron-impact ionization cross sections for a range of C1 to C5 chlorocarbons | source_title=Predicting Total Electron-Ionization Cross Sections and GC-MS Calibration Factors Using Machine Learning | For the replaced peak label, the definitive numerical carrier is reference [59]: [59] M. Bart. Electron Impact Ionization: Measurements of Absolute Cross-Sections and Cross-Beam Studies. PhD thesis, University of Canterbury, Christchurch, New Zealand, 2003. https://ir.canterbury.ac.nz/server/api/core/bitstreams/7106f9ca-1e1a-47c9-8224-7886f52b012e/content. The earlier journal DOI is a related study, not an independently verified locator for the superseded numeric value.","full_curve_source_figure=Fig. 3.8 | full_curve_source_page=thesis print p45; physical PDF p64 | numeric_label_location=reported peak compilation; full curve location retained separately | source_pdf_page=350 | source_printed_page=308 | source_table=Appendix A, Table A.7 | Bose numerical carrier: dissertation Table A.7, PDF p.350 / printed p.308, BOSE396_335, row '1,1,2,2-Tetrachloroethane', Mean cross section column. PDF-column replay matches retained experimental label 23.4 A^2 exactly. | Uniform 15-row cross-check: Bart (2003) thesis, Table 3.4, PDF p.62 / printed p.43; same named neutral molecule/isomer, measured total positive-ion maximum 19.8 A^2. Experimental peak energy 79 eV is provenance metadata only, not the common collision energy of a peak-to-peak training pair. The legacy amplitude was replaced by this directly verified table value. Absolute uncertainty was rescaled using the source 3.9% maximum instrumental bound (Table 3.2, PDF p.56 / printed p.37), not a standard deviation.",QEC_old45_exact_XYZ_reaudited,${PROJECT_ROOT}\data\qec_results\incoming_2026_07_27\audit_all45_complete_2026_07_27_extracted\results\C2Cl4H2_cc-pVDZ_SE_HFSCF_10_2026-07-26T20-32-15\results\beb_xsec.dat,${ARCHIVE_ROOT}\outputs\no_qec_priority_2026_07_31\agent_no_qec_immediate_numeric_peak_labels_50.csv | ${ARCHIVE_ROOT}\outputs\no_qec_priority_2026_07_31\ready100_fixed_energy_with_existing_beb_no_qec.csv,fixed_70_75eV | peak_height,2,0,"Bose数值为70–75 eV综合/归一化汇总，原测量工作须通过原作者来源链追溯；Table A.7页号属thesis而非期刊正文 | Late source-column audit: this Bose value is a standardized experimental population mean, not a BEB or ML prediction. The actual Table A.7 mean column and transfer to the retained input were checked. This does not reconstruct every original laboratory measurement, scaling factor or confidence interval, and is separate from BEB structural validation. | Uniform 15-row cross-check: Bart (2003) thesis, Table 3.4, PDF p.62 / printed p.43; same named neutral molecule/isomer, measured total positive-ion maximum 19.8 A^2. Experimental peak energy 79 eV is provenance metadata only, not the common collision energy of a peak-to-peak training pair. The legacy amplitude was replaced by this directly verified table value. Absolute uncertainty was rescaled using the source 3.9% maximum instrumental bound (Table 3.2, PDF p.56 / printed p.37), not a standard deviation.","2026-09-06 source audit: provenance reconstructed from the actual frozen training input files, with original experiment citations and acquisition carriers distinguished where recovered. This audit verifies source metadata, not independent re-digitisation of every numerical value. See source_completeness_status for unresolved source limitations. Earlier identity-level claims are retained separately as legacy metadata, not current verification.",accepted_BEB_path=${PROJECT_ROOT}\data\qec_results\incoming_2026_07_27\audit_all45_complete_2026_07_27_extracted\results\C2Cl4H2_cc-pVDZ_SE_HFSCF_10_2026-07-26T20-32-15\results\beb_xsec.dat | accepted_BEB_source=QEC_old45_exact_XYZ_reaudited | local_beb_match_method=curated_synonym_or_isomer_alias_and_formula | local_beb_match_status=ready_fixed_energy_experiment_plus_local_beb | local_beb_registry_status=accepted | local_beb_source_path=${PROJECT_ROOT}\data\qec_results\incoming_2026_07_27\audit_all45_complete_2026_07_27_extracted\results\C2Cl4H2_cc-pVDZ_SE_HFSCF_10_2026-07-26T20-32-15\results\beb_xsec.dat | local_beb_source_type=QEC_old45_exact_XYZ_reaudited,10.1021/acs.jpca.0c06308,F/P,0,0,Use every available experimental label. Apply a mask so each row contributes only to the energies/targets actually observed; do not invent missing curve points.,"The finite energy in this peak-amplitude record originated from a calculated BEB peak, not a verified common-energy experimental/BEB observation. Keep the independently recorded peak amplitudes; do not expose theoretical peak energy as experimental energy. Conservative model-input policy: the retained peak-amplitude pair has no assigned energy. Legacy expansion subsequently marked those backfilled values as reported. This correction does not assert that the original experimental paper never reported a peak energy. Additional source correction, authorized after uniform inspection of all 15 related retained peaks: the legacy amplitude could not be reproduced from its vaguely cited compilation. Replace it with the explicitly measured experimental maximum in Bart Table 3.4. Keep the same molecule, isomer, total observable and unchanged BEB amplitude. Rescale absolute uncertainty using the original documented 3.9% maximum instrumental bound (not an assumed 5% or a standard deviation). This source-based replacement is independent of model performance."
c2h3cl3-1-1-1,"1,1,1-Trichloroethane",C2H3Cl3,experimental_fixed_or_sparse_points;experimental_peak_height,10.1088/0953-4075/34/15/309 | 10.1021/acs.jpca.0c06308 | https://repository.lib.ncsu.edu/bitstreams/e76df401-02d2-4db1-903b-dad1b9e89fe0/download | https://pubs.acs.org/doi/10.1021/acs.jpca.0c06308 | https://ir.canterbury.ac.nz/server/api/core/bitstreams/7106f9ca-1e1a-47c9-8224-7886f52b012e/content,"numeric_label_source_title=Absolute electron-impact ionization cross sections for a range of C1 to C5 chlorocarbons | source_title=Predicting Total Electron-Ionization Cross Sections and GC-MS Calibration Factors Using Machine Learning | For the replaced peak label, the definitive numerical carrier is reference [59]: [59] M. Bart. Electron Impact Ionization: Measurements of Absolute Cross-Sections and Cross-Beam Studies. PhD thesis, University of Canterbury, Christchurch, New Zealand, 2003. https://ir.canterbury.ac.nz/server/api/core/bitstreams/7106f9ca-1e1a-47c9-8224-7886f52b012e/content. The earlier journal DOI is a related study, not an independently verified locator for the superseded numeric value.","full_curve_source_figure=Fig. 3.8 | full_curve_source_page=thesis print p45; physical PDF p64 | numeric_label_location=reported peak compilation; full curve location retained separately | source_pdf_page=350 | source_printed_page=308 | source_table=Appendix A, Table A.7 | Bose numerical carrier: dissertation Table A.7, PDF p.350 / printed p.308, BOSE396_334, row '1,1,1-Trichloroethane', Mean cross section column. PDF-column replay matches retained experimental label 20.4 A^2 exactly. | Uniform 15-row cross-check: Bart (2003) thesis, Table 3.4, PDF p.62 / printed p.43; same named neutral molecule/isomer, measured total positive-ion maximum 17.6 A^2. Experimental peak energy 79 eV is provenance metadata only, not the common collision energy of a peak-to-peak training pair. The legacy amplitude was replaced by this directly verified table value. Absolute uncertainty was rescaled using the source 3.9% maximum instrumental bound (Table 3.2, PDF p.56 / printed p.37), not a standard deviation.",QEC_old45_exact_XYZ_reaudited,${PROJECT_ROOT}\data\qec_results\incoming_2026_07_27\audit_all45_complete_2026_07_27_extracted\results\C2Cl3H3_cc-pVDZ_SE_HFSCF_10_2026-07-26T20-37-52\results\beb_xsec.dat,${ARCHIVE_ROOT}\outputs\no_qec_priority_2026_07_31\agent_no_qec_immediate_numeric_peak_labels_50.csv | ${ARCHIVE_ROOT}\outputs\no_qec_priority_2026_07_31\ready100_fixed_energy_with_existing_beb_no_qec.csv,fixed_70_75eV | peak_height,2,1,"Bose数值为70–75 eV综合/归一化汇总，原测量工作须通过原作者来源链追溯；Table A.7页号属thesis而非期刊正文 | Late source-column audit: this Bose value is a standardized experimental population mean, not a BEB or ML prediction. The actual Table A.7 mean column and transfer to the retained input were checked. This does not reconstruct every original laboratory measurement, scaling factor or confidence interval, and is separate from BEB structural validation. | Uniform 15-row cross-check: Bart (2003) thesis, Table 3.4, PDF p.62 / printed p.43; same named neutral molecule/isomer, measured total positive-ion maximum 17.6 A^2. Experimental peak energy 79 eV is provenance metadata only, not the common collision energy of a peak-to-peak training pair. The legacy amplitude was replaced by this directly verified table value. Absolute uncertainty was rescaled using the source 3.9% maximum instrumental bound (Table 3.2, PDF p.56 / printed p.37), not a standard deviation.","2026-09-06 source audit: provenance reconstructed from the actual frozen training input files, with original experiment citations and acquisition carriers distinguished where recovered. This audit verifies source metadata, not independent re-digitisation of every numerical value. See source_completeness_status for unresolved source limitations. Earlier identity-level claims are retained separately as legacy metadata, not current verification.",accepted_BEB_path=${PROJECT_ROOT}\data\qec_results\incoming_2026_07_27\audit_all45_complete_2026_07_27_extracted\results\C2Cl3H3_cc-pVDZ_SE_HFSCF_10_2026-07-26T20-37-52\results\beb_xsec.dat | accepted_BEB_source=QEC_old45_exact_XYZ_reaudited | local_beb_match_method=curated_synonym_or_isomer_alias_and_formula | local_beb_match_status=ready_fixed_energy_experiment_plus_local_beb | local_beb_registry_status=accepted | local_beb_source_path=${PROJECT_ROOT}\data\qec_results\incoming_2026_07_27\audit_all45_complete_2026_07_27_extracted\results\C2Cl3H3_cc-pVDZ_SE_HFSCF_10_2026-07-26T20-37-52\results\beb_xsec.dat | local_beb_source_type=QEC_old45_exact_XYZ_reaudited,10.1021/acs.jpca.0c06308,F/P,0,0,Use every available experimental label. Apply a mask so each row contributes only to the energies/targets actually observed; do not invent missing curve points.,"The finite energy in this peak-amplitude record originated from a calculated BEB peak, not a verified common-energy experimental/BEB observation. Keep the independently recorded peak amplitudes; do not expose theoretical peak energy as experimental energy. Conservative model-input policy: the retained peak-amplitude pair has no assigned energy. Legacy expansion subsequently marked those backfilled values as reported. This correction does not assert that the original experimental paper never reported a peak energy. Additional source correction, authorized after uniform inspection of all 15 related retained peaks: the legacy amplitude could not be reproduced from its vaguely cited compilation. Replace it with the explicitly measured experimental maximum in Bart Table 3.4. Keep the same molecule, isomer, total observable and unchanged BEB amplitude. Rescale absolute uncertainty using the original documented 3.9% maximum instrumental bound (not an assumed 5% or a standard deviation). This source-based replacement is independent of model performance."
c2h3cl3-1-1-2,"1,2,2-Trichloroethane",C2H3Cl3,experimental_fixed_or_sparse_points;experimental_peak_height,10.1088/0953-4075/34/15/309 | 10.1021/acs.jpca.0c06308 | https://repository.lib.ncsu.edu/bitstreams/e76df401-02d2-4db1-903b-dad1b9e89fe0/download | https://pubs.acs.org/doi/10.1021/acs.jpca.0c06308 | https://ir.canterbury.ac.nz/server/api/core/bitstreams/7106f9ca-1e1a-47c9-8224-7886f52b012e/content,"numeric_label_source_title=Absolute electron-impact ionization cross sections for a range of C1 to C5 chlorocarbons | source_title=Predicting Total Electron-Ionization Cross Sections and GC-MS Calibration Factors Using Machine Learning | For the replaced peak label, the definitive numerical carrier is reference [59]: [59] M. Bart. Electron Impact Ionization: Measurements of Absolute Cross-Sections and Cross-Beam Studies. PhD thesis, University of Canterbury, Christchurch, New Zealand, 2003. https://ir.canterbury.ac.nz/server/api/core/bitstreams/7106f9ca-1e1a-47c9-8224-7886f52b012e/content. The earlier journal DOI is a related study, not an independently verified locator for the superseded numeric value.","full_curve_source_figure=Fig. 3.8 | full_curve_source_page=thesis print p45; physical PDF p64 | numeric_label_location=reported peak compilation; full curve location retained separately | source_pdf_page=350 | source_printed_page=308 | source_table=Appendix A, Table A.7 | Bose numerical carrier: dissertation Table A.7, PDF p.350 / printed p.308, BOSE396_333, row '1,2,2-Trichloroethane', Mean cross section column. PDF-column replay matches retained experimental label 20.4 A^2 exactly. | Uniform 15-row cross-check: Bart (2003) thesis, Table 3.4, PDF p.62 / printed p.43; same named neutral molecule/isomer, measured total positive-ion maximum 17.1 A^2. Experimental peak energy 82 eV is provenance metadata only, not the common collision energy of a peak-to-peak training pair. The legacy amplitude was replaced by this directly verified table value. Absolute uncertainty was rescaled using the source 3.9% maximum instrumental bound (Table 3.2, PDF p.56 / printed p.37), not a standard deviation.",QEC_old45_exact_XYZ_reaudited,${PROJECT_ROOT}\data\qec_results\incoming_2026_07_27\audit_all45_complete_2026_07_27_extracted\results\C2Cl3H3_cc-pVDZ_SE_HFSCF_10_2026-07-26T20-40-23\results\beb_xsec.dat,${ARCHIVE_ROOT}\outputs\no_qec_priority_2026_07_31\agent_no_qec_immediate_numeric_peak_labels_50.csv | ${ARCHIVE_ROOT}\outputs\no_qec_priority_2026_07_31\ready100_fixed_energy_with_existing_beb_no_qec.csv,fixed_70_75eV | peak_height,2,2,"Bose数值为70–75 eV综合/归一化汇总，原测量工作须通过原作者来源链追溯；Table A.7页号属thesis而非期刊正文 | Late source-column audit: this Bose value is a standardized experimental population mean, not a BEB or ML prediction. The actual Table A.7 mean column and transfer to the retained input were checked. This does not reconstruct every original laboratory measurement, scaling factor or confidence interval, and is separate from BEB structural validation. | Uniform 15-row cross-check: Bart (2003) thesis, Table 3.4, PDF p.62 / printed p.43; same named neutral molecule/isomer, measured total positive-ion maximum 17.1 A^2. Experimental peak energy 82 eV is provenance metadata only, not the common collision energy of a peak-to-peak training pair. The legacy amplitude was replaced by this directly verified table value. Absolute uncertainty was rescaled using the source 3.9% maximum instrumental bound (Table 3.2, PDF p.56 / printed p.37), not a standard deviation.","2026-09-06 source audit: provenance reconstructed from the actual frozen training input files, with original experiment citations and acquisition carriers distinguished where recovered. This audit verifies source metadata, not independent re-digitisation of every numerical value. See source_completeness_status for unresolved source limitations. Earlier identity-level claims are retained separately as legacy metadata, not current verification.",accepted_BEB_path=${PROJECT_ROOT}\data\qec_results\incoming_2026_07_27\audit_all45_complete_2026_07_27_extracted\results\C2Cl3H3_cc-pVDZ_SE_HFSCF_10_2026-07-26T20-40-23\results\beb_xsec.dat | accepted_BEB_source=QEC_old45_exact_XYZ_reaudited | local_beb_match_method=curated_synonym_or_isomer_alias_and_formula | local_beb_match_status=ready_fixed_energy_experiment_plus_local_beb | local_beb_registry_status=accepted | local_beb_source_path=${PROJECT_ROOT}\data\qec_results\incoming_2026_07_27\audit_all45_complete_2026_07_27_extracted\results\C2Cl3H3_cc-pVDZ_SE_HFSCF_10_2026-07-26T20-40-23\results\beb_xsec.dat | local_beb_source_type=QEC_old45_exact_XYZ_reaudited,10.1021/acs.jpca.0c06308,F/P,0,0,Use every available experimental label. Apply a mask so each row contributes only to the energies/targets actually observed; do not invent missing curve points.,"The finite energy in this peak-amplitude record originated from a calculated BEB peak, not a verified common-energy experimental/BEB observation. Keep the independently recorded peak amplitudes; do not expose theoretical peak energy as experimental energy. Conservative model-input policy: the retained peak-amplitude pair has no assigned energy. Legacy expansion subsequently marked those backfilled values as reported. This correction does not assert that the original experimental paper never reported a peak energy. Additional source correction, authorized after uniform inspection of all 15 related retained peaks: the legacy amplitude could not be reproduced from its vaguely cited compilation. Replace it with the explicitly measured experimental maximum in Bart Table 3.4. Keep the same molecule, isomer, total observable and unchanged BEB amplitude. Rescale absolute uncertainty using the original documented 3.9% maximum instrumental bound (not an assumed 5% or a standard deviation). This source-based replacement is independent of model performance."
c2h4cl2-1-1,"1,1-Dichloroethane",C2H4Cl2,experimental_fixed_or_sparse_points;experimental_peak_height,10.1088/0953-4075/34/15/309 | 10.1021/acs.jpca.0c06308 | https://repository.lib.ncsu.edu/bitstreams/e76df401-02d2-4db1-903b-dad1b9e89fe0/download | https://pubs.acs.org/doi/10.1021/acs.jpca.0c06308 | https://ir.canterbury.ac.nz/server/api/core/bitstreams/7106f9ca-1e1a-47c9-8224-7886f52b012e/content,"numeric_label_source_title=Absolute electron-impact ionization cross sections for a range of C1 to C5 chlorocarbons | source_title=Predicting Total Electron-Ionization Cross Sections and GC-MS Calibration Factors Using Machine Learning | For the replaced peak label, the definitive numerical carrier is reference [59]: [59] M. Bart. Electron Impact Ionization: Measurements of Absolute Cross-Sections and Cross-Beam Studies. PhD thesis, University of Canterbury, Christchurch, New Zealand, 2003. https://ir.canterbury.ac.nz/server/api/core/bitstreams/7106f9ca-1e1a-47c9-8224-7886f52b012e/content. The earlier journal DOI is a related study, not an independently verified locator for the superseded numeric value.","full_curve_source_figure=Fig. 3.8 | full_curve_source_page=thesis print p45; physical PDF p64 | numeric_label_location=reported peak compilation; full curve location retained separately | source_pdf_page=350 | source_printed_page=308 | source_table=Appendix A, Table A.7 | Bose numerical carrier: dissertation Table A.7, PDF p.350 / printed p.308, BOSE396_332, row '1,1-Dichloroethane', Mean cross section column. PDF-column replay matches retained experimental label 16.4 A^2 exactly. | Uniform 15-row cross-check: Bart (2003) thesis, Table 3.4, PDF p.62 / printed p.43; same named neutral molecule/isomer, measured total positive-ion maximum 14.1 A^2. Experimental peak energy 80 eV is provenance metadata only, not the common collision energy of a peak-to-peak training pair. The legacy amplitude was replaced by this directly verified table value. Absolute uncertainty was rescaled using the source 3.9% maximum instrumental bound (Table 3.2, PDF p.56 / printed p.37), not a standard deviation.",QEC_old45_exact_XYZ_reaudited,${PROJECT_ROOT}\data\qec_results\incoming_2026_07_27\audit_all45_complete_2026_07_27_extracted\results\C2Cl2H4_cc-pVDZ_SE_HFSCF_10_2026-07-26T20-45-31\results\beb_xsec.dat,${ARCHIVE_ROOT}\outputs\no_qec_priority_2026_07_31\agent_no_qec_immediate_numeric_peak_labels_50.csv | ${ARCHIVE_ROOT}\outputs\no_qec_priority_2026_07_31\ready100_fixed_energy_with_existing_beb_no_qec.csv,fixed_70_75eV | peak_height,2,3,"Bose数值为70–75 eV综合/归一化汇总，原测量工作须通过原作者来源链追溯；Table A.7页号属thesis而非期刊正文 | Late source-column audit: this Bose value is a standardized experimental population mean, not a BEB or ML prediction. The actual Table A.7 mean column and transfer to the retained input were checked. This does not reconstruct every original laboratory measurement, scaling factor or confidence interval, and is separate from BEB structural validation. | Uniform 15-row cross-check: Bart (2003) thesis, Table 3.4, PDF p.62 / printed p.43; same named neutral molecule/isomer, measured total positive-ion maximum 14.1 A^2. Experimental peak energy 80 eV is provenance metadata only, not the common collision energy of a peak-to-peak training pair. The legacy amplitude was replaced by this directly verified table value. Absolute uncertainty was rescaled using the source 3.9% maximum instrumental bound (Table 3.2, PDF p.56 / printed p.37), not a standard deviation.","2026-09-06 source audit: provenance reconstructed from the actual frozen training input files, with original experiment citations and acquisition carriers distinguished where recovered. This audit verifies source metadata, not independent re-digitisation of every numerical value. See source_completeness_status for unresolved source limitations. Earlier identity-level claims are retained separately as legacy metadata, not current verification.",accepted_BEB_path=${PROJECT_ROOT}\data\qec_results\incoming_2026_07_27\audit_all45_complete_2026_07_27_extracted\results\C2Cl2H4_cc-pVDZ_SE_HFSCF_10_2026-07-26T20-45-31\results\beb_xsec.dat | accepted_BEB_source=QEC_old45_exact_XYZ_reaudited | local_beb_match_method=curated_synonym_or_isomer_alias_and_formula | local_beb_match_status=ready_fixed_energy_experiment_plus_local_beb | local_beb_registry_status=accepted | local_beb_source_path=${PROJECT_ROOT}\data\qec_results\incoming_2026_07_27\audit_all45_complete_2026_07_27_extracted\results\C2Cl2H4_cc-pVDZ_SE_HFSCF_10_2026-07-26T20-45-31\results\beb_xsec.dat | local_beb_source_type=QEC_old45_exact_XYZ_reaudited,10.1021/acs.jpca.0c06308,F/P,0,0,Use every available experimental label. Apply a mask so each row contributes only to the energies/targets actually observed; do not invent missing curve points.,"The finite energy in this peak-amplitude record originated from a calculated BEB peak, not a verified common-energy experimental/BEB observation. Keep the independently recorded peak amplitudes; do not expose theoretical peak energy as experimental energy. Conservative model-input policy: the retained peak-amplitude pair has no assigned energy. Legacy expansion subsequently marked those backfilled values as reported. This correction does not assert that the original experimental paper never reported a peak energy. Additional source correction, authorized after uniform inspection of all 15 related retained peaks: the legacy amplitude could not be reproduced from its vaguely cited compilation. Replace it with the explicitly measured experimental maximum in Bart Table 3.4. Keep the same molecule, isomer, total observable and unchanged BEB amplitude. Rescale absolute uncertainty using the original documented 3.9% maximum instrumental bound (not an assumed 5% or a standard deviation). This source-based replacement is independent of model performance."
c2h4cl2-1-2,"1,2-Dichloroethane",C2H4Cl2,experimental_fixed_or_sparse_points;experimental_peak_height,10.1088/0953-4075/34/15/309 | 10.1021/acs.jpca.0c06308 | https://repository.lib.ncsu.edu/bitstreams/e76df401-02d2-4db1-903b-dad1b9e89fe0/download | https://pubs.acs.org/doi/10.1021/acs.jpca.0c06308 | https://ir.canterbury.ac.nz/server/api/core/bitstreams/7106f9ca-1e1a-47c9-8224-7886f52b012e/content,numeric_label_source_title=Absolute electron-impact ionization cross sections for a range of C1 to C5 chlorocarbons | source_title=Predicting Total Electron-Ionization Cross Sections and GC-MS Calibration Factors Using Machine Learning,"full_curve_source_figure=Fig. 3.8 | full_curve_source_page=thesis print p45; physical PDF p64 | numeric_label_location=reported peak compilation; full curve location retained separately | source_pdf_page=350 | source_printed_page=308 | source_table=Appendix A, Table A.7 | Bose numerical carrier: dissertation Table A.7, PDF p.350 / printed p.308, BOSE396_331, row '1,2-Dichloroethane', Mean cross section column. PDF-column replay matches retained experimental label 17.1 A^2 exactly. | Uniform 15-row cross-check: Bart (2003) thesis, Table 3.4, PDF p.62 / printed p.43; same named neutral molecule/isomer, measured total positive-ion maximum 14.23 A^2. Experimental peak energy 78 eV is provenance metadata only, not the common collision energy of a peak-to-peak training pair. The retained experimental peak height agrees with the table; no amplitude change.",QEC_old45_exact_XYZ_reaudited,${PROJECT_ROOT}\data\qec_results\incoming_2026_07_27\audit_all45_complete_2026_07_27_extracted\results\C2Cl2H4_cc-pVDZ_SE_HFSCF_10_2026-07-26T20-46-28\results\beb_xsec.dat,${ARCHIVE_ROOT}\outputs\no_qec_priority_2026_07_31\agent_no_qec_immediate_numeric_peak_labels_50.csv | ${ARCHIVE_ROOT}\outputs\no_qec_priority_2026_07_31\ready100_fixed_energy_with_existing_beb_no_qec.csv,fixed_70_75eV | peak_height,2,4,"Bose数值为70–75 eV综合/归一化汇总，原测量工作须通过原作者来源链追溯；Table A.7页号属thesis而非期刊正文 | Late source-column audit: this Bose value is a standardized experimental population mean, not a BEB or ML prediction. The actual Table A.7 mean column and transfer to the retained input were checked. This does not reconstruct every original laboratory measurement, scaling factor or confidence interval, and is separate from BEB structural validation. | Uniform 15-row cross-check: Bart (2003) thesis, Table 3.4, PDF p.62 / printed p.43; same named neutral molecule/isomer, measured total positive-ion maximum 14.23 A^2. Experimental peak energy 78 eV is provenance metadata only, not the common collision energy of a peak-to-peak training pair. The retained experimental peak height agrees with the table; no amplitude change.","2026-09-06 source audit: provenance reconstructed from the actual frozen training input files, with original experiment citations and acquisition carriers distinguished where recovered. This audit verifies source metadata, not independent re-digitisation of every numerical value. See source_completeness_status for unresolved source limitations. Earlier identity-level claims are retained separately as legacy metadata, not current verification.",accepted_BEB_path=${PROJECT_ROOT}\data\qec_results\incoming_2026_07_27\audit_all45_complete_2026_07_27_extracted\results\C2Cl2H4_cc-pVDZ_SE_HFSCF_10_2026-07-26T20-46-28\results\beb_xsec.dat | accepted_BEB_source=QEC_old45_exact_XYZ_reaudited | local_beb_match_method=curated_synonym_or_isomer_alias_and_formula | local_beb_match_status=ready_fixed_energy_experiment_plus_local_beb | local_beb_registry_status=accepted | local_beb_source_path=${PROJECT_ROOT}\data\qec_results\incoming_2026_07_27\audit_all45_complete_2026_07_27_extracted\results\C2Cl2H4_cc-pVDZ_SE_HFSCF_10_2026-07-26T20-46-28\results\beb_xsec.dat | local_beb_source_type=QEC_old45_exact_XYZ_reaudited,10.1021/acs.jpca.0c06308,F/P,0,0,Use every available experimental label. Apply a mask so each row contributes only to the energies/targets actually observed; do not invent missing curve points.,"The finite energy in this peak-amplitude record originated from a calculated BEB peak, not a verified common-energy experimental/BEB observation. Keep the independently recorded peak amplitudes; do not expose theoretical peak energy as experimental energy. Conservative model-input policy: the retained peak-amplitude pair has no assigned energy. Legacy expansion subsequently marked those backfilled values as reported. This correction does not assert that the original experimental paper never reported a peak energy."
c2hcl3,Trichloroethene,C2HCl3,experimental_fixed_or_sparse_points;experimental_peak_height,10.1088/0953-4075/34/15/309 | 10.1021/acs.jpca.0c06308 | https://repository.lib.ncsu.edu/bitstreams/e76df401-02d2-4db1-903b-dad1b9e89fe0/download | https://pubs.acs.org/doi/10.1021/acs.jpca.0c06308 | https://ir.canterbury.ac.nz/server/api/core/bitstreams/7106f9ca-1e1a-47c9-8224-7886f52b012e/content,numeric_label_source_title=Absolute electron-impact ionization cross sections for a range of C1 to C5 chlorocarbons | source_title=Predicting Total Electron-Ionization Cross Sections and GC-MS Calibration Factors Using Machine Learning,"full_curve_source_figure=Fig. 3.9 | full_curve_source_page=thesis print p46; physical PDF p65 | numeric_label_location=reported peak compilation; full curve location retained separately | source_pdf_page=351 | source_printed_page=309 | source_table=Appendix A, Table A.7 | Bose numerical carrier: dissertation Table A.7, PDF p.351 / printed p.309, BOSE396_348, row 'Trichloroethene', Mean cross section column. PDF-column replay matches retained experimental label 21.5 A^2 exactly. | Uniform 15-row cross-check: Bart (2003) thesis, Table 3.4, PDF p.62 / printed p.43; same named neutral molecule/isomer, measured total positive-ion maximum 18.05 A^2. Experimental peak energy 82 eV is provenance metadata only, not the common collision energy of a peak-to-peak training pair. The retained experimental peak height agrees with the table; no amplitude change.",QEC_old45_exact_XYZ_reaudited,${PROJECT_ROOT}\data\qec_results\incoming_2026_07_27\audit_all45_complete_2026_07_27_extracted\results\C2Cl3H_cc-pVDZ_SE_HFSCF_10_2026-07-26T20-51-21\results\beb_xsec.dat,${ARCHIVE_ROOT}\outputs\no_qec_priority_2026_07_31\agent_no_qec_immediate_numeric_peak_labels_50.csv | ${ARCHIVE_ROOT}\outputs\no_qec_priority_2026_07_31\ready100_fixed_energy_with_existing_beb_no_qec.csv,fixed_70_75eV | peak_height,2,0,"Bose数值为70–75 eV综合/归一化汇总，原测量工作须通过原作者来源链追溯；Table A.7页号属thesis而非期刊正文 | Late source-column audit: this Bose value is a standardized experimental population mean, not a BEB or ML prediction. The actual Table A.7 mean column and transfer to the retained input were checked. This does not reconstruct every original laboratory measurement, scaling factor or confidence interval, and is separate from BEB structural validation. | Uniform 15-row cross-check: Bart (2003) thesis, Table 3.4, PDF p.62 / printed p.43; same named neutral molecule/isomer, measured total positive-ion maximum 18.05 A^2. Experimental peak energy 82 eV is provenance metadata only, not the common collision energy of a peak-to-peak training pair. The retained experimental peak height agrees with the table; no amplitude change.","2026-09-06 source audit: provenance reconstructed from the actual frozen training input files, with original experiment citations and acquisition carriers distinguished where recovered. This audit verifies source metadata, not independent re-digitisation of every numerical value. See source_completeness_status for unresolved source limitations. Earlier identity-level claims are retained separately as legacy metadata, not current verification.",accepted_BEB_path=${PROJECT_ROOT}\data\qec_results\incoming_2026_07_27\audit_all45_complete_2026_07_27_extracted\results\C2Cl3H_cc-pVDZ_SE_HFSCF_10_2026-07-26T20-51-21\results\beb_xsec.dat | accepted_BEB_source=QEC_old45_exact_XYZ_reaudited | local_beb_match_method=curated_synonym_or_isomer_alias_and_formula | local_beb_match_status=ready_fixed_energy_experiment_plus_local_beb | local_beb_registry_status=accepted | local_beb_source_path=${PROJECT_ROOT}\data\qec_results\incoming_2026_07_27\audit_all45_complete_2026_07_27_extracted\results\C2Cl3H_cc-pVDZ_SE_HFSCF_10_2026-07-26T20-51-21\results\beb_xsec.dat | local_beb_source_type=QEC_old45_exact_XYZ_reaudited,10.1021/acs.jpca.0c06308,F/P,0,0,Use every available experimental label. Apply a mask so each row contributes only to the energies/targets actually observed; do not invent missing curve points.,"The finite energy in this peak-amplitude record originated from a calculated BEB peak, not a verified common-energy experimental/BEB observation. Keep the independently recorded peak amplitudes; do not expose theoretical peak energy as experimental energy. Conservative model-input policy: the retained peak-amplitude pair has no assigned energy. Legacy expansion subsequently marked those backfilled values as reported. This correction does not assert that the original experimental paper never reported a peak energy."
c2hcl5,Pentachloroethane,C2HCl5,experimental_fixed_or_sparse_points;experimental_peak_height,10.1088/0953-4075/34/15/309 | 10.1021/acs.jpca.0c06308 | https://repository.lib.ncsu.edu/bitstreams/e76df401-02d2-4db1-903b-dad1b9e89fe0/download | https://pubs.acs.org/doi/10.1021/acs.jpca.0c06308 | https://ir.canterbury.ac.nz/server/api/core/bitstreams/7106f9ca-1e1a-47c9-8224-7886f52b012e/content,numeric_label_source_title=Absolute electron-impact ionization cross sections for a range of C1 to C5 chlorocarbons | source_title=Predicting Total Electron-Ionization Cross Sections and GC-MS Calibration Factors Using Machine Learning,"full_curve_source_figure=Fig. 3.8 | full_curve_source_page=thesis print p45; physical PDF p64 | numeric_label_location=reported peak compilation; full curve location retained separately | source_pdf_page=350 | source_printed_page=308 | source_table=Appendix A, Table A.7 | Bose numerical carrier: dissertation Table A.7, PDF p.350 / printed p.308, BOSE396_329, row 'Pentachloroethane', Mean cross section column. PDF-column replay matches retained experimental label 27.9 A^2 exactly. | Uniform 15-row cross-check: Bart (2003) thesis, Table 3.4, PDF p.62 / printed p.43; same named neutral molecule/isomer, measured total positive-ion maximum 23.61 A^2. Experimental peak energy 82 eV is provenance metadata only, not the common collision energy of a peak-to-peak training pair. The retained experimental peak height agrees with the table; no amplitude change.",QEC_old45_exact_XYZ_reaudited,${PROJECT_ROOT}\data\qec_results\incoming_2026_07_27\audit_all45_complete_2026_07_27_extracted\results\C2Cl5H_cc-pVDZ_SE_HFSCF_10_2026-07-26T20-53-29\results\beb_xsec.dat,${ARCHIVE_ROOT}\outputs\no_qec_priority_2026_07_31\agent_no_qec_immediate_numeric_peak_labels_50.csv | ${ARCHIVE_ROOT}\outputs\no_qec_priority_2026_07_31\ready100_fixed_energy_with_existing_beb_no_qec.csv,fixed_70_75eV | peak_height,2,1,"Bose数值为70–75 eV综合/归一化汇总，原测量工作须通过原作者来源链追溯；Table A.7页号属thesis而非期刊正文 | Late source-column audit: this Bose value is a standardized experimental population mean, not a BEB or ML prediction. The actual Table A.7 mean column and transfer to the retained input were checked. This does not reconstruct every original laboratory measurement, scaling factor or confidence interval, and is separate from BEB structural validation. | Uniform 15-row cross-check: Bart (2003) thesis, Table 3.4, PDF p.62 / printed p.43; same named neutral molecule/isomer, measured total positive-ion maximum 23.61 A^2. Experimental peak energy 82 eV is provenance metadata only, not the common collision energy of a peak-to-peak training pair. The retained experimental peak height agrees with the table; no amplitude change.","2026-09-06 source audit: provenance reconstructed from the actual frozen training input files, with original experiment citations and acquisition carriers distinguished where recovered. This audit verifies source metadata, not independent re-digitisation of every numerical value. See source_completeness_status for unresolved source limitations. Earlier identity-level claims are retained separately as legacy metadata, not current verification.",accepted_BEB_path=${PROJECT_ROOT}\data\qec_results\incoming_2026_07_27\audit_all45_complete_2026_07_27_extracted\results\C2Cl5H_cc-pVDZ_SE_HFSCF_10_2026-07-26T20-53-29\results\beb_xsec.dat | accepted_BEB_source=QEC_old45_exact_XYZ_reaudited | local_beb_match_method=curated_synonym_or_isomer_alias_and_formula | local_beb_match_status=ready_fixed_energy_experiment_plus_local_beb | local_beb_registry_status=accepted | local_beb_source_path=${PROJECT_ROOT}\data\qec_results\incoming_2026_07_27\audit_all45_complete_2026_07_27_extracted\results\C2Cl5H_cc-pVDZ_SE_HFSCF_10_2026-07-26T20-53-29\results\beb_xsec.dat | local_beb_source_type=QEC_old45_exact_XYZ_reaudited,10.1021/acs.jpca.0c06308,F/P,0,0,Use every available experimental label. Apply a mask so each row contributes only to the energies/targets actually observed; do not invent missing curve points.,"The finite energy in this peak-amplitude record originated from a calculated BEB peak, not a verified common-energy experimental/BEB observation. Keep the independently recorded peak amplitudes; do not expose theoretical peak energy as experimental energy. Conservative model-input policy: the retained peak-amplitude pair has no assigned energy. Legacy expansion subsequently marked those backfilled values as reported. This correction does not assert that the original experimental paper never reported a peak energy."
c3h7cl-1,1-Chloropropane,C3H7Cl,experimental_fixed_or_sparse_points;experimental_peak_height,10.1088/0953-4075/34/15/309 | 10.1021/acs.jpca.0c06308 | https://repository.lib.ncsu.edu/bitstreams/e76df401-02d2-4db1-903b-dad1b9e89fe0/download | https://pubs.acs.org/doi/10.1021/acs.jpca.0c06308 | https://ir.canterbury.ac.nz/server/api/core/bitstreams/7106f9ca-1e1a-47c9-8224-7886f52b012e/content,"numeric_label_source_title=Absolute electron-impact ionization cross sections for a range of C1 to C5 chlorocarbons | source_title=Predicting Total Electron-Ionization Cross Sections and GC-MS Calibration Factors Using Machine Learning | For the replaced peak label, the definitive numerical carrier is reference [59]: [59] M. Bart. Electron Impact Ionization: Measurements of Absolute Cross-Sections and Cross-Beam Studies. PhD thesis, University of Canterbury, Christchurch, New Zealand, 2003. https://ir.canterbury.ac.nz/server/api/core/bitstreams/7106f9ca-1e1a-47c9-8224-7886f52b012e/content. The earlier journal DOI is a related study, not an independently verified locator for the superseded numeric value.","full_curve_source_figure=Figs. 3.10 and 3.18 | full_curve_source_page=thesis print pp47 and 55; physical PDF pp66 and 74 | numeric_label_location=reported peak compilation; full curve location retained separately | source_pdf_page=350 | source_printed_page=308 | source_table=Appendix A, Table A.7 | Bose numerical carrier: dissertation Table A.7, PDF p.350 / printed p.308, BOSE396_337, row '1-Chloropropane', Mean cross section column. PDF-column replay matches retained experimental label 14.7 A^2 exactly. | Uniform 15-row cross-check: Bart (2003) thesis, Table 3.4, PDF p.62 / printed p.43; same named neutral molecule/isomer, measured total positive-ion maximum 14.2 A^2. Experimental peak energy 82 eV is provenance metadata only, not the common collision energy of a peak-to-peak training pair. The legacy amplitude was replaced by this directly verified table value. Absolute uncertainty was rescaled using the source 3.9% maximum instrumental bound (Table 3.2, PDF p.56 / printed p.37), not a standard deviation.",QEC_old45_exact_XYZ_reaudited,${PROJECT_ROOT}\data\qec_results\incoming_2026_07_27\audit_all45_complete_2026_07_27_extracted\results\C3ClH7_cc-pVDZ_SE_HFSCF_10_2026-07-26T21-04-25\results\beb_xsec.dat,${ARCHIVE_ROOT}\outputs\no_qec_priority_2026_07_31\agent_no_qec_immediate_numeric_peak_labels_50.csv | ${ARCHIVE_ROOT}\outputs\no_qec_priority_2026_07_31\ready100_fixed_energy_with_existing_beb_no_qec.csv,fixed_70_75eV | peak_height,2,2,"Bose数值为70–75 eV综合/归一化汇总，原测量工作须通过原作者来源链追溯；Table A.7页号属thesis而非期刊正文 | Late source-column audit: this Bose value is a standardized experimental population mean, not a BEB or ML prediction. The actual Table A.7 mean column and transfer to the retained input were checked. This does not reconstruct every original laboratory measurement, scaling factor or confidence interval, and is separate from BEB structural validation. | Uniform 15-row cross-check: Bart (2003) thesis, Table 3.4, PDF p.62 / printed p.43; same named neutral molecule/isomer, measured total positive-ion maximum 14.2 A^2. Experimental peak energy 82 eV is provenance metadata only, not the common collision energy of a peak-to-peak training pair. The legacy amplitude was replaced by this directly verified table value. Absolute uncertainty was rescaled using the source 3.9% maximum instrumental bound (Table 3.2, PDF p.56 / printed p.37), not a standard deviation.","2026-09-06 source audit: provenance reconstructed from the actual frozen training input files, with original experiment citations and acquisition carriers distinguished where recovered. This audit verifies source metadata, not independent re-digitisation of every numerical value. See source_completeness_status for unresolved source limitations. Earlier identity-level claims are retained separately as legacy metadata, not current verification.",accepted_BEB_path=${PROJECT_ROOT}\data\qec_results\incoming_2026_07_27\audit_all45_complete_2026_07_27_extracted\results\C3ClH7_cc-pVDZ_SE_HFSCF_10_2026-07-26T21-04-25\results\beb_xsec.dat | accepted_BEB_source=QEC_old45_exact_XYZ_reaudited | local_beb_match_method=curated_synonym_or_isomer_alias_and_formula | local_beb_match_status=ready_fixed_energy_experiment_plus_local_beb | local_beb_registry_status=accepted | local_beb_source_path=${PROJECT_ROOT}\data\qec_results\incoming_2026_07_27\audit_all45_complete_2026_07_27_extracted\results\C3ClH7_cc-pVDZ_SE_HFSCF_10_2026-07-26T21-04-25\results\beb_xsec.dat | local_beb_source_type=QEC_old45_exact_XYZ_reaudited,10.1021/acs.jpca.0c06308,F/P,0,0,Use every available experimental label. Apply a mask so each row contributes only to the energies/targets actually observed; do not invent missing curve points.,"The finite energy in this peak-amplitude record originated from a calculated BEB peak, not a verified common-energy experimental/BEB observation. Keep the independently recorded peak amplitudes; do not expose theoretical peak energy as experimental energy. Conservative model-input policy: the retained peak-amplitude pair has no assigned energy. Legacy expansion subsequently marked those backfilled values as reported. This correction does not assert that the original experimental paper never reported a peak energy. Additional source correction, authorized after uniform inspection of all 15 related retained peaks: the legacy amplitude could not be reproduced from its vaguely cited compilation. Replace it with the explicitly measured experimental maximum in Bart Table 3.4. Keep the same molecule, isomer, total observable and unchanged BEB amplitude. Rescale absolute uncertainty using the original documented 3.9% maximum instrumental bound (not an assumed 5% or a standard deviation). This source-based replacement is independent of model performance."
c3h7cl-2,2-Chloropropane,C3H7Cl,experimental_fixed_or_sparse_points;experimental_peak_height,10.1088/0953-4075/34/15/309 | 10.1021/acs.jpca.0c06308 | https://repository.lib.ncsu.edu/bitstreams/e76df401-02d2-4db1-903b-dad1b9e89fe0/download | https://pubs.acs.org/doi/10.1021/acs.jpca.0c06308 | https://ir.canterbury.ac.nz/server/api/core/bitstreams/7106f9ca-1e1a-47c9-8224-7886f52b012e/content,numeric_label_source_title=Absolute electron-impact ionization cross sections for a range of C1 to C5 chlorocarbons | source_title=Predicting Total Electron-Ionization Cross Sections and GC-MS Calibration Factors Using Machine Learning,"full_curve_source_figure=Fig. 3.18 | full_curve_source_page=thesis print p55; physical PDF p74 | numeric_label_location=reported peak compilation; full curve location retained separately | source_pdf_page=350 | source_printed_page=308 | source_table=Appendix A, Table A.7 | Bose numerical carrier: dissertation Table A.7, PDF p.350 / printed p.308, BOSE396_338, row '2-Chloropropane', Mean cross section column. PDF-column replay matches retained experimental label 17.0 A^2 exactly. | Uniform 15-row cross-check: Bart (2003) thesis, Table 3.4, PDF p.62 / printed p.43; same named neutral molecule/isomer, measured total positive-ion maximum 14.22 A^2. Experimental peak energy 82 eV is provenance metadata only, not the common collision energy of a peak-to-peak training pair. The retained experimental peak height agrees with the table; no amplitude change.",QEC_old45_exact_XYZ_reaudited,${PROJECT_ROOT}\data\qec_results\incoming_2026_07_27\audit_all45_complete_2026_07_27_extracted\results\C3ClH7_cc-pVDZ_SE_HFSCF_10_2026-07-26T21-08-31\results\beb_xsec.dat,${ARCHIVE_ROOT}\outputs\no_qec_priority_2026_07_31\agent_no_qec_immediate_numeric_peak_labels_50.csv | ${ARCHIVE_ROOT}\outputs\no_qec_priority_2026_07_31\ready100_fixed_energy_with_existing_beb_no_qec.csv,fixed_70_75eV | peak_height,2,3,"Bose数值为70–75 eV综合/归一化汇总，原测量工作须通过原作者来源链追溯；Table A.7页号属thesis而非期刊正文 | Late source-column audit: this Bose value is a standardized experimental population mean, not a BEB or ML prediction. The actual Table A.7 mean column and transfer to the retained input were checked. This does not reconstruct every original laboratory measurement, scaling factor or confidence interval, and is separate from BEB structural validation. | Uniform 15-row cross-check: Bart (2003) thesis, Table 3.4, PDF p.62 / printed p.43; same named neutral molecule/isomer, measured total positive-ion maximum 14.22 A^2. Experimental peak energy 82 eV is provenance metadata only, not the common collision energy of a peak-to-peak training pair. The retained experimental peak height agrees with the table; no amplitude change.","2026-09-06 source audit: provenance reconstructed from the actual frozen training input files, with original experiment citations and acquisition carriers distinguished where recovered. This audit verifies source metadata, not independent re-digitisation of every numerical value. See source_completeness_status for unresolved source limitations. Earlier identity-level claims are retained separately as legacy metadata, not current verification.",accepted_BEB_path=${PROJECT_ROOT}\data\qec_results\incoming_2026_07_27\audit_all45_complete_2026_07_27_extracted\results\C3ClH7_cc-pVDZ_SE_HFSCF_10_2026-07-26T21-08-31\results\beb_xsec.dat | accepted_BEB_source=QEC_old45_exact_XYZ_reaudited | local_beb_match_method=curated_synonym_or_isomer_alias_and_formula | local_beb_match_status=ready_fixed_energy_experiment_plus_local_beb | local_beb_registry_status=accepted | local_beb_source_path=${PROJECT_ROOT}\data\qec_results\incoming_2026_07_27\audit_all45_complete_2026_07_27_extracted\results\C3ClH7_cc-pVDZ_SE_HFSCF_10_2026-07-26T21-08-31\results\beb_xsec.dat | local_beb_source_type=QEC_old45_exact_XYZ_reaudited,10.1021/acs.jpca.0c06308,F/P,0,0,Use every available experimental label. Apply a mask so each row contributes only to the energies/targets actually observed; do not invent missing curve points.,"The finite energy in this peak-amplitude record originated from a calculated BEB peak, not a verified common-energy experimental/BEB observation. Keep the independently recorded peak amplitudes; do not expose theoretical peak energy as experimental energy. Conservative model-input policy: the retained peak-amplitude pair has no assigned energy. Legacy expansion subsequently marked those backfilled values as reported. This correction does not assert that the original experimental paper never reported a peak energy."
c4h9cl-1,1-Chlorobutane,C4H9Cl,experimental_fixed_or_sparse_points;experimental_peak_height,10.1088/0953-4075/34/15/309 | 10.1021/acs.jpca.0c06308 | https://repository.lib.ncsu.edu/bitstreams/e76df401-02d2-4db1-903b-dad1b9e89fe0/download | https://pubs.acs.org/doi/10.1021/acs.jpca.0c06308 | https://ir.canterbury.ac.nz/server/api/core/bitstreams/7106f9ca-1e1a-47c9-8224-7886f52b012e/content,numeric_label_source_title=Absolute electron-impact ionization cross sections for a range of C1 to C5 chlorocarbons | source_title=Predicting Total Electron-Ionization Cross Sections and GC-MS Calibration Factors Using Machine Learning,"full_curve_source_figure=Figs. 3.10 and 3.18 | full_curve_source_page=thesis print pp47 and 55; physical PDF pp66 and 74 | numeric_label_location=reported peak compilation; full curve location retained separately | source_pdf_page=350 | source_printed_page=308 | source_table=Appendix A, Table A.7 | Bose numerical carrier: dissertation Table A.7, PDF p.350 / printed p.308, BOSE396_339, row '1-Chlorobutane', Mean cross section column. PDF-column replay matches retained experimental label 18.0 A^2 exactly. | Uniform 15-row cross-check: Bart (2003) thesis, Table 3.4, PDF p.62 / printed p.43; same named neutral molecule/isomer, measured total positive-ion maximum 17.4 A^2. Experimental peak energy 80 eV is provenance metadata only, not the common collision energy of a peak-to-peak training pair. The retained experimental peak height agrees with the table; no amplitude change.",QEC_old45_exact_XYZ_reaudited,${PROJECT_ROOT}\data\qec_results\incoming_2026_07_27\audit_all45_complete_2026_07_27_extracted\results\C4ClH9_cc-pVDZ_SE_HFSCF_10_2026-07-26T21-22-55\results\beb_xsec.dat,${ARCHIVE_ROOT}\outputs\no_qec_priority_2026_07_31\agent_no_qec_immediate_numeric_peak_labels_50.csv | ${ARCHIVE_ROOT}\outputs\no_qec_priority_2026_07_31\ready100_fixed_energy_with_existing_beb_no_qec.csv,fixed_70_75eV | peak_height,2,4,"Bose数值为70–75 eV综合/归一化汇总，原测量工作须通过原作者来源链追溯；Table A.7页号属thesis而非期刊正文 | Late source-column audit: this Bose value is a standardized experimental population mean, not a BEB or ML prediction. The actual Table A.7 mean column and transfer to the retained input were checked. This does not reconstruct every original laboratory measurement, scaling factor or confidence interval, and is separate from BEB structural validation. | Uniform 15-row cross-check: Bart (2003) thesis, Table 3.4, PDF p.62 / printed p.43; same named neutral molecule/isomer, measured total positive-ion maximum 17.4 A^2. Experimental peak energy 80 eV is provenance metadata only, not the common collision energy of a peak-to-peak training pair. The retained experimental peak height agrees with the table; no amplitude change.","2026-09-06 source audit: provenance reconstructed from the actual frozen training input files, with original experiment citations and acquisition carriers distinguished where recovered. This audit verifies source metadata, not independent re-digitisation of every numerical value. See source_completeness_status for unresolved source limitations. Earlier identity-level claims are retained separately as legacy metadata, not current verification.",accepted_BEB_path=${PROJECT_ROOT}\data\qec_results\incoming_2026_07_27\audit_all45_complete_2026_07_27_extracted\results\C4ClH9_cc-pVDZ_SE_HFSCF_10_2026-07-26T21-22-55\results\beb_xsec.dat | accepted_BEB_source=QEC_old45_exact_XYZ_reaudited | local_beb_match_method=curated_synonym_or_isomer_alias_and_formula | local_beb_match_status=ready_fixed_energy_experiment_plus_local_beb | local_beb_registry_status=accepted | local_beb_source_path=${PROJECT_ROOT}\data\qec_results\incoming_2026_07_27\audit_all45_complete_2026_07_27_extracted\results\C4ClH9_cc-pVDZ_SE_HFSCF_10_2026-07-26T21-22-55\results\beb_xsec.dat | local_beb_source_type=QEC_old45_exact_XYZ_reaudited,10.1021/acs.jpca.0c06308,F/P,0,0,Use every available experimental label. Apply a mask so each row contributes only to the energies/targets actually observed; do not invent missing curve points.,"The finite energy in this peak-amplitude record originated from a calculated BEB peak, not a verified common-energy experimental/BEB observation. Keep the independently recorded peak amplitudes; do not expose theoretical peak energy as experimental energy. Conservative model-input policy: the retained peak-amplitude pair has no assigned energy. Legacy expansion subsequently marked those backfilled values as reported. This correction does not assert that the original experimental paper never reported a peak energy."
carbon-dioxide,carbon dioxide,CO2,experimental_curve_points;experimental_fixed_or_sparse_points,https://physics.nist.gov/cgi-bin/Ionization/graph_new.pl?element=CO2.0 | 10.1021/acs.jpca.0c06308 | https://repository.lib.ncsu.edu/bitstreams/e76df401-02d2-4db1-903b-dad1b9e89fe0/download | https://pubs.acs.org/doi/10.1021/acs.jpca.0c06308,"source_reference=D. Rapp and P. Englander-Golden, J. Chem. Phys. 43 , 1464 (1965). | source_reference=O. J. Orient and S. K. Srivastava, J. Phys. B 20 , 3923 (1987). | original_nist_experiment_reference=D. Rapp and P. Englander-Golden, J. Chem. Phys. 43, 1464 (1965). | original_nist_experiment_reference=O. J. Orient and S. K. Srivastava, J. Phys. B 20, 3923 (1987). | source_title=Predicting Total Electron-Ionization Cross Sections and GC-MS Calibration Factors Using Machine Learning","dataset_id=exp_1 | dataset_id=exp_2 | source_pdf_page=347 | source_printed_page=305 | source_table=Appendix A, Table A.7 | Bose numerical carrier: dissertation Table A.7, PDF p.347 / printed p.305, BOSE396_296, row 'Carbon dioxide', Mean cross section column. PDF-column replay matches retained experimental label 4.2 A^2 exactly.",QEC_strict9_authoritative,${PROJECT_ROOT}\data\qec_results\incoming_2026_07_27\strict_new9_results_COMPLETE_2026_07_27_extracted\results\CO2_cc-pVDZ_SE_HFSCF_10_2026-07-27T00-43-22\results\beb_xsec.dat,${ARCHIVE_ROOT}\nist_strict_usable_numeric_pairs_2026_07_30\paired_numeric\004_CO2_BEB_vs_experiment.csv | ${ARCHIVE_ROOT}\outputs\no_qec_priority_2026_07_31\ready100_fixed_energy_with_existing_beb_no_qec.csv,curve_point | fixed_70_75eV,54,0,"NIST为获取载体；原作者题录已从实际series恢复，未逐篇全文复核全部原实验；Bose数值为70–75 eV综合/归一化汇总，原测量工作须通过原作者来源链追溯；Table A.7页号属thesis而非期刊正文 | Late source-column audit: this Bose value is a standardized experimental population mean, not a BEB or ML prediction. The actual Table A.7 mean column and transfer to the retained input were checked. This does not reconstruct every original laboratory measurement, scaling factor or confidence interval, and is separate from BEB structural validation.","2026-09-06 source audit: provenance reconstructed from the actual frozen training input files, with original experiment citations and acquisition carriers distinguished where recovered. This audit verifies source metadata, not independent re-digitisation of every numerical value. See source_completeness_status for unresolved source limitations. Earlier identity-level claims are retained separately as legacy metadata, not current verification.","original_nist_beb_reference=BEBW. Hwang, Y.-K. Kim and M.E. Rudd, J. Chem. Phys. 104, 2956 (1996). | NIST图BEB来源=BEBW. Hwang, Y.-K. Kim and M.E. Rudd, J. Chem. Phys. 104, 2956 (1996). | local_beb_match_method=exact_normalized_name_and_formula | local_beb_match_status=ready_fixed_energy_experiment_plus_local_beb | local_beb_registry_status=accepted | local_beb_source_path=${PROJECT_ROOT}\data\qec_results\incoming_2026_07_27\strict_new9_results_COMPLETE_2026_07_27_extracted\results\CO2_cc-pVDZ_SE_HFSCF_10_2026-07-27T00-43-22\results\beb_xsec.dat | local_beb_source_type=QEC_strict9_authoritative",10.1063/1.1696957,C/F,53,0,Use every available experimental label. Apply a mask so each row contributes only to the energies/targets actually observed; do not invent missing curve points.,
carbon-disulfide,carbon disulfide,CS2,experimental_curve_points;experimental_fixed_or_sparse_points,https://physics.nist.gov/cgi-bin/Ionization/graph_new.pl?element=CS2.0 | 10.1021/acs.jpca.0c06308 | https://repository.lib.ncsu.edu/bitstreams/e76df401-02d2-4db1-903b-dad1b9e89fe0/download | https://pubs.acs.org/doi/10.1021/acs.jpca.0c06308,"source_reference=M. V. V. S. Rao and S. K. Srivastava, J. Geophys. Res. 96 , 17563 (1991). | source_reference=R. S. Freund, R. C. Wetzel and R. J. Shul, Phys. Rev. A 41 , 5861 (1990). | original_nist_experiment_reference=R. S. Freund, R. C. Wetzel and R. J. Shul, Phys. Rev. A 41, 5861 (1990). | original_nist_experiment_reference=M. V. V. S. Rao and S. K. Srivastava, J. Geophys. Res. 96, 17563 (1991). | source_title=Predicting Total Electron-Ionization Cross Sections and GC-MS Calibration Factors Using Machine Learning","dataset_id=exp_1 | dataset_id=exp_2 | source_pdf_page=347 | source_printed_page=305 | source_table=Appendix A, Table A.7 | Bose numerical carrier: dissertation Table A.7, PDF p.347 / printed p.305, BOSE396_297, row 'Carbon disulfide', Mean cross section column. PDF-column replay matches retained experimental label 13.8 A^2 exactly.",NIST_SRD107_numeric_BEB,${ARCHIVE_ROOT}\nist_strict_usable_numeric_pairs_2026_07_30\beb_numeric_corrected\005_CS2_BEB_corrected.csv,${ARCHIVE_ROOT}\nist_strict_usable_numeric_pairs_2026_07_30\paired_numeric\005_CS2_BEB_vs_experiment.csv | ${ARCHIVE_ROOT}\outputs\no_qec_priority_2026_07_31\ready100_fixed_energy_with_existing_beb_no_qec.csv,curve_point | fixed_70_75eV,60,0,"NIST为获取载体；原作者题录已从实际series恢复，未逐篇全文复核全部原实验；Bose数值为70–75 eV综合/归一化汇总，原测量工作须通过原作者来源链追溯；Table A.7页号属thesis而非期刊正文 | Late source-column audit: this Bose value is a standardized experimental population mean, not a BEB or ML prediction. The actual Table A.7 mean column and transfer to the retained input were checked. This does not reconstruct every original laboratory measurement, scaling factor or confidence interval, and is separate from BEB structural validation.","2026-09-06 source audit: provenance reconstructed from the actual frozen training input files, with original experiment citations and acquisition carriers distinguished where recovered. This audit verifies source metadata, not independent re-digitisation of every numerical value. See source_completeness_status for unresolved source limitations. Earlier identity-level claims are retained separately as legacy metadata, not current verification.","original_nist_beb_reference=BEBY.-K. Kim, W. Hwang, N. M. Weinberger, M. A. Ali and M.E. Rudd, J. Chem. Phys. 106, 1026 (1997). | NIST图BEB来源=BEBY.-K. Kim, W. Hwang, N. M. Weinberger, M. A. Ali and M.E. Rudd, J. Chem. Phys. 106, 1026 (1997). | local_beb_match_method=exact_normalized_name_and_formula | local_beb_match_status=ready_fixed_energy_experiment_plus_local_beb | local_beb_registry_status=accepted_replacing_lower_priority | local_beb_source_path=${ARCHIVE_ROOT}\nist_strict_usable_numeric_pairs_2026_07_30\beb_numeric_corrected\005_CS2_BEB_corrected.csv | local_beb_source_type=NIST_SRD107_numeric_BEB",10.1063/1.1557934,C/F,59,0,Use every available experimental label. Apply a mask so each row contributes only to the energies/targets actually observed; do not invent missing curve points.,
carbon-monosulfide,carbon monosulfide,CS,experimental_curve_points,https://physics.nist.gov/cgi-bin/Ionization/graph_new.pl?element=CS.0,"source_reference=R. S. Freund, R. C. Wetzel and R. J. Shul, Phys. Rev. A 41 , 5861 (1990). | original_nist_experiment_reference=R. S. Freund, R. C. Wetzel and R. J. Shul, Phys. Rev. A 41, 5861 (1990).",dataset_id=exp_1,QEC_new32_exact_manifest,new32_qec_beb_successful30_2026_07_30.tar.gz::CS_cc-pVDZ_SE_HFSCF_10_2026-07-30T00-16-13/results/beb_xsec.dat,${ARCHIVE_ROOT}\nist_strict_usable_numeric_pairs_2026_07_30\paired_numeric\006_CS_BEB_vs_experiment.csv,curve_point,32,0,NIST为获取载体；原作者题录已从实际series恢复，未逐篇全文复核全部原实验；旧论文已标数据质量冲突，当前引用恢复不代表曲线数值质量通过,"2026-09-06 source audit: provenance reconstructed from the actual frozen training input files, with original experiment citations and acquisition carriers distinguished where recovered. This audit verifies source metadata, not independent re-digitisation of every numerical value. See source_completeness_status for unresolved source limitations. Earlier identity-level claims are retained separately as legacy metadata, not current verification.","original_nist_beb_reference=BEBY.-K. Kim, W. Hwang, N. M. Weinberger, M. A. Ali and M.E. Rudd, J. Chem. Phys. 106, 1026 (1997). | NIST图BEB来源=BEBY.-K. Kim, W. Hwang, N. M. Weinberger, M. A. Ali and M.E. Rudd, J. Chem. Phys. 106, 1026 (1997).",https://physics.nist.gov/cgi-bin/Ionization/graph_new.pl?element=CS.0,C,32,0,Use every available experimental label. Apply a mask so each row contributes only to the energies/targets actually observed; do not invent missing curve points.,
carbon-monoxide,carbon monoxide,CO,experimental_curve_points;experimental_fixed_or_sparse_points,https://physics.nist.gov/cgi-bin/Ionization/graph_new.pl?element=CO.0 | 10.1021/acs.jpca.0c06308 | https://repository.lib.ncsu.edu/bitstreams/e76df401-02d2-4db1-903b-dad1b9e89fe0/download | https://pubs.acs.org/doi/10.1021/acs.jpca.0c06308,"source_reference=D. Rapp and P. Englander-Golden, J. Chem. Phys. 43 , 1464 (1965). | source_reference=O. J. Orient and S. K. Srivastava, J. Phys. B 20 , 3923 (1987). | source_reference=R. K. Asundi, J. D. Craggs and M. V. Kurepa, Proc. Phys. Soc. London 82 , 967 (1963). | original_nist_experiment_reference=D. Rapp and P. Englander-Golden, J. Chem. Phys. 43, 1464 (1965). | original_nist_experiment_reference=O. J. Orient and S. K. Srivastava, J. Phys. B 20, 3923 (1987). | original_nist_experiment_reference=R. K. Asundi, J. D. Craggs and M. V. Kurepa, Proc. Phys. Soc. London 82, 967 (1963). | source_title=Predicting Total Electron-Ionization Cross Sections and GC-MS Calibration Factors Using Machine Learning","dataset_id=exp_1 | dataset_id=exp_2 | dataset_id=exp_3 | source_pdf_page=347 | source_printed_page=305 | source_table=Appendix A, Table A.7 | Bose numerical carrier: dissertation Table A.7, PDF p.347 / printed p.305, BOSE396_295, row 'Carbon monoxide', Mean cross section column. PDF-column replay matches retained experimental label 3.1 A^2 exactly.",QEC_strict9_authoritative,${PROJECT_ROOT}\data\qec_results\incoming_2026_07_27\strict_new9_results_COMPLETE_2026_07_27_extracted\results\CO_cc-pVDZ_SE_HFSCF_10_2026-07-27T00-42-51\results\beb_xsec.dat,${ARCHIVE_ROOT}\nist_strict_usable_numeric_pairs_2026_07_30\paired_numeric\007_CO_BEB_vs_experiment.csv | ${ARCHIVE_ROOT}\outputs\no_qec_priority_2026_07_31\ready100_fixed_energy_with_existing_beb_no_qec.csv,curve_point | fixed_70_75eV,68,3,"NIST为获取载体；原作者题录已从实际series恢复，未逐篇全文复核全部原实验；Bose数值为70–75 eV综合/归一化汇总，原测量工作须通过原作者来源链追溯；Table A.7页号属thesis而非期刊正文 | Late source-column audit: this Bose value is a standardized experimental population mean, not a BEB or ML prediction. The actual Table A.7 mean column and transfer to the retained input were checked. This does not reconstruct every original laboratory measurement, scaling factor or confidence interval, and is separate from BEB structural validation.","2026-09-06 source audit: provenance reconstructed from the actual frozen training input files, with original experiment citations and acquisition carriers distinguished where recovered. This audit verifies source metadata, not independent re-digitisation of every numerical value. See source_completeness_status for unresolved source limitations. Earlier identity-level claims are retained separately as legacy metadata, not current verification.","original_nist_beb_reference=BEBW. Hwang, Y.-K. Kim and M.E. Rudd, J. Chem. Phys. 104, 2956 (1996). | NIST图BEB来源=BEBW. Hwang, Y.-K. Kim and M.E. Rudd, J. Chem. Phys. 104, 2956 (1996). | local_beb_match_method=exact_normalized_name_and_formula | local_beb_match_status=ready_fixed_energy_experiment_plus_local_beb | local_beb_registry_status=accepted | local_beb_source_path=${PROJECT_ROOT}\data\qec_results\incoming_2026_07_27\strict_new9_results_COMPLETE_2026_07_27_extracted\results\CO_cc-pVDZ_SE_HFSCF_10_2026-07-27T00-42-51\results\beb_xsec.dat | local_beb_source_type=QEC_strict9_authoritative",10.1063/1.1696957,C/F,67,0,Use every available experimental label. Apply a mask so each row contributes only to the energies/targets actually observed; do not invent missing curve points.,
carbon-tetrabromide,carbon tetrabromide,CBr4,experimental_peak_height,10.1002/sia.2091,"original_experiment_reference=Bart et al. 2001 ref. 18; DOI 10.1039/B009243F | Bart et al. (2001), DOI 10.1039/B009243F, cited as ref.18 in Scott and Irikura","Numerical carrier directly checked: Scott and Irikura (2005), DOI 10.1002/sia.2091, author manuscript Table 2, PDF p.11. 19.0 A^2 with quoted uncertainty 0.76 A^2; ECP-BEB 19.7 A^2. Table has peak amplitudes, not a common-energy observation or reported peak-energy column.",published_raw_ECP_BEB_peak,${ARCHIVE_ROOT}\outputs\no_qec_priority_2026_07_31\scott_irikura2005_new5_strict_peak_pairs_2026_08_02.csv,${ARCHIVE_ROOT}\outputs\no_qec_priority_2026_07_31\scott_irikura2005_new5_strict_peak_pairs_2026_08_02.csv,peak_height_numeric,1,1,"Earlier exact locator gap addressed for the source route named in the appended audit | Original author-manuscript numerical comparison table and its reference footnotes checked. The adopted numbers are recovered through this published theoretical comparison, not re-extracted from the earlier primary experimental paper. Not every original experimental paper has been independently read in full.","2026-09-06 source audit: provenance reconstructed from the actual frozen training input files, with original experiment citations and acquisition carriers distinguished where recovered. This audit verifies source metadata, not independent re-digitisation of every numerical value. See source_completeness_status for unresolved source limitations. Earlier identity-level claims are retained separately as legacy metadata, not current verification.",beb_curve_file=source_cache/scott_irikura_2005/si/ECP/cbr4.beb-ecp.bun,10.1002/sia.2091,P,0,0,Exact CBr4 identity; raw ECP-BEB result is independent of the measured peak. | Experiment 19.0 +/- 0.76 A2; raw ECP-BEB peak 19.7 A2. Original experiment: Bart et al. 2001 ref. 18; DOI 10.1039/B009243F. Circularity audit: pass_unfitted_raw_beb,"The finite energy in this peak-amplitude record originated from a calculated BEB peak, not a verified common-energy experimental/BEB observation. Keep the independently recorded peak amplitudes; do not expose theoretical peak energy as experimental energy. Conservative model-input policy: the retained peak-amplitude pair has no assigned energy."
carbon-tetrachloride,carbon tetrachloride,CCl4,experimental_peak_height,10.1088/0953-4075/34/15/309,10.1088/0953-4075/34/15/309,experimental_numeric_location=Mark Bart 2003 thesis PDF p62 Table 3.4,published_raw_uncorrected_BEB_peak,${ARCHIVE_ROOT}\outputs\no_qec_priority_2026_07_31\bart_hudson2001_new6_strict_peak_pairs_2026_08_02.csv,${ARCHIVE_ROOT}\outputs\no_qec_priority_2026_07_31\bart_hudson2001_new6_strict_peak_pairs_2026_08_02.csv,peak_height_numeric,1,2,来源元数据已找回；仍不等同对全部数值独立逐点复核,"2026-09-06 source audit: provenance reconstructed from the actual frozen training input files, with original experiment citations and acquisition carriers distinguished where recovered. This audit verifies source metadata, not independent re-digitisation of every numerical value. See source_completeness_status for unresolved source limitations. Earlier identity-level claims are retained separately as legacy metadata, not current verification.",beb_numeric_location=Mark Bart 2003 thesis PDF p142 Table 5.3 | beb_source=Bart thesis Table 5.3 raw uncorrected BEB,10.1088/0953-4075/34/15/309,P,0,0,Exact CCl4 identity; exclude the experimentally fitted corrected-BEB column. | Raw BEB peak 9.76 A2 at 96 eV; experiment 15.45 A2 at 71 eV. Circularity audit: pass_raw_BEB_only,"The finite energy in this peak-amplitude record originated from a calculated BEB peak, not a verified common-energy experimental/BEB observation. Keep the independently recorded peak amplitudes; do not expose theoretical peak energy as experimental energy. Conservative model-input policy: the retained peak-amplitude pair has no assigned energy. The original Bart table DOES report a separate experimental peak energy. It is recorded in this audit but is deliberately not substituted into a common-energy cross-section pair; the current finite model input is the BEB column. The experimental and BEB amplitudes remain separate maxima, not values at that same energy."
carbon-tetrafluoride,carbon tetrafluoride,CF4,experimental_curve_points,https://physics.nist.gov/cgi-bin/Ionization/graph_new.pl?element=CF4.0,"source_reference=H. Nishimura, W.M. Huo, M.A. Ali, and Y.-K. Kim, J. Chem. Phys. 110 , 3811 (1999). | source_reference=H. U. Poll, C. Winkler, D. Margreiter, V. Grill and T.D. Mï¿½rk, Int. J. Mass. Spectrom. Ion Processes 112 , 1 (1992). | source_reference=J.A. Beran and L. Kevan, J. Phys. Chem. 73 , 3866 (1969). | source_reference=L. G. Christophorou, J.K. Olthoff, and M.V.V.S. Rao, J. Phys. Chem. Ref. Data 25 , 1341 (1996). | source_reference=M. R. Bruce and R. A. Bonham, Int. J. Mass Spectrom. Ion Processes 123 . 97 (1993). | source_reference=M. V. V. S. Rao and S. K. Srivastava, XXth International Conference on the Physics of Electronic and Atomic Collisions, Abstract Mo 150. Edited by F. Aumayr, G. Betz and H. P. Winter, July 1997, Vienna, Austria. | original_nist_experiment_reference=H. Nishimura, W.M. Huo, M.A. Ali, and Y.-K. Kim, J. Chem. Phys. 110, 3811 (1999). | original_nist_experiment_reference=H. U. Poll, C. Winkler, D. Margreiter, V. Grill and T.D. M�rk, Int. J. Mass. Spectrom. Ion Processes 112, 1 (1992). | original_nist_experiment_reference=M. R. Bruce and R. A. Bonham, Int. J. Mass Spectrom. Ion Processes 123. 97 (1993). | original_nist_experiment_reference=M. V. V. S. Rao and S. K. Srivastava, XXth International Conference on the Physics of Electronic and Atomic Collisions, Abstract Mo 150. Edited by F. Aumayr, G. Betz and H. P. Winter, July 1997, Vienna, Austria. | original_nist_experiment_reference=J.A. Beran and L. Kevan, J. Phys. Chem. 73, 3866 (1969). | original_nist_experiment_reference=L. G. Christophorou, J.K. Olthoff, and M.V.V.S. Rao, J. Phys. Chem. Ref. Data 25, 1341 (1996).",dataset_id=exp_1 | dataset_id=exp_2 | dataset_id=exp_3 | dataset_id=exp_4 | dataset_id=exp_5 | dataset_id=exp_6,NIST_SRD107_numeric_BEB,${ARCHIVE_ROOT}\nist_strict_usable_numeric_pairs_2026_07_30\beb_numeric_corrected\008_CF4_BEB_corrected.csv,${ARCHIVE_ROOT}\nist_strict_usable_numeric_pairs_2026_07_30\paired_numeric\008_CF4_BEB_vs_experiment.csv,curve_point,85,0,NIST为获取载体；原作者题录已从实际series恢复，未逐篇全文复核全部原实验,"2026-09-06 source audit: provenance reconstructed from the actual frozen training input files, with original experiment citations and acquisition carriers distinguished where recovered. This audit verifies source metadata, not independent re-digitisation of every numerical value. See source_completeness_status for unresolved source limitations. Earlier identity-level claims are retained separately as legacy metadata, not current verification.","original_nist_beb_reference=BEB (RHF wave function) N. Nishimura, W.M. Huo, M.A. Ali, and Y.-K. Kim, J. Chem. Phys. 110, 3811 (1999) | NIST图BEB来源=BEB (RHF wave function) N. Nishimura, W.M. Huo, M.A. Ali, and Y.-K. Kim, J. Chem. Phys. 110, 3811 (1999)",;10.1021/jp210294p,C,85,0,Use every available experimental label. Apply a mask so each row contributes only to the energies/targets actually observed; do not invent missing curve points. | Additional label/source: Peak energy from Hudson thesis Table 3.4 (older height 4.77 A^2); Bull Table 2 supplies the retained peak height/error.,
carbonyl-sulfide,carbonyl sulfide,COS,experimental_curve_points;experimental_fixed_or_sparse_points,https://physics.nist.gov/cgi-bin/Ionization/graph_new.pl?element=COS.0 | 10.1021/acs.jpca.0c06308 | https://repository.lib.ncsu.edu/bitstreams/e76df401-02d2-4db1-903b-dad1b9e89fe0/download | https://pubs.acs.org/doi/10.1021/acs.jpca.0c06308,source_reference=S. K. Srivastava (Private Communication). | original_nist_experiment_reference=S. K. Srivastava (Private Communication). | source_title=Predicting Total Electron-Ionization Cross Sections and GC-MS Calibration Factors Using Machine Learning,"dataset_id=exp_1 | source_pdf_page=347 | source_printed_page=305 | source_table=Appendix A, Table A.7 | Bose numerical carrier: dissertation Table A.7, PDF p.347 / printed p.305, BOSE396_298, row 'Carbonyl sulfide', Mean cross section column. PDF-column replay matches retained experimental label 8.5 A^2 exactly.",NIST_SRD107_numeric_BEB,${ARCHIVE_ROOT}\nist_strict_usable_numeric_pairs_2026_07_30\beb_numeric_corrected\009_COS_BEB_corrected.csv,${ARCHIVE_ROOT}\nist_strict_usable_numeric_pairs_2026_07_30\paired_numeric\009_COS_BEB_vs_experiment.csv | ${ARCHIVE_ROOT}\outputs\no_qec_priority_2026_07_31\ready100_fixed_energy_with_existing_beb_no_qec.csv,curve_point | fixed_70_75eV,24,4,"NIST为获取载体；原作者题录已从实际series恢复，未逐篇全文复核全部原实验；Bose数值为70–75 eV综合/归一化汇总，原测量工作须通过原作者来源链追溯；Table A.7页号属thesis而非期刊正文；私人通信，经NIST间接取得，无独立原始论文可核 | Late source-column audit: this Bose value is a standardized experimental population mean, not a BEB or ML prediction. The actual Table A.7 mean column and transfer to the retained input were checked. This does not reconstruct every original laboratory measurement, scaling factor or confidence interval, and is separate from BEB structural validation.","2026-09-06 source audit: provenance reconstructed from the actual frozen training input files, with original experiment citations and acquisition carriers distinguished where recovered. This audit verifies source metadata, not independent re-digitisation of every numerical value. See source_completeness_status for unresolved source limitations. Earlier identity-level claims are retained separately as legacy metadata, not current verification.","original_nist_beb_reference=BEBY.-K. Kim, W. Hwang, N. M. Weinberger, M. A. Ali and M.E. Rudd, J. Chem. Phys. 106, 1026 (1997). | NIST图BEB来源=BEBY.-K. Kim, W. Hwang, N. M. Weinberger, M. A. Ali and M.E. Rudd, J. Chem. Phys. 106, 1026 (1997). | local_beb_match_method=exact_normalized_name_and_formula | local_beb_match_status=ready_fixed_energy_experiment_plus_local_beb | local_beb_registry_status=accepted_replacing_lower_priority | local_beb_source_path=${ARCHIVE_ROOT}\nist_strict_usable_numeric_pairs_2026_07_30\beb_numeric_corrected\009_COS_BEB_corrected.csv | local_beb_source_type=NIST_SRD107_numeric_BEB",https://physics.nist.gov/cgi-bin/Ionization/graph_new.pl?element=COS.0,C/F,23,0,Use every available experimental label. Apply a mask so each row contributes only to the energies/targets actually observed; do not invent missing curve points.,
chlorine,Chlorine,Cl2,experimental_fixed_or_sparse_points,10.1021/acs.jpca.0c06308 | https://repository.lib.ncsu.edu/bitstreams/e76df401-02d2-4db1-903b-dad1b9e89fe0/download | https://pubs.acs.org/doi/10.1021/acs.jpca.0c06308,source_title=Predicting Total Electron-Ionization Cross Sections and GC-MS Calibration Factors Using Machine Learning,"source_pdf_page=347 | source_printed_page=305 | source_table=Appendix A, Table A.7 | Bose numerical carrier: dissertation Table A.7, PDF p.347 / printed p.305, BOSE396_288, row 'Chlorine', Mean cross section column. PDF-column replay matches retained experimental label 8.5 A^2 exactly.",QEC_new32_exact_manifest,new32_qec_beb_successful30_2026_07_30.tar.gz::Cl2_cc-pVDZ_SE_HFSCF_10_2026-07-30T00-15-42/results/beb_xsec.dat,${ARCHIVE_ROOT}\outputs\no_qec_priority_2026_07_31\ready100_fixed_energy_with_existing_beb_no_qec.csv,fixed_70_75eV,1,3,"Bose数值为70–75 eV综合/归一化汇总，原测量工作须通过原作者来源链追溯；Table A.7页号属thesis而非期刊正文 | Late source-column audit: this Bose value is a standardized experimental population mean, not a BEB or ML prediction. The actual Table A.7 mean column and transfer to the retained input were checked. This does not reconstruct every original laboratory measurement, scaling factor or confidence interval, and is separate from BEB structural validation.","2026-09-06 source audit: provenance reconstructed from the actual frozen training input files, with original experiment citations and acquisition carriers distinguished where recovered. This audit verifies source metadata, not independent re-digitisation of every numerical value. See source_completeness_status for unresolved source limitations. Earlier identity-level claims are retained separately as legacy metadata, not current verification.",local_beb_match_method=exact_normalized_name_and_formula | local_beb_match_status=ready_fixed_energy_experiment_plus_local_beb | local_beb_registry_status=accepted | local_beb_source_path=new32_qec_beb_successful30_2026_07_30.tar.gz::Cl2_cc-pVDZ_SE_HFSCF_10_2026-07-30T00-15-42/results/beb_xsec.dat | local_beb_source_type=QEC_new32_exact_manifest,10.1021/acs.jpca.0c06308,F,0,0,Use every available experimental label. Apply a mask so each row contributes only to the energies/targets actually observed; do not invent missing curve points.,
chlorodifluoromethane,chlorodifluoromethane,CHClF2,experimental_fixed_or_sparse_points,10.1021/acs.jpca.0c06308,10.1021/acs.jpca.0c06308,"experiment_location=Appendix A, Table A.7; source PDF p.354, printed p.312",NIST_SRD107_numeric_BEB,${ARCHIVE_ROOT}\outputs\no_qec_priority_2026_07_31\nist_beb_expansion_2026_07_31\chlorodifluoromethane_CHClF2_NIST_BEB.csv,${ARCHIVE_ROOT}\outputs\no_qec_priority_2026_07_31\new25_incremental_identity_ledger_2026_08_01.csv,fixed_energy_numeric,1,4,Bose数值为70–75 eV综合/归一化汇总，原测量工作须通过原作者来源链追溯；Table A.7页号属thesis而非期刊正文,"2026-09-06 source audit: provenance reconstructed from the actual frozen training input files, with original experiment citations and acquisition carriers distinguished where recovered. This audit verifies source metadata, not independent re-digitisation of every numerical value. See source_completeness_status for unresolved source limitations. Earlier identity-level claims are retained separately as legacy metadata, not current verification.",beb_doi=NIST SRD 107 | beb_local_path=${ARCHIVE_ROOT}\outputs\no_qec_priority_2026_07_31\nist_beb_expansion_2026_07_31\chlorodifluoromethane_CHClF2_NIST_BEB.csv | beb_location=https://physics.nist.gov/cgi-bin/Ionization/table.pl?ionization=CHClF2 | beb_numeric_scope=full_numeric_curve,10.1021/acs.jpca.0c06308,F,0,0,"Exact isomer/name and formula match: Bose ""Difluorochloromethane"" = NIST ""Chlorodifluoromethane"" (CHClF2)",
chloroethane,chloroethane,C2H5Cl,experimental_curve_points,https://ir.canterbury.ac.nz/server/api/core/bitstreams/7106f9ca-1e1a-47c9-8224-7886f52b012e/content,https://ir.canterbury.ac.nz/server/api/core/bitstreams/7106f9ca-1e1a-47c9-8224-7886f52b012e/content,Exact location not recovered,QEC_old45_exact_XYZ_reaudited,${PROJECT_ROOT}\data\qec_results\incoming_2026_07_27\audit_all45_complete_2026_07_27_extracted\results\C2ClH5_cc-pVDZ_SE_HFSCF_10_2026-07-26T20-47-17\results\beb_xsec.dat,${PROJECT_ROOT}\data\processed\expanded_measured_total_master_2026_07_26.csv,curve_point,28,0,BEB文件已定位，仍须将该具体基线文件映射至原始BEB出版物/计算记录，勿只依文件名声称已核；源记录仍未给出足够具体页/表/图位置,"2026-09-06 source audit: provenance reconstructed from the actual frozen training input files, with original experiment citations and acquisition carriers distinguished where recovered. This audit verifies source metadata, not independent re-digitisation of every numerical value. See source_completeness_status for unresolved source limitations. Earlier identity-level claims are retained separately as legacy metadata, not current verification.",冻结身份注册表基线：QEC_old45_exact_XYZ_reaudited; ${PROJECT_ROOT}\data\qec_results\incoming_2026_07_27\audit_all45_complete_2026_07_27_extracted\results\C2ClH5_cc-pVDZ_SE_HFSCF_10_2026-07-26T20-47-17\results\beb_xsec.dat,https://ir.canterbury.ac.nz/server/api/core/bitstreams/7106f9ca-1e1a-47c9-8224-7886f52b012e/content,C,28,0,Use every available experimental label. Apply a mask so each row contributes only to the energies/targets actually observed; do not invent missing curve points. Experimental curve digitised from Bart's 1994 thesis and paired with the audited local QEC BEB curve.,
chloroform,chloroform,CHCl3,experimental_curve_points,https://ir.canterbury.ac.nz/server/api/core/bitstreams/7106f9ca-1e1a-47c9-8224-7886f52b012e/content,https://ir.canterbury.ac.nz/server/api/core/bitstreams/7106f9ca-1e1a-47c9-8224-7886f52b012e/content,Exact location not recovered,QEC_old45_exact_XYZ_reaudited,${PROJECT_ROOT}\data\qec_results\incoming_2026_07_27\audit_all45_complete_2026_07_27_extracted\results\CCl3H_cc-pVDZ_SE_HFSCF_10_2026-07-24T18-08-53\results\beb_xsec.dat,${PROJECT_ROOT}\data\processed\expanded_measured_total_master_2026_07_26.csv,curve_point,28,1,BEB文件已定位，仍须将该具体基线文件映射至原始BEB出版物/计算记录，勿只依文件名声称已核；源记录仍未给出足够具体页/表/图位置,"2026-09-06 source audit: provenance reconstructed from the actual frozen training input files, with original experiment citations and acquisition carriers distinguished where recovered. This audit verifies source metadata, not independent re-digitisation of every numerical value. See source_completeness_status for unresolved source limitations. Earlier identity-level claims are retained separately as legacy metadata, not current verification.",冻结身份注册表基线：QEC_old45_exact_XYZ_reaudited; ${PROJECT_ROOT}\data\qec_results\incoming_2026_07_27\audit_all45_complete_2026_07_27_extracted\results\CCl3H_cc-pVDZ_SE_HFSCF_10_2026-07-24T18-08-53\results\beb_xsec.dat,https://ir.canterbury.ac.nz/server/api/core/bitstreams/7106f9ca-1e1a-47c9-8224-7886f52b012e/content,C,28,0,Use every available experimental label. Apply a mask so each row contributes only to the energies/targets actually observed; do not invent missing curve points. Experimental curve digitised from Bart's 1994 thesis and paired with the audited local QEC BEB curve.,
chloromethane,chloromethane,CH3Cl,experimental_curve_points,10.1063/1.1506152 | https://ir.canterbury.ac.nz/server/api/core/bitstreams/7106f9ca-1e1a-47c9-8224-7886f52b012e/content | https://www.ruf.rice.edu/~atmol/electron_data.html,10.1063/1.1506152 | https://ir.canterbury.ac.nz/server/api/core/bitstreams/7106f9ca-1e1a-47c9-8224-7886f52b012e/content | https://www.ruf.rice.edu/~atmol/electron_data.html,Exact location not recovered,QEC_old45_exact_XYZ_reaudited,${PROJECT_ROOT}\data\qec_results\incoming_2026_07_27\audit_all45_complete_2026_07_27_extracted\results\CClH3_cc-pVDZ_SE_HFSCF_10_2026-07-24T18-02-26\results\beb_xsec.dat,${PROJECT_ROOT}\data\processed\expanded_measured_total_master_2026_07_26.csv,curve_point,45,3,BEB文件已定位，仍须将该具体基线文件映射至原始BEB出版物/计算记录，勿只依文件名声称已核；源记录仍未给出足够具体页/表/图位置,"2026-09-06 source audit: provenance reconstructed from the actual frozen training input files, with original experiment citations and acquisition carriers distinguished where recovered. This audit verifies source metadata, not independent re-digitisation of every numerical value. See source_completeness_status for unresolved source limitations. Earlier identity-level claims are retained separately as legacy metadata, not current verification.",冻结身份注册表基线：QEC_old45_exact_XYZ_reaudited; ${PROJECT_ROOT}\data\qec_results\incoming_2026_07_27\audit_all45_complete_2026_07_27_extracted\results\CClH3_cc-pVDZ_SE_HFSCF_10_2026-07-24T18-02-26\results\beb_xsec.dat,https://doi.org/10.1063/1.1506152 | https://ir.canterbury.ac.nz/server/api/core/bitstreams/7106f9ca-1e1a-47c9-8224-7886f52b012e/content,C,45,0,Use every available experimental label. Apply a mask so each row contributes only to the energies/targets actually observed; do not invent missing curve points. Training rows combine an audited measured partial-channel sum and a digitised total-curve figure; the two evidence routes remain identified in the row-level table.,
chlorotrifluoromethane,chlorotrifluoromethane,CF3Cl,experimental_fixed_or_sparse_points,10.1021/acs.jpca.0c06308 | https://repository.lib.ncsu.edu/bitstreams/e76df401-02d2-4db1-903b-dad1b9e89fe0/download | https://pubs.acs.org/doi/10.1021/acs.jpca.0c06308,source_title=Predicting Total Electron-Ionization Cross Sections and GC-MS Calibration Factors Using Machine Learning,"source_pdf_page=353 | source_printed_page=311 | source_table=Appendix A, Table A.7 | Bose numerical carrier: dissertation Table A.7, PDF p.353 / printed p.311, BOSE396_376, row 'Trifluorochloromethane', Mean cross section column. PDF-column replay matches retained experimental label 7.5 A^2 exactly.",published_numeric_BEB,${ARCHIVE_ROOT}\existing_beb_150_checkpoint_2026_07_30\beb_numeric\136_chlorotrifluoromethane_BEB.csv,${ARCHIVE_ROOT}\outputs\no_qec_priority_2026_07_31\ready100_fixed_energy_with_existing_beb_no_qec.csv,fixed_70_75eV,1,0,"Bose数值为70–75 eV综合/归一化汇总，原测量工作须通过原作者来源链追溯；Table A.7页号属thesis而非期刊正文 | Late source-column audit: this Bose value is a standardized experimental population mean, not a BEB or ML prediction. The actual Table A.7 mean column and transfer to the retained input were checked. This does not reconstruct every original laboratory measurement, scaling factor or confidence interval, and is separate from BEB structural validation.","2026-09-06 source audit: provenance reconstructed from the actual frozen training input files, with original experiment citations and acquisition carriers distinguished where recovered. This audit verifies source metadata, not independent re-digitisation of every numerical value. See source_completeness_status for unresolved source limitations. Earlier identity-level claims are retained separately as legacy metadata, not current verification.",local_beb_match_method=curated_synonym_or_isomer_alias_and_formula | local_beb_match_status=ready_fixed_energy_experiment_plus_local_beb | local_beb_registry_status=accepted | local_beb_source_path=${ARCHIVE_ROOT}\existing_beb_150_checkpoint_2026_07_30\beb_numeric\136_chlorotrifluoromethane_BEB.csv | local_beb_source_type=published_numeric_BEB | 已出版数值BEB：https://doi.org/10.1016/S1387-3806(02)00981-8; BEB curve; official NIST ASCII token CClF3,10.1021/acs.jpca.0c06308,F,0,0,Use every available experimental label. Apply a mask so each row contributes only to the energies/targets actually observed; do not invent missing curve points.,
cyclobutane,cyclobutane,C4H8,experimental_fixed_or_sparse_points,10.1021/acs.jpca.0c06308 | https://repository.lib.ncsu.edu/bitstreams/e76df401-02d2-4db1-903b-dad1b9e89fe0/download,10.1021/acs.jpca.0c06308,"experimental_source_location=Appendix A, Table A.7; PDF page 335; printed page 293 | Bose numerical carrier: dissertation Table A.7, PDF p.335 / printed p.293, BOSE396_113, row 'Cyclobutane', Mean cross section column. PDF-column replay matches retained experimental label 8.6 A^2 exactly.",Zhong_database_published_numeric_BEB,${ARCHIVE_ROOT}\source_cache\zhong_database_88_extracted\id_28\C4H8.csv,${ARCHIVE_ROOT}\outputs\no_qec_priority_2026_07_31\zhong_bose8_strict_fixed_energy_pairs_2026_08_01.csv,fixed_70_75eV,1,1,"Bose数值为70–75 eV综合/归一化汇总，原测量工作须通过原作者来源链追溯；Table A.7页号属thesis而非期刊正文 | Late source-column audit: this Bose value is a standardized experimental population mean, not a BEB or ML prediction. The actual Table A.7 mean column and transfer to the retained input were checked. This does not reconstruct every original laboratory measurement, scaling factor or confidence interval, and is separate from BEB structural validation.","2026-09-06 source audit: provenance reconstructed from the actual frozen training input files, with original experiment citations and acquisition carriers distinguished where recovered. This audit verifies source metadata, not independent re-digitisation of every numerical value. See source_completeness_status for unresolved source limitations. Earlier identity-level claims are retained separately as legacy metadata, not current verification.",beb_curve_path=${ARCHIVE_ROOT}\source_cache\zhong_database_88_extracted\id_28\C4H8.csv | beb_source_doi=10.1063/5.0054342 | beb_source_type=Zhong_database_published_numeric_BEB,10.1021/acs.jpca.0c06308,F,0,0,Exact chemical name and formula match between the experimental table and database metadata; no formula-only isomer inference. | Fixed-energy experimental supervision label; missing experimental energies remain masked and are never invented.,
cyclohexane,Cyclohexane,C6H12,experimental_fixed_or_sparse_points,10.1021/acs.jpca.0c06308 | https://repository.lib.ncsu.edu/bitstreams/e76df401-02d2-4db1-903b-dad1b9e89fe0/download | https://pubs.acs.org/doi/10.1021/acs.jpca.0c06308,source_title=Predicting Total Electron-Ionization Cross Sections and GC-MS Calibration Factors Using Machine Learning,"source_pdf_page=335 | source_printed_page=293 | source_table=Appendix A, Table A.7 | Bose numerical carrier: dissertation Table A.7, PDF p.335 / printed p.293, BOSE396_115, row 'Cyclohexane', Mean cross section column. PDF-column replay matches retained experimental label 17.3 A^2 exactly.",QEC_new32_exact_manifest,new32_qec_beb_successful30_2026_07_30.tar.gz::C6H12_cc-pVDZ_SE_HFSCF_10_2026-07-30T18-52-10/results/beb_xsec.dat,${ARCHIVE_ROOT}\outputs\no_qec_priority_2026_07_31\ready100_fixed_energy_with_existing_beb_no_qec.csv,fixed_70_75eV,1,2,"Bose数值为70–75 eV综合/归一化汇总，原测量工作须通过原作者来源链追溯；Table A.7页号属thesis而非期刊正文 | Late source-column audit: this Bose value is a standardized experimental population mean, not a BEB or ML prediction. The actual Table A.7 mean column and transfer to the retained input were checked. This does not reconstruct every original laboratory measurement, scaling factor or confidence interval, and is separate from BEB structural validation.","2026-09-06 source audit: provenance reconstructed from the actual frozen training input files, with original experiment citations and acquisition carriers distinguished where recovered. This audit verifies source metadata, not independent re-digitisation of every numerical value. See source_completeness_status for unresolved source limitations. Earlier identity-level claims are retained separately as legacy metadata, not current verification.",local_beb_match_method=exact_normalized_name_and_formula | local_beb_match_status=ready_fixed_energy_experiment_plus_local_beb | local_beb_registry_status=accepted | local_beb_source_path=new32_qec_beb_successful30_2026_07_30.tar.gz::C6H12_cc-pVDZ_SE_HFSCF_10_2026-07-30T18-52-10/results/beb_xsec.dat | local_beb_source_type=QEC_new32_exact_manifest,10.1021/acs.jpca.0c06308,F,0,0,Use every available experimental label. Apply a mask so each row contributes only to the energies/targets actually observed; do not invent missing curve points.,
cyclohexene,Cyclohexene,C6H10,experimental_fixed_or_sparse_points,10.1021/acs.jpca.0c06308 | https://repository.lib.ncsu.edu/bitstreams/e76df401-02d2-4db1-903b-dad1b9e89fe0/download | https://pubs.acs.org/doi/10.1021/acs.jpca.0c06308,source_title=Predicting Total Electron-Ionization Cross Sections and GC-MS Calibration Factors Using Machine Learning,"source_pdf_page=335 | source_printed_page=293 | source_table=Appendix A, Table A.7 | Bose numerical carrier: dissertation Table A.7, PDF p.335 / printed p.293, BOSE396_117, row 'Cyclohexene', Mean cross section column. PDF-column replay matches retained experimental label 16.3 A^2 exactly.",QEC_new32_exact_manifest,new32_qec_beb_successful30_2026_07_30.tar.gz::C6H10_cc-pVDZ_SE_HFSCF_10_2026-07-30T17-30-03/results/beb_xsec.dat,${ARCHIVE_ROOT}\outputs\no_qec_priority_2026_07_31\ready100_fixed_energy_with_existing_beb_no_qec.csv,fixed_70_75eV,1,3,"Bose数值为70–75 eV综合/归一化汇总，原测量工作须通过原作者来源链追溯；Table A.7页号属thesis而非期刊正文 | Late source-column audit: this Bose value is a standardized experimental population mean, not a BEB or ML prediction. The actual Table A.7 mean column and transfer to the retained input were checked. This does not reconstruct every original laboratory measurement, scaling factor or confidence interval, and is separate from BEB structural validation.","2026-09-06 source audit: provenance reconstructed from the actual frozen training input files, with original experiment citations and acquisition carriers distinguished where recovered. This audit verifies source metadata, not independent re-digitisation of every numerical value. See source_completeness_status for unresolved source limitations. Earlier identity-level claims are retained separately as legacy metadata, not current verification.",local_beb_match_method=exact_normalized_name_and_formula | local_beb_match_status=ready_fixed_energy_experiment_plus_local_beb | local_beb_registry_status=accepted | local_beb_source_path=new32_qec_beb_successful30_2026_07_30.tar.gz::C6H10_cc-pVDZ_SE_HFSCF_10_2026-07-30T17-30-03/results/beb_xsec.dat | local_beb_source_type=QEC_new32_exact_manifest,10.1021/acs.jpca.0c06308,F,0,0,Use every available experimental label. Apply a mask so each row contributes only to the energies/targets actually observed; do not invent missing curve points.,
cyclopentane,Cyclopentane,C5H10,experimental_fixed_or_sparse_points,10.1021/acs.jpca.0c06308 | https://repository.lib.ncsu.edu/bitstreams/e76df401-02d2-4db1-903b-dad1b9e89fe0/download | https://pubs.acs.org/doi/10.1021/acs.jpca.0c06308,source_title=Predicting Total Electron-Ionization Cross Sections and GC-MS Calibration Factors Using Machine Learning,"source_pdf_page=335 | source_printed_page=293 | source_table=Appendix A, Table A.7 | Bose numerical carrier: dissertation Table A.7, PDF p.335 / printed p.293, BOSE396_114, row 'Cyclopentane', Mean cross section column. PDF-column replay matches retained experimental label 15.9 A^2 exactly.",QEC_new32_exact_manifest,new32_qec_beb_successful30_2026_07_30.tar.gz::C5H10_cc-pVDZ_SE_HFSCF_10_2026-07-30T16-46-21/results/beb_xsec.dat,${ARCHIVE_ROOT}\outputs\no_qec_priority_2026_07_31\ready100_fixed_energy_with_existing_beb_no_qec.csv,fixed_70_75eV,1,4,"Bose数值为70–75 eV综合/归一化汇总，原测量工作须通过原作者来源链追溯；Table A.7页号属thesis而非期刊正文 | Late source-column audit: this Bose value is a standardized experimental population mean, not a BEB or ML prediction. The actual Table A.7 mean column and transfer to the retained input were checked. This does not reconstruct every original laboratory measurement, scaling factor or confidence interval, and is separate from BEB structural validation.","2026-09-06 source audit: provenance reconstructed from the actual frozen training input files, with original experiment citations and acquisition carriers distinguished where recovered. This audit verifies source metadata, not independent re-digitisation of every numerical value. See source_completeness_status for unresolved source limitations. Earlier identity-level claims are retained separately as legacy metadata, not current verification.",local_beb_match_method=exact_normalized_name_and_formula | local_beb_match_status=ready_fixed_energy_experiment_plus_local_beb | local_beb_registry_status=accepted | local_beb_source_path=new32_qec_beb_successful30_2026_07_30.tar.gz::C5H10_cc-pVDZ_SE_HFSCF_10_2026-07-30T16-46-21/results/beb_xsec.dat | local_beb_source_type=QEC_new32_exact_manifest,10.1021/acs.jpca.0c06308,F,0,0,Use every available experimental label. Apply a mask so each row contributes only to the energies/targets actually observed; do not invent missing curve points.,
cyclopentanone,cyclopentanone,C5H8O,experimental_fixed_or_sparse_points,10.1021/acs.jpca.0c06308 | https://repository.lib.ncsu.edu/bitstreams/e76df401-02d2-4db1-903b-dad1b9e89fe0/download,10.1021/acs.jpca.0c06308,"experimental_source_location=Appendix A, Table A.7; PDF page 339; printed page 297 | Bose numerical carrier: dissertation Table A.7, PDF p.339 / printed p.297, BOSE396_170, row 'Cyclopentanone', Mean cross section column. PDF-column replay matches retained experimental label 12.7 A^2 exactly.",Zhong_database_published_numeric_BEB,${ARCHIVE_ROOT}\source_cache\zhong_database_88_extracted\id_53\C5H8O.csv,${ARCHIVE_ROOT}\outputs\no_qec_priority_2026_07_31\zhong_bose8_strict_fixed_energy_pairs_2026_08_01.csv,fixed_70_75eV,1,0,"Bose数值为70–75 eV综合/归一化汇总，原测量工作须通过原作者来源链追溯；Table A.7页号属thesis而非期刊正文 | Late source-column audit: this Bose value is a standardized experimental population mean, not a BEB or ML prediction. The actual Table A.7 mean column and transfer to the retained input were checked. This does not reconstruct every original laboratory measurement, scaling factor or confidence interval, and is separate from BEB structural validation.","2026-09-06 source audit: provenance reconstructed from the actual frozen training input files, with original experiment citations and acquisition carriers distinguished where recovered. This audit verifies source metadata, not independent re-digitisation of every numerical value. See source_completeness_status for unresolved source limitations. Earlier identity-level claims are retained separately as legacy metadata, not current verification.",beb_curve_path=${ARCHIVE_ROOT}\source_cache\zhong_database_88_extracted\id_53\C5H8O.csv | beb_source_doi=10.1063/5.0054342 | beb_source_type=Zhong_database_published_numeric_BEB,10.1021/acs.jpca.0c06308,F,0,0,Exact chemical name and formula match between the experimental table and database metadata; no formula-only isomer inference. | Fixed-energy experimental supervision label; missing experimental energies remain masked and are never invented.,
cyclopropane,cyclopropane,C3H6,experimental_fixed_or_sparse_points,10.1021/acs.jpca.0c06308 | https://repository.lib.ncsu.edu/bitstreams/e76df401-02d2-4db1-903b-dad1b9e89fe0/download,10.1021/acs.jpca.0c06308,"experimental_source_location=Appendix A, Table A.7; PDF page 335; printed page 293 | Bose numerical carrier: dissertation Table A.7, PDF p.335 / printed p.293, BOSE396_112, row 'Cyclopropane', Mean cross section column. PDF-column replay matches retained experimental label 10.1 A^2 exactly.",Zhong_database_published_numeric_BEB,${ARCHIVE_ROOT}\source_cache\zhong_database_88_extracted\id_22\C3H6.csv,${ARCHIVE_ROOT}\outputs\no_qec_priority_2026_07_31\zhong_bose8_strict_fixed_energy_pairs_2026_08_01.csv,fixed_70_75eV,1,1,"Bose数值为70–75 eV综合/归一化汇总，原测量工作须通过原作者来源链追溯；Table A.7页号属thesis而非期刊正文 | Late source-column audit: this Bose value is a standardized experimental population mean, not a BEB or ML prediction. The actual Table A.7 mean column and transfer to the retained input were checked. This does not reconstruct every original laboratory measurement, scaling factor or confidence interval, and is separate from BEB structural validation.","2026-09-06 source audit: provenance reconstructed from the actual frozen training input files, with original experiment citations and acquisition carriers distinguished where recovered. This audit verifies source metadata, not independent re-digitisation of every numerical value. See source_completeness_status for unresolved source limitations. Earlier identity-level claims are retained separately as legacy metadata, not current verification.",beb_curve_path=${ARCHIVE_ROOT}\source_cache\zhong_database_88_extracted\id_22\C3H6.csv | beb_source_doi=10.1063/5.0054342 | beb_source_type=Zhong_database_published_numeric_BEB,10.1021/acs.jpca.0c06308,F,0,0,Exact chemical name and formula match between the experimental table and database metadata; no formula-only isomer inference. | Fixed-energy experimental supervision label; missing experimental energies remain masked and are never invented.,
dibromomethane,dibromomethane,CH2Br2,experimental_peak_height,10.1039/B009243F,10.1039/B009243F,experimental_numeric_location=Mark Bart 2003 thesis PDF p62 Table 3.4,published_raw_uncorrected_BEB_peak,${ARCHIVE_ROOT}\outputs\no_qec_priority_2026_07_31\bart_hudson2001_new6_strict_peak_pairs_2026_08_02.csv,${ARCHIVE_ROOT}\outputs\no_qec_priority_2026_07_31\bart_hudson2001_new6_strict_peak_pairs_2026_08_02.csv,peak_height_numeric,1,2,来源元数据已找回；仍不等同对全部数值独立逐点复核,"2026-09-06 source audit: provenance reconstructed from the actual frozen training input files, with original experiment citations and acquisition carriers distinguished where recovered. This audit verifies source metadata, not independent re-digitisation of every numerical value. See source_completeness_status for unresolved source limitations. Earlier identity-level claims are retained separately as legacy metadata, not current verification.",beb_numeric_location=Mark Bart 2003 thesis PDF p142 Table 5.3 | beb_source=Bart thesis Table 5.3 raw uncorrected BEB,10.1039/B009243F,P,0,0,Exact CH2Br2 identity; exclude the experimentally fitted corrected-BEB column. | Raw BEB peak 7.76 A2 at 86 eV; experiment 11.67 A2 at 78 eV. Circularity audit: pass_raw_BEB_only,"The finite energy in this peak-amplitude record originated from a calculated BEB peak, not a verified common-energy experimental/BEB observation. Keep the independently recorded peak amplitudes; do not expose theoretical peak energy as experimental energy. Conservative model-input policy: the retained peak-amplitude pair has no assigned energy. The original Bart table DOES report a separate experimental peak energy. It is recorded in this audit but is deliberately not substituted into a common-energy cross-section pair; the current finite model input is the BEB column. The experimental and BEB amplitudes remain separate maxima, not values at that same energy."
dichlorodifluoromethane,dichlorodifluoromethane,CCl2F2,experimental_curve_points,10.1063/1.1761055 | https://www.ruf.rice.edu/~atmol/electron_data.html,"10.1063/1.1761055 | https://www.ruf.rice.edu/~atmol/electron_data.html | B. G. Lindsay et al., Electron-impact ionization of CCl4 and CCl2F2, JCP 121 (2004) 1350–1356; DOI 10.1063/1.1761055",Exact location not recovered,published_numeric_BEB,${ARCHIVE_ROOT}\existing_beb_150_checkpoint_2026_07_30\beb_numeric\135_dichlorodifluoromethane_BEB.csv,${PROJECT_ROOT}\data\processed\expanded_measured_total_master_2026_07_26.csv,curve_point,14,3,源记录仍未给出足够具体页/表/图位置,"2026-09-06 source audit: provenance reconstructed from the actual frozen training input files, with original experiment citations and acquisition carriers distinguished where recovered. This audit verifies source metadata, not independent re-digitisation of every numerical value. See source_completeness_status for unresolved source limitations. Earlier identity-level claims are retained separately as legacy metadata, not current verification.",已出版数值BEB：https://doi.org/10.1016/S1387-3806(02)00981-8; BEB curve; official NIST ASCII token CCl2F2,10.1063/1.1769354,C,14,0,Use every available experimental label. Apply a mask so each row contributes only to the energies/targets actually observed; do not invent missing curve points.,
dichlorofluoromethane,dichlorofluoromethane,CHCl2F,experimental_fixed_or_sparse_points,10.1021/acs.jpca.0c06308,10.1021/acs.jpca.0c06308,"experiment_location=Appendix A, Table A.7; source PDF p.354, printed p.312",NIST_SRD107_numeric_BEB,${ARCHIVE_ROOT}\outputs\no_qec_priority_2026_07_31\nist_beb_expansion_2026_07_31\dichlorofluoromethane_CHCl2F_NIST_BEB.csv,${ARCHIVE_ROOT}\outputs\no_qec_priority_2026_07_31\new25_incremental_identity_ledger_2026_08_01.csv,fixed_energy_numeric,1,3,Bose数值为70–75 eV综合/归一化汇总，原测量工作须通过原作者来源链追溯；Table A.7页号属thesis而非期刊正文,"2026-09-06 source audit: provenance reconstructed from the actual frozen training input files, with original experiment citations and acquisition carriers distinguished where recovered. This audit verifies source metadata, not independent re-digitisation of every numerical value. See source_completeness_status for unresolved source limitations. Earlier identity-level claims are retained separately as legacy metadata, not current verification.",beb_doi=NIST SRD 107 | beb_local_path=${ARCHIVE_ROOT}\outputs\no_qec_priority_2026_07_31\nist_beb_expansion_2026_07_31\dichlorofluoromethane_CHCl2F_NIST_BEB.csv | beb_location=https://physics.nist.gov/cgi-bin/Ionization/table.pl?ionization=CHCl2F | beb_numeric_scope=full_numeric_curve,10.1021/acs.jpca.0c06308,F,0,0,"Exact isomer/name and formula match: Bose ""Fluoro-dichloro-methane"" = NIST ""Dichlorofluoromethane"" (CHCl2F)",
dichloromethane,dichloromethane,CH2Cl2,experimental_peak_height,10.1088/0953-4075/34/15/309,10.1088/0953-4075/34/15/309,experimental_numeric_location=Mark Bart 2003 thesis PDF p62 Table 3.4,published_raw_uncorrected_BEB_peak,${ARCHIVE_ROOT}\outputs\no_qec_priority_2026_07_31\bart_hudson2001_dichloromethane_strict_peak_pair_2026_08_02.csv,${ARCHIVE_ROOT}\outputs\no_qec_priority_2026_07_31\bart_hudson2001_dichloromethane_strict_peak_pair_2026_08_02.csv,peak_height_numeric,1,4,来源元数据已找回；仍不等同对全部数值独立逐点复核,"2026-09-06 source audit: provenance reconstructed from the actual frozen training input files, with original experiment citations and acquisition carriers distinguished where recovered. This audit verifies source metadata, not independent re-digitisation of every numerical value. See source_completeness_status for unresolved source limitations. Earlier identity-level claims are retained separately as legacy metadata, not current verification.",beb_numeric_location=Mark Bart 2003 thesis PDF p142 Table 5.3 | beb_source=Bart thesis Table 5.3 raw uncorrected BEB,10.1088/0953-4075/34/15/309,P,0,0,Exact CH2Cl2 identity; exclude the experimentally fitted corrected-BEB column. | Raw BEB peak 6.69 A2 at 90 eV; experiment 9.35 A2 at 74 eV. Circularity audit: pass_raw_BEB_only,"The finite energy in this peak-amplitude record originated from a calculated BEB peak, not a verified common-energy experimental/BEB observation. Keep the independently recorded peak amplitudes; do not expose theoretical peak energy as experimental energy. Conservative model-input policy: the retained peak-amplitude pair has no assigned energy. The original Bart table DOES report a separate experimental peak energy. It is recorded in this audit but is deliberately not substituted into a common-energy cross-section pair; the current finite model input is the BEB column. The experimental and BEB amplitudes remain separate maxima, not values at that same energy."
diethyl-ether,diethyl ether,C4H10O,experimental_curve_points;experimental_fixed_or_sparse_points;experimental_peak_height,10.1016/j.ijms.2008.03.003 | 10.1021/jp210294p | https://pubs.acs.org/doi/10.1021/jp210294p | 10.1021/acs.jpca.0c06308 | https://repository.lib.ncsu.edu/bitstreams/e76df401-02d2-4db1-903b-dad1b9e89fe0/download | https://pubs.acs.org/doi/10.1021/acs.jpca.0c06308,source_title=Predicting Total Electron-Ionization Cross Sections and GC-MS Calibration Factors Using Machine Learning,"table_or_figure=Table 2; Fig.3/Table2 a | source_page_table_figure=printed p. 769; Table 2 | source_pdf_page=337 | source_printed_page=295 | source_table=Appendix A, Table A.7 | Bose numerical carrier: dissertation Table A.7, PDF p.337 / printed p.295, BOSE396_137, row 'Diethylether', Mean cross section column. PDF-column replay matches retained experimental label 13.0 A^2 exactly.",QEC_core17_authoritative,qec_first18_results_2026_07_24.tar.gz::results/C4H10O_cc-pVDZ_SE_HFSCF_10_2026-07-23T21-23-31/results/beb_xsec.dat,${ARCHIVE_ROOT}\outputs\no_qec_priority_2026_07_31\agent_bull2012_peak32.csv | ${ARCHIVE_ROOT}\outputs\no_qec_priority_2026_07_31\ready100_fixed_energy_with_existing_beb_no_qec.csv | ${PROJECT_ROOT}\data\processed\qec_low_energy_priority_curve_points_2026_07_26.csv,curve_point | fixed_70_75eV | peak_height,57,3,"Bose数值为70–75 eV综合/归一化汇总，原测量工作须通过原作者来源链追溯；Table A.7页号属thesis而非期刊正文 | Late source-column audit: this Bose value is a standardized experimental population mean, not a BEB or ML prediction. The actual Table A.7 mean column and transfer to the retained input were checked. This does not reconstruct every original laboratory measurement, scaling factor or confidence interval, and is separate from BEB structural validation.","2026-09-06 source audit: provenance reconstructed from the actual frozen training input files, with original experiment citations and acquisition carriers distinguished where recovered. This audit verifies source metadata, not independent re-digitisation of every numerical value. See source_completeness_status for unresolved source limitations. Earlier identity-level claims are retained separately as legacy metadata, not current verification.",local_beb_match_method=exact_normalized_name_and_formula | local_beb_match_status=ready_fixed_energy_experiment_plus_local_beb | local_beb_registry_status=accepted | local_beb_source_path=qec_first18_results_2026_07_24.tar.gz::results/C4H10O_cc-pVDZ_SE_HFSCF_10_2026-07-23T21-23-31/results/beb_xsec.dat | local_beb_source_type=QEC_core17_authoritative,10.1016/j.ijms.2008.03.003;10.1021/jp210294p,C/F/P,55,0,Use every available experimental label. Apply a mask so each row contributes only to the energies/targets actually observed; do not invent missing curve points. | Additional label/source: Bull Table 2 species label ethoxyethane. Primary paper reports the full 15-285 eV curve; this row is peak-only.,"The finite energy in this peak-amplitude record originated from a calculated BEB peak, not a verified common-energy experimental/BEB observation. Keep the independently recorded peak amplitudes; do not expose theoretical peak energy as experimental energy. Conservative model-input policy: the retained peak-amplitude pair has no assigned energy."
difluoromethane,difluoromethane,CH2F2,experimental_fixed_or_sparse_points,10.1021/acs.jpca.0c06308 | https://repository.lib.ncsu.edu/bitstreams/e76df401-02d2-4db1-903b-dad1b9e89fe0/download,10.1021/acs.jpca.0c06308,"experimental_source_location=Appendix A, Table A.7; PDF page 348; printed page 306 | Bose numerical carrier: dissertation Table A.7, PDF p.348 / printed p.306, BOSE396_300, row 'Difluoromethane', Mean cross section column. PDF-column replay matches retained experimental label 4.1 A^2 exactly.",Zhong_database_published_numeric_BEB,${ARCHIVE_ROOT}\source_cache\zhong_database_88_extracted\id_56\CH2F2.csv,${ARCHIVE_ROOT}\outputs\no_qec_priority_2026_07_31\zhong_bose8_strict_fixed_energy_pairs_2026_08_01.csv,fixed_70_75eV,1,0,"Bose数值为70–75 eV综合/归一化汇总，原测量工作须通过原作者来源链追溯；Table A.7页号属thesis而非期刊正文 | Late source-column audit: this Bose value is a standardized experimental population mean, not a BEB or ML prediction. The actual Table A.7 mean column and transfer to the retained input were checked. This does not reconstruct every original laboratory measurement, scaling factor or confidence interval, and is separate from BEB structural validation.","2026-09-06 source audit: provenance reconstructed from the actual frozen training input files, with original experiment citations and acquisition carriers distinguished where recovered. This audit verifies source metadata, not independent re-digitisation of every numerical value. See source_completeness_status for unresolved source limitations. Earlier identity-level claims are retained separately as legacy metadata, not current verification.",beb_curve_path=${ARCHIVE_ROOT}\source_cache\zhong_database_88_extracted\id_56\CH2F2.csv | beb_source_doi=10.1063/5.0054342 | beb_source_type=Zhong_database_published_numeric_BEB,10.1021/acs.jpca.0c06308,F,0,0,Exact chemical name and formula match between the experimental table and database metadata; no formula-only isomer inference. | Fixed-energy experimental supervision label; missing experimental energies remain masked and are never invented.,
difluoromethylene-radical,difluoromethylene radical,CF2,experimental_fixed_or_sparse_points,10.1016/S0009-2614(02)00633-4,"experimental_source=Huo, Tarnovsky, and Becker (2002); underlying Tarnovsky et al. fast-neutral-beam measurements",experimental_series=Present expt revised total single ionization | source_figure=Fig. 1b,published_raw_BEB_figure_digitized,${ARCHIVE_ROOT}\outputs\current_experiment_beb_master_2026_08_01\cf2_cf3_nf2_nf3_experiment_beb_READY_TIER_B.csv,${ARCHIVE_ROOT}\outputs\current_experiment_beb_master_2026_08_01\cf2_cf3_nf2_nf3_experiment_beb_READY_TIER_B.csv,sparse_point,1,1,来源元数据已找回；仍不等同对全部数值独立逐点复核,"2026-09-06 source audit: provenance reconstructed from the actual frozen training input files, with original experiment citations and acquisition carriers distinguished where recovered. This audit verifies source metadata, not independent re-digitisation of every numerical value. See source_completeness_status for unresolved source limitations. Earlier identity-level claims are retained separately as legacy metadata, not current verification.",beb_variant=raw_BEB_dashed_curve,10.1016/S0009-2614(02)00633-4 Fig. 1b,F,0,0,"Tier B sparse label: one experimental total-single-ionization point at 80 eV paired with the dashed raw BEB at identical energy. Visible 80 eV error bar digitized. siBED, DM, alternative NF3 data, and lower-bound-only CF/NF panels excluded.",
diisopropyl-ether,diisopropyl ether,C6H14O,experimental_fixed_or_sparse_points,10.1021/acs.jpca.0c06308 | https://repository.lib.ncsu.edu/bitstreams/e76df401-02d2-4db1-903b-dad1b9e89fe0/download | https://pubs.acs.org/doi/10.1021/acs.jpca.0c06308,source_title=Predicting Total Electron-Ionization Cross Sections and GC-MS Calibration Factors Using Machine Learning,"source_pdf_page=337 | source_printed_page=295 | source_table=Appendix A, Table A.7 | Bose numerical carrier: dissertation Table A.7, PDF p.337 / printed p.295, BOSE396_140, row 'Di-isopropyl ether', Mean cross section column. PDF-column replay matches retained experimental label 13.5 A^2 exactly.",published_numeric_BEB,${ARCHIVE_ROOT}\existing_beb_150_checkpoint_2026_07_30\beb_numeric\027_diisopropyl_ether_BEB.csv,${ARCHIVE_ROOT}\outputs\no_qec_priority_2026_07_31\ready100_fixed_energy_with_existing_beb_no_qec.csv,fixed_70_75eV,1,2,"Bose数值为70–75 eV综合/归一化汇总，原测量工作须通过原作者来源链追溯；Table A.7页号属thesis而非期刊正文 | Late source-column audit: this Bose value is a standardized experimental population mean, not a BEB or ML prediction. The actual Table A.7 mean column and transfer to the retained input were checked. This does not reconstruct every original laboratory measurement, scaling factor or confidence interval, and is separate from BEB structural validation.","2026-09-06 source audit: provenance reconstructed from the actual frozen training input files, with original experiment citations and acquisition carriers distinguished where recovered. This audit verifies source metadata, not independent re-digitisation of every numerical value. See source_completeness_status for unresolved source limitations. Earlier identity-level claims are retained separately as legacy metadata, not current verification.",local_beb_match_method=exact_normalized_name_and_formula | local_beb_match_status=ready_fixed_energy_experiment_plus_local_beb | local_beb_registry_status=accepted | local_beb_source_path=${ARCHIVE_ROOT}\existing_beb_150_checkpoint_2026_07_30\beb_numeric\027_diisopropyl_ether_BEB.csv | local_beb_source_type=published_numeric_BEB | 已出版数值BEB：https://doi.org/10.1021/jp210294p.s001; official SI PDF pp.94-100,10.1016/j.ijms.2008.03.003;10.1021/jp210294p,F,0,0,Use every available experimental label. Apply a mask so each row contributes only to the energies/targets actually observed; do not invent missing curve points. | Additional label/source: Bull Table 2 species label 2-methylethoxy-2-methylethane; exact formula/identity matched to diisopropyl ether registry row.,
dimethyl-ether,Dimethylether,C2H6O,experimental_fixed_or_sparse_points,10.1021/acs.jpca.0c06308 | https://repository.lib.ncsu.edu/bitstreams/e76df401-02d2-4db1-903b-dad1b9e89fe0/download,10.1021/acs.jpca.0c06308,"Bose numerical carrier: dissertation Table A.7, PDF p.337 / printed p.295, BOSE396_136, row 'Dimethylether', Mean cross section column. PDF-column replay matches retained experimental label 9.3 A^2 exactly.",ALeCS_BEB_256_points,${ARCHIVE_ROOT}\outputs\alecs_bose396_match_2026_08_01\approved_ambiguous_identity_16\beb_curves_A2\004_dimethylether_ALeCS_BEB_A2.csv,${ARCHIVE_ROOT}\outputs\alecs_bose396_match_2026_08_01\approved_ambiguous_identity_16\approved_16_manifest.csv,fixed_70_75eV,1,3,"原始提取记录存在ambiguity，须保留并重查；Bose数值为70–75 eV综合/归一化汇总，原测量工作须通过原作者来源链追溯；Table A.7页号属thesis而非期刊正文 | Late source-column audit: this Bose value is a standardized experimental population mean, not a BEB or ML prediction. The actual Table A.7 mean column and transfer to the retained input were checked. This does not reconstruct every original laboratory measurement, scaling factor or confidence interval, and is separate from BEB structural validation.","2026-09-06 source audit: provenance reconstructed from the actual frozen training input files, with original experiment citations and acquisition carriers distinguished where recovered. This audit verifies source metadata, not independent re-digitisation of every numerical value. See source_completeness_status for unresolved source limitations. Earlier identity-level claims are retained separately as legacy metadata, not current verification.",beb_curve_file=${ARCHIVE_ROOT}\outputs\alecs_bose396_match_2026_08_01\approved_ambiguous_identity_16\beb_curves_A2\004_dimethylether_ALeCS_BEB_A2.csv | beb_source_doi=10.1051/0004-6361/202348293,10.1021/acs.jpca.0c06308,F,0,0,Connectivity explicitly identifies dimethyl ether; ethanol excluded.,
dipropyl-ether,dipropyl ether,C6H14O,experimental_curve_points;experimental_fixed_or_sparse_points;experimental_peak_height,10.1016/j.ijms.2008.03.003 | 10.1021/jp210294p | https://pubs.acs.org/doi/10.1021/jp210294p | 10.1021/acs.jpca.0c06308 | https://repository.lib.ncsu.edu/bitstreams/e76df401-02d2-4db1-903b-dad1b9e89fe0/download | https://pubs.acs.org/doi/10.1021/acs.jpca.0c06308,source_title=Predicting Total Electron-Ionization Cross Sections and GC-MS Calibration Factors Using Machine Learning,"table_or_figure=Table 2; Fig.3/Table2 b | source_page_table_figure=printed p. 769; Table 2 | source_pdf_page=337 | source_printed_page=295 | source_table=Appendix A, Table A.7 | Bose numerical carrier: dissertation Table A.7, PDF p.337 / printed p.295, BOSE396_139, row 'Di-n-propyl ether', Mean cross section column. PDF-column replay matches retained experimental label 22.4 A^2 exactly.",QEC_core17_authoritative,qec_first18_results_2026_07_24.tar.gz::results/C6H14O_cc-pVDZ_SE_HFSCF_10_2026-07-23T21-48-21/results/beb_xsec.dat,${ARCHIVE_ROOT}\outputs\no_qec_priority_2026_07_31\agent_bull2012_peak32.csv | ${ARCHIVE_ROOT}\outputs\no_qec_priority_2026_07_31\ready100_fixed_energy_with_existing_beb_no_qec.csv | ${PROJECT_ROOT}\data\processed\qec_low_energy_priority_curve_points_2026_07_26.csv,curve_point | fixed_70_75eV | peak_height,57,0,"Bose数值为70–75 eV综合/归一化汇总，原测量工作须通过原作者来源链追溯；Table A.7页号属thesis而非期刊正文 | Late source-column audit: this Bose value is a standardized experimental population mean, not a BEB or ML prediction. The actual Table A.7 mean column and transfer to the retained input were checked. This does not reconstruct every original laboratory measurement, scaling factor or confidence interval, and is separate from BEB structural validation.","2026-09-06 source audit: provenance reconstructed from the actual frozen training input files, with original experiment citations and acquisition carriers distinguished where recovered. This audit verifies source metadata, not independent re-digitisation of every numerical value. See source_completeness_status for unresolved source limitations. Earlier identity-level claims are retained separately as legacy metadata, not current verification.",local_beb_match_method=curated_synonym_or_isomer_alias_and_formula | local_beb_match_status=ready_fixed_energy_experiment_plus_local_beb | local_beb_registry_status=accepted | local_beb_source_path=qec_first18_results_2026_07_24.tar.gz::results/C6H14O_cc-pVDZ_SE_HFSCF_10_2026-07-23T21-48-21/results/beb_xsec.dat | local_beb_source_type=QEC_core17_authoritative,10.1016/j.ijms.2008.03.003;10.1021/jp210294p,C/F/P,55,0,Use every available experimental label. Apply a mask so each row contributes only to the energies/targets actually observed; do not invent missing curve points. | Additional label/source: Bull Table 2 species label propoxypropane; mapped to di-n-propyl ether.,"The finite energy in this peak-amplitude record originated from a calculated BEB peak, not a verified common-energy experimental/BEB observation. Keep the independently recorded peak amplitudes; do not expose theoretical peak energy as experimental energy. Conservative model-input policy: the retained peak-amplitude pair has no assigned energy."
disilane,disilane,Si2H6,experimental_curve_points,https://physics.nist.gov/cgi-bin/Ionization/graph_new.pl?element=Si2H6.0,"source_reference=E. Krishnakumar and S. K. Srivastava, Contrib. Plasma Phys. 35 , 395 (1995). | source_reference=H. Chatham, D. Hills, R. Robertson and A. Gallagher, J. Chem. Phys. 81 , 1770 (1984). | original_nist_experiment_reference=E. Krishnakumar and S. K. Srivastava, Contrib. Plasma Phys. 35, 395 (1995). | original_nist_experiment_reference=H. Chatham, D. Hills, R. Robertson and A. Gallagher, J. Chem. Phys. 81, 1770 (1984).",dataset_id=exp_1 | dataset_id=exp_2,NIST_SRD107_numeric_BEB,${ARCHIVE_ROOT}\outputs\nist_beb_experimental_crawl_2026_08_01\beb_ascii\060_Si2H6_BEB.txt,${ARCHIVE_ROOT}\nist_strict_usable_numeric_pairs_2026_07_30\paired_numeric\010_Si2H6_BEB_vs_experiment.csv,curve_point,38,3,NIST为获取载体；原作者题录已从实际series恢复，未逐篇全文复核全部原实验,"2026-09-06 source audit: provenance reconstructed from the actual frozen training input files, with original experiment citations and acquisition carriers distinguished where recovered. This audit verifies source metadata, not independent re-digitisation of every numerical value. See source_completeness_status for unresolved source limitations. Earlier identity-level claims are retained separately as legacy metadata, not current verification.","original_nist_beb_reference=BEBM. A. Ali, Y.-K. Kim, W. Hwang, N.M. Weinberger, and M.E. Rudd, J. Chem. Phys. 106, 9602 (1997). | NIST图BEB来源=BEBM. A. Ali, Y.-K. Kim, W. Hwang, N.M. Weinberger, and M.E. Rudd, J. Chem. Phys. 106, 9602 (1997).",https://physics.nist.gov/cgi-bin/Ionization/graph_new.pl?element=Si2H6.0,C,38,0,Tier B graph-digitized data; 47 independent experimental points; automated exact-palette extraction and whole-batch visual QA passed 2026-08-02; log10 energy axis and linear A^2 cross-section axis. Point-level experiment/BEB pairs are stored in nist_fast12_experiment_beb_digitized_READY_TIER_B.csv.,
disulfur,disulfur,S2,experimental_curve_points,https://physics.nist.gov/cgi-bin/Ionization/graph_new.pl?element=S2.0,"source_reference=R. S. Freund, R. C. Wetzel and R. J. Shul, Phys. Rev. A 41 , 5861 (1990). | original_nist_experiment_reference=R. S. Freund, R. C. Wetzel and R. J. Shul, Phys. Rev. A 41, 5861 (1990).",dataset_id=exp_1,NIST_SRD107_numeric_BEB,${ARCHIVE_ROOT}\nist_strict_usable_numeric_pairs_2026_07_30\beb_numeric_corrected\011_S2_BEB_corrected.csv,${ARCHIVE_ROOT}\nist_strict_usable_numeric_pairs_2026_07_30\paired_numeric\011_S2_BEB_vs_experiment.csv,curve_point,26,3,NIST为获取载体；原作者题录已从实际series恢复，未逐篇全文复核全部原实验,"2026-09-06 source audit: provenance reconstructed from the actual frozen training input files, with original experiment citations and acquisition carriers distinguished where recovered. This audit verifies source metadata, not independent re-digitisation of every numerical value. See source_completeness_status for unresolved source limitations. Earlier identity-level claims are retained separately as legacy metadata, not current verification.","original_nist_beb_reference=BEBY.-K. Kim, W. Hwang, N. M. Weinberger, M. A. Ali and M.E. Rudd, J. Chem. Phys. 106, 1026 (1997). | NIST图BEB来源=BEBY.-K. Kim, W. Hwang, N. M. Weinberger, M. A. Ali and M.E. Rudd, J. Chem. Phys. 106, 1026 (1997).",https://physics.nist.gov/cgi-bin/Ionization/graph_new.pl?element=S2.0,C,26,0,Use every available experimental label. Apply a mask so each row contributes only to the energies/targets actually observed; do not invent missing curve points.,
ethane,Ethane,C2H6,experimental_curve_points;experimental_fixed_or_sparse_points;experimental_peak_height,https://physics.nist.gov/cgi-bin/Ionization/graph_new.pl?element=C2H6.0 | 10.1088/0953-4075/34/15/309 | 10.1021/acs.jpca.0c06308 | https://repository.lib.ncsu.edu/bitstreams/e76df401-02d2-4db1-903b-dad1b9e89fe0/download | https://pubs.acs.org/doi/10.1021/acs.jpca.0c06308 | https://ir.canterbury.ac.nz/server/api/core/bitstreams/7106f9ca-1e1a-47c9-8224-7886f52b012e/content,"source_reference=H. Chatham, D. Hills, R. Robertson and A. Gallagher, J. Chem. Phys. 81 , 1770 (1984). | source_reference=N. Duric, I. Cadez and M. Kurepa, Int. J. Mass Spectrom. Ion Processes 108 , R1 (1991). | source_reference=V. Grill, G. Walder, P. Scheier, M. Krudel and T. D. Mï¿½rk, Int. J. Mass Spectrom. Ion Processes 129 , 31 (1993). | original_nist_experiment_reference=N. Duric, I. Cadez and M. Kurepa, Int. J. Mass Spectrom. Ion Processes 108, R1 (1991). | original_nist_experiment_reference=H. Chatham, D. Hills, R. Robertson and A. Gallagher, J. Chem. Phys. 81, 1770 (1984). | original_nist_experiment_reference=V. Grill, G. Walder, P. Scheier, M. Krudel and T. D. M�rk, Int. J. Mass Spectrom. Ion Processes 129, 31 (1993). | numeric_label_source_title=Absolute electron-impact ionization cross sections for a range of C1 to C5 chlorocarbons | source_title=Predicting Total Electron-Ionization Cross Sections and GC-MS Calibration Factors Using Machine Learning","dataset_id=exp_1 | dataset_id=exp_2 | dataset_id=exp_4 | full_curve_source_figure=Fig. 3.8 | full_curve_source_page=thesis print p45; physical PDF p64 | numeric_label_location=reported peak compilation; full curve location retained separately | source_pdf_page=329 | source_printed_page=287 | source_table=Appendix A, Table A.7 | Bose numerical carrier: dissertation Table A.7, PDF p.329 / printed p.287, BOSE396_002, row 'Ethane', Mean cross section column. PDF-column replay matches retained experimental label 7.8 A^2 exactly. | Uniform 15-row cross-check: Bart (2003) thesis, Table 3.4, PDF p.62 / printed p.43; same named neutral molecule/isomer, measured total positive-ion maximum 7.2 A^2. Experimental peak energy 90 eV is provenance metadata only, not the common collision energy of a peak-to-peak training pair. The retained experimental peak height agrees with the table; no amplitude change.",NIST_SRD107_numeric_BEB,${ARCHIVE_ROOT}\nist_strict_usable_numeric_pairs_2026_07_30\beb_numeric_corrected\012_C2H6_BEB_corrected.csv,${ARCHIVE_ROOT}\nist_strict_usable_numeric_pairs_2026_07_30\paired_numeric\012_C2H6_BEB_vs_experiment.csv | ${ARCHIVE_ROOT}\outputs\no_qec_priority_2026_07_31\agent_no_qec_immediate_numeric_peak_labels_50.csv | ${ARCHIVE_ROOT}\outputs\no_qec_priority_2026_07_31\ready100_fixed_energy_with_existing_beb_no_qec.csv,curve_point | fixed_70_75eV | peak_height,57,2,"NIST为获取载体；原作者题录已从实际series恢复，未逐篇全文复核全部原实验；Bose数值为70–75 eV综合/归一化汇总，原测量工作须通过原作者来源链追溯；Table A.7页号属thesis而非期刊正文 | Late source-column audit: this Bose value is a standardized experimental population mean, not a BEB or ML prediction. The actual Table A.7 mean column and transfer to the retained input were checked. This does not reconstruct every original laboratory measurement, scaling factor or confidence interval, and is separate from BEB structural validation. | Uniform 15-row cross-check: Bart (2003) thesis, Table 3.4, PDF p.62 / printed p.43; same named neutral molecule/isomer, measured total positive-ion maximum 7.2 A^2. Experimental peak energy 90 eV is provenance metadata only, not the common collision energy of a peak-to-peak training pair. The retained experimental peak height agrees with the table; no amplitude change.","2026-09-06 source audit: provenance reconstructed from the actual frozen training input files, with original experiment citations and acquisition carriers distinguished where recovered. This audit verifies source metadata, not independent re-digitisation of every numerical value. See source_completeness_status for unresolved source limitations. Earlier identity-level claims are retained separately as legacy metadata, not current verification.","original_nist_beb_reference=BEBW. Hwang, Y.-K. Kim and M.E. Rudd, J. Chem. Phys. 104, 2956 (1996). | NIST图BEB来源=BEBW. Hwang, Y.-K. Kim and M.E. Rudd, J. Chem. Phys. 104, 2956 (1996). | accepted_BEB_path=${PROJECT_ROOT}\data\qec_results\incoming_2026_07_27\audit_all45_complete_2026_07_27_extracted\results\C2H6_cc-pVDZ_SE_HFSCF_10_2026-07-26T20-50-24\results\beb_xsec.dat | accepted_BEB_source=QEC_old45_exact_XYZ_reaudited | local_beb_match_method=exact_normalized_name_and_formula | local_beb_match_status=ready_fixed_energy_experiment_plus_local_beb | local_beb_registry_status=accepted_replacing_lower_priority | local_beb_source_path=${ARCHIVE_ROOT}\nist_strict_usable_numeric_pairs_2026_07_30\beb_numeric_corrected\012_C2H6_BEB_corrected.csv | local_beb_source_type=NIST_SRD107_numeric_BEB",10.1021/acs.jpca.0c06308,C/F/P,55,0,Use every available experimental label. Apply a mask so each row contributes only to the energies/targets actually observed; do not invent missing curve points.,"The finite energy in this peak-amplitude record originated from a calculated BEB peak, not a verified common-energy experimental/BEB observation. Keep the independently recorded peak amplitudes; do not expose theoretical peak energy as experimental energy. Conservative model-input policy: the retained peak-amplitude pair has no assigned energy. Legacy expansion subsequently marked those backfilled values as reported. This correction does not assert that the original experimental paper never reported a peak energy."
ethanethiol,ethanethiol,C2H6S,experimental_curve_points;experimental_fixed_or_sparse_points,10.1080/00268976.2019.1583389 | https://www.tandfonline.com/doi/full/10.1080/00268976.2019.1583389 | 10.1021/acs.jpca.0c06308 | https://repository.lib.ncsu.edu/bitstreams/e76df401-02d2-4db1-903b-dad1b9e89fe0/download | https://pubs.acs.org/doi/10.1021/acs.jpca.0c06308,source_title=Predicting Total Electron-Ionization Cross Sections and GC-MS Calibration Factors Using Machine Learning,"source_pdf_page=346 | source_printed_page=304 | source_table=Appendix A, Table A.7 | Bose numerical carrier: dissertation Table A.7, PDF p.346 / printed p.304, BOSE396_273, row 'Ethanethiol', Mean cross section column. PDF-column replay matches retained experimental label 14.6 A^2 exactly.",QEC_new32_exact_manifest,new32_qec_beb_successful30_2026_07_30.tar.gz::C2H6S_cc-pVDZ_SE_HFSCF_10_2026-07-30T00-28-19/results/beb_xsec.dat,${ARCHIVE_ROOT}\outputs\no_qec_priority_2026_07_31\ready100_fixed_energy_with_existing_beb_no_qec.csv | ${PROJECT_ROOT}\data\processed\expanded_measured_total_master_2026_07_26.csv,curve_point | fixed_70_75eV,49,1,"Bose数值为70–75 eV综合/归一化汇总，原测量工作须通过原作者来源链追溯；Table A.7页号属thesis而非期刊正文 | Late source-column audit: this Bose value is a standardized experimental population mean, not a BEB or ML prediction. The actual Table A.7 mean column and transfer to the retained input were checked. This does not reconstruct every original laboratory measurement, scaling factor or confidence interval, and is separate from BEB structural validation.","2026-09-06 source audit: provenance reconstructed from the actual frozen training input files, with original experiment citations and acquisition carriers distinguished where recovered. This audit verifies source metadata, not independent re-digitisation of every numerical value. See source_completeness_status for unresolved source limitations. Earlier identity-level claims are retained separately as legacy metadata, not current verification.",local_beb_match_method=exact_normalized_name_and_formula | local_beb_match_status=ready_fixed_energy_experiment_plus_local_beb | local_beb_registry_status=accepted | local_beb_source_path=new32_qec_beb_successful30_2026_07_30.tar.gz::C2H6S_cc-pVDZ_SE_HFSCF_10_2026-07-30T00-28-19/results/beb_xsec.dat | local_beb_source_type=QEC_new32_exact_manifest,10.1080/00268976.2019.1583389,C/F,48,0,Use every available experimental label. Apply a mask so each row contributes only to the energies/targets actually observed; do not invent missing curve points.,
ethanol,ethanol,C2H6O,experimental_fixed_or_sparse_points,10.1021/acs.jpca.0c06308 | https://repository.lib.ncsu.edu/bitstreams/e76df401-02d2-4db1-903b-dad1b9e89fe0/download | https://pubs.acs.org/doi/10.1021/acs.jpca.0c06308,source_title=Predicting Total Electron-Ionization Cross Sections and GC-MS Calibration Factors Using Machine Learning,"source_pdf_page=336 | source_printed_page=294 | source_table=Appendix A, Table A.7 | Bose numerical carrier: dissertation Table A.7, PDF p.336 / printed p.294, BOSE396_124, row 'Ethanol', Mean cross section column. PDF-column replay matches retained experimental label 8.6 A^2 exactly.",published_numeric_BEB,${ARCHIVE_ROOT}\existing_beb_150_checkpoint_2026_07_30\beb_numeric\003_ethanol_BEB.csv,${ARCHIVE_ROOT}\outputs\no_qec_priority_2026_07_31\ready100_fixed_energy_with_existing_beb_no_qec.csv,fixed_70_75eV,1,4,"Bose数值为70–75 eV综合/归一化汇总，原测量工作须通过原作者来源链追溯；Table A.7页号属thesis而非期刊正文 | Late source-column audit: this Bose value is a standardized experimental population mean, not a BEB or ML prediction. The actual Table A.7 mean column and transfer to the retained input were checked. This does not reconstruct every original laboratory measurement, scaling factor or confidence interval, and is separate from BEB structural validation.","2026-09-06 source audit: provenance reconstructed from the actual frozen training input files, with original experiment citations and acquisition carriers distinguished where recovered. This audit verifies source metadata, not independent re-digitisation of every numerical value. See source_completeness_status for unresolved source limitations. Earlier identity-level claims are retained separately as legacy metadata, not current verification.",local_beb_match_method=exact_normalized_name_and_formula | local_beb_match_status=ready_fixed_energy_experiment_plus_local_beb | local_beb_registry_status=accepted | local_beb_source_path=${ARCHIVE_ROOT}\existing_beb_150_checkpoint_2026_07_30\beb_numeric\003_ethanol_BEB.csv | local_beb_source_type=published_numeric_BEB | 已出版数值BEB：https://doi.org/10.1021/jp210294p.s001; official SI PDF pp.8-14,10.1063/1.1532008;10.1021/jp210294p;10.1016/j.ijms.2016.05.006,F,0,0,"Use every available experimental label. Apply a mask so each row contributes only to the energies/targets actually observed; do not invent missing curve points. | Additional label/source: Bull Table 2 value; parenthetical value is the maximum instrumental error. Full primary curve exists, but this row contains only its published maximum. | Additional label/source: Nixon ethanol PICS/TICS was scaled at 70 eV to grouped Rejoub et al. independent absolute PICS, not to BEB or another theory. Low-mass water-contaminated channels were excluded; use threshold-to-peak as primary and the high-energy decline only for QA. | Primary training scope: threshold-side rise through experimental grid peak at 65 eV; later points tail QA | Circularity audit: pass_no_theory_or_beb_normalization",
ethyl-acetate,ethyl acetate,C4H8O2,experimental_curve_points;experimental_fixed_or_sparse_points;experimental_peak_height,10.1016/j.ijms.2005.11.003 | 10.1021/acs.jpca.0c06308 | https://repository.lib.ncsu.edu/bitstreams/e76df401-02d2-4db1-903b-dad1b9e89fe0/download | https://pubs.acs.org/doi/10.1021/acs.jpca.0c06308,numeric_label_source_title=Absolute electron impact ionization cross-sections and polarizability volumes for the C2 to C6 methanoates and C3 to C7 ethanoates | source_title=Predicting Total Electron-Ionization Cross Sections and GC-MS Calibration Factors Using Machine Learning,"full_curve_source_figure=Fig. 2 | full_curve_source_page=physical PDF p3; journal p44 | source_pdf_page=340 | source_printed_page=298 | source_table=Appendix A, Table A.7 | experiment_source_figure=2 | experiment_source_page=44 | Hudson 2006 Table 1: journal p45 / PDF p4; independently tabulated experimental peak height; no peak energy in table | Retained peak label: Hudson et al. (2006), Table 1, journal p45 / PDF p4; experimental peak height only; peak energy unreported; 5% source accuracy | Bose numerical carrier: dissertation Table A.7, PDF p.340 / printed p.298, BOSE396_184, row 'Ethyl acetate', Mean cross section column. PDF-column replay matches retained experimental label 14.0 A^2 exactly.",published_numeric_BEB,${ARCHIVE_ROOT}\existing_beb_150_checkpoint_2026_07_30\beb_numeric\036_ethyl_acetate_BEB.csv,${ARCHIVE_ROOT}\outputs\no_qec_priority_2026_07_31\agent_no_qec_immediate_numeric_peak_labels_50.csv | ${ARCHIVE_ROOT}\outputs\no_qec_priority_2026_07_31\ready100_fixed_energy_with_existing_beb_no_qec.csv | ${ARCHIVE_ROOT}\outputs\no_qec_priority_2026_07_31\ready15_esters_experiment_beb\paired_curves\009_ethyl_acetate_experiment_beb_paired.csv,curve_point | fixed_70_75eV | peak_height,57,1,"Energy-dependent points were obtained by graph-marker tracking anchored to the Table 1 peak height, not an independent numerical table from the authors. Read-only replay found no final direct fallback values in this retained trace. The peak label separately uses the Table 1 height, unreported peak energy and source-accuracy uncertainty of 5%. The fixed-energy value is from the Bose compilation. | Late source-column audit: this Bose value is a standardized experimental population mean, not a BEB or ML prediction. The actual Table A.7 mean column and transfer to the retained input were checked. This does not reconstruct every original laboratory measurement, scaling factor or confidence interval, and is separate from BEB structural validation.","2026-09-06 source audit: legacy audit assertions superseded. Energy-dependent points were obtained by graph-marker tracking anchored to the Table 1 peak height, not an independent numerical table from the authors. Read-only replay found no final direct fallback values in this retained trace. The peak label separately uses the Table 1 height, unreported peak energy and source-accuracy uncertainty of 5%. The fixed-energy value is from the Bose compilation. Source labels updated after the 350-row exclusion; withdrawn series are not current training evidence.",accepted_BEB_path=${ARCHIVE_ROOT}\existing_beb_150_checkpoint_2026_07_30\beb_numeric\036_ethyl_acetate_BEB.csv | accepted_BEB_source=published_numeric_BEB | local_beb_match_method=exact_normalized_name_and_formula | local_beb_match_status=ready_fixed_energy_experiment_plus_local_beb | local_beb_registry_status=accepted | local_beb_source_path=${ARCHIVE_ROOT}\existing_beb_150_checkpoint_2026_07_30\beb_numeric\036_ethyl_acetate_BEB.csv | local_beb_source_type=published_numeric_BEB | 已出版数值BEB：https://doi.org/10.1021/jp210294p.s001; official SI PDF pp.153-160,10.1016/j.ijms.2005.11.003,C/F/P,55,0,Use every available experimental label. Apply a mask so each row contributes only to the energies/targets actually observed; do not invent missing curve points.,
ethyl-formate,ethyl formate,C3H6O2,experimental_curve_points;experimental_fixed_or_sparse_points;experimental_peak_height,10.1016/j.ijms.2005.11.003 | 10.1021/acs.jpca.0c06308 | https://repository.lib.ncsu.edu/bitstreams/e76df401-02d2-4db1-903b-dad1b9e89fe0/download | https://pubs.acs.org/doi/10.1021/acs.jpca.0c06308,numeric_label_source_title=Absolute electron impact ionization cross-sections and polarizability volumes for the C2 to C6 methanoates and C3 to C7 ethanoates | source_title=Predicting Total Electron-Ionization Cross Sections and GC-MS Calibration Factors Using Machine Learning,"full_curve_source_figure=Fig. 1 | full_curve_source_page=physical PDF p2; journal p43 | source_pdf_page=339 | source_printed_page=297 | source_table=Appendix A, Table A.7 | experiment_source_figure=1 | experiment_source_page=43 | Hudson 2006 Table 1: journal p45 / PDF p4; independently tabulated experimental peak height; no peak energy in table | Retained peak label: Hudson et al. (2006), Table 1, journal p45 / PDF p4; experimental peak height only; peak energy unreported; 5% source accuracy | Bose numerical carrier: dissertation Table A.7, PDF p.339 / printed p.297, BOSE396_177, row 'Ethyl formate', Mean cross section column. PDF-column replay matches retained experimental label 8.8 A^2 exactly.",published_numeric_BEB,${ARCHIVE_ROOT}\existing_beb_150_checkpoint_2026_07_30\beb_numeric\029_ethyl_formate_BEB.csv,${ARCHIVE_ROOT}\outputs\no_qec_priority_2026_07_31\agent_no_qec_immediate_numeric_peak_labels_50.csv | ${ARCHIVE_ROOT}\outputs\no_qec_priority_2026_07_31\ready100_fixed_energy_with_existing_beb_no_qec.csv | ${ARCHIVE_ROOT}\outputs\no_qec_priority_2026_07_31\ready15_esters_experiment_beb\paired_curves\002_ethyl_formate_experiment_beb_paired.csv,curve_point | fixed_70_75eV | peak_height,57,4,"Energy-dependent points were obtained by graph-marker tracking anchored to the Table 1 peak height, not an independent numerical table from the authors. Read-only replay found no final direct fallback values in this retained trace. The peak label separately uses the Table 1 height, unreported peak energy and source-accuracy uncertainty of 5%. The fixed-energy value is from the Bose compilation. | Late source-column audit: this Bose value is a standardized experimental population mean, not a BEB or ML prediction. The actual Table A.7 mean column and transfer to the retained input were checked. This does not reconstruct every original laboratory measurement, scaling factor or confidence interval, and is separate from BEB structural validation.","2026-09-06 source audit: legacy audit assertions superseded. Energy-dependent points were obtained by graph-marker tracking anchored to the Table 1 peak height, not an independent numerical table from the authors. Read-only replay found no final direct fallback values in this retained trace. The peak label separately uses the Table 1 height, unreported peak energy and source-accuracy uncertainty of 5%. The fixed-energy value is from the Bose compilation. Source labels updated after the 350-row exclusion; withdrawn series are not current training evidence.",accepted_BEB_path=${ARCHIVE_ROOT}\existing_beb_150_checkpoint_2026_07_30\beb_numeric\029_ethyl_formate_BEB.csv | accepted_BEB_source=published_numeric_BEB | local_beb_match_method=exact_normalized_name_and_formula | local_beb_match_status=ready_fixed_energy_experiment_plus_local_beb | local_beb_registry_status=accepted | local_beb_source_path=${ARCHIVE_ROOT}\existing_beb_150_checkpoint_2026_07_30\beb_numeric\029_ethyl_formate_BEB.csv | local_beb_source_type=published_numeric_BEB | 已出版数值BEB：https://doi.org/10.1021/jp210294p.s001; official SI PDF pp.107-113,10.1016/j.ijms.2005.11.003,C/F/P,55,0,Use every available experimental label. Apply a mask so each row contributes only to the energies/targets actually observed; do not invent missing curve points.,
ethyl-methyl-ether,Ethyl methyl ether,C3H8O,experimental_fixed_or_sparse_points,10.1021/acs.jpca.0c06308 | https://repository.lib.ncsu.edu/bitstreams/e76df401-02d2-4db1-903b-dad1b9e89fe0/download,10.1021/acs.jpca.0c06308,"Bose numerical carrier: dissertation Table A.7, PDF p.337 / printed p.295, BOSE396_138, row 'Ethyl methyl ether', Mean cross section column. PDF-column replay matches retained experimental label 19.8 A^2 exactly.",ALeCS_BEB_256_points,${ARCHIVE_ROOT}\outputs\alecs_bose396_match_2026_08_01\approved_same_identity_11\beb_curves_A2\009_ethyl_methyl_ether_ALeCS_BEB_A2.csv,${ARCHIVE_ROOT}\outputs\alecs_bose396_match_2026_08_01\approved_same_identity_11\approved_11_manifest.csv,fixed_70_75eV,1,0,"Bose数值为70–75 eV综合/归一化汇总，原测量工作须通过原作者来源链追溯；Table A.7页号属thesis而非期刊正文 | Late source-column audit: this Bose value is a standardized experimental population mean, not a BEB or ML prediction. The actual Table A.7 mean column and transfer to the retained input were checked. This does not reconstruct every original laboratory measurement, scaling factor or confidence interval, and is separate from BEB structural validation.","2026-09-06 source audit: provenance reconstructed from the actual frozen training input files, with original experiment citations and acquisition carriers distinguished where recovered. This audit verifies source metadata, not independent re-digitisation of every numerical value. See source_completeness_status for unresolved source limitations. Earlier identity-level claims are retained separately as legacy metadata, not current verification.",beb_curve_file=${ARCHIVE_ROOT}\outputs\alecs_bose396_match_2026_08_01\approved_same_identity_11\beb_curves_A2\009_ethyl_methyl_ether_ALeCS_BEB_A2.csv | beb_source_doi=10.1051/0004-6361/202348293 | beb_source_repository=https://github.com/alecs-db/ALeCS-db,10.1021/acs.jpca.0c06308,F,0,0,Connectivity code explicitly identifies methyl ethyl ether.,
ethylene,ethene,C2H4,experimental_curve_points;experimental_fixed_or_sparse_points,https://physics.nist.gov/cgi-bin/Ionization/graph_new.pl?element=C2H4.0 | 10.1021/acs.jpca.0c06308 | https://repository.lib.ncsu.edu/bitstreams/e76df401-02d2-4db1-903b-dad1b9e89fe0/download | https://pubs.acs.org/doi/10.1021/acs.jpca.0c06308,"source_reference=D. Rapp and P. Englander-Golden, J. Chem. Phys. 43 , 1464 (1965). | original_nist_experiment_reference=D. Rapp and P. Englander-Golden, J. Chem. Phys. 43, 1464 (1965). | source_title=Predicting Total Electron-Ionization Cross Sections and GC-MS Calibration Factors Using Machine Learning","dataset_id=exp_1 | source_pdf_page=331 | source_printed_page=289 | source_table=Appendix A, Table A.7 | Bose numerical carrier: dissertation Table A.7, PDF p.331 / printed p.289, BOSE396_041, row 'Ethene', Mean cross section column. PDF-column replay matches retained experimental label 6.4 A^2 exactly.",QEC_strict9_authoritative,${PROJECT_ROOT}\data\qec_results\incoming_2026_07_27\strict_new9_results_COMPLETE_2026_07_27_extracted\results\C2H4_cc-pVDZ_SE_HFSCF_10_2026-07-27T00-44-08\results\beb_xsec.dat,${ARCHIVE_ROOT}\nist_strict_usable_numeric_pairs_2026_07_30\paired_numeric\013_C2H4_BEB_vs_experiment.csv | ${ARCHIVE_ROOT}\outputs\no_qec_priority_2026_07_31\ready100_fixed_energy_with_existing_beb_no_qec.csv,curve_point | fixed_70_75eV,29,1,"NIST为获取载体；原作者题录已从实际series恢复，未逐篇全文复核全部原实验；Bose数值为70–75 eV综合/归一化汇总，原测量工作须通过原作者来源链追溯；Table A.7页号属thesis而非期刊正文 | Late source-column audit: this Bose value is a standardized experimental population mean, not a BEB or ML prediction. The actual Table A.7 mean column and transfer to the retained input were checked. This does not reconstruct every original laboratory measurement, scaling factor or confidence interval, and is separate from BEB structural validation.","2026-09-06 source audit: provenance reconstructed from the actual frozen training input files, with original experiment citations and acquisition carriers distinguished where recovered. This audit verifies source metadata, not independent re-digitisation of every numerical value. See source_completeness_status for unresolved source limitations. Earlier identity-level claims are retained separately as legacy metadata, not current verification.","original_nist_beb_reference=BEBW. Hwang, Y.-K. Kim and M.E. Rudd, J. Chem. Phys. 104, 2956 (1996). | NIST图BEB来源=BEBW. Hwang, Y.-K. Kim and M.E. Rudd, J. Chem. Phys. 104, 2956 (1996). | local_beb_match_method=exact_normalized_name_and_formula | local_beb_match_status=ready_fixed_energy_experiment_plus_local_beb | local_beb_registry_status=accepted | local_beb_source_path=${PROJECT_ROOT}\data\qec_results\incoming_2026_07_27\strict_new9_results_COMPLETE_2026_07_27_extracted\results\C2H4_cc-pVDZ_SE_HFSCF_10_2026-07-27T00-44-08\results\beb_xsec.dat | local_beb_source_type=QEC_strict9_authoritative",10.1063/1.1696957,C/F,28,0,Use every available experimental label. Apply a mask so each row contributes only to the energies/targets actually observed; do not invent missing curve points.,
ethylene-glycol,"1,2-Ethanediol or ethylene glycol",C2H6O2,experimental_fixed_or_sparse_points,10.1021/acs.jpca.0c06308 | https://repository.lib.ncsu.edu/bitstreams/e76df401-02d2-4db1-903b-dad1b9e89fe0/download,10.1021/acs.jpca.0c06308,"Bose numerical carrier: dissertation Table A.7, PDF p.337 / printed p.295, BOSE396_134, row '1,2-Ethanediol or ethylene glycol', Mean cross section column. PDF-column replay matches retained experimental label 15.1 A^2 exactly.",ALeCS_BEB_256_points,${ARCHIVE_ROOT}\outputs\alecs_bose396_match_2026_08_01\approved_ambiguous_identity_16\beb_curves_A2\003_12_ethanediol_or_ethylene_glycol_ALeCS_BEB_A2.csv,${ARCHIVE_ROOT}\outputs\alecs_bose396_match_2026_08_01\approved_ambiguous_identity_16\approved_16_manifest.csv,fixed_70_75eV,1,1,"原始提取记录存在ambiguity，须保留并重查；Bose数值为70–75 eV综合/归一化汇总，原测量工作须通过原作者来源链追溯；Table A.7页号属thesis而非期刊正文 | Late source-column audit: this Bose value is a standardized experimental population mean, not a BEB or ML prediction. The actual Table A.7 mean column and transfer to the retained input were checked. This does not reconstruct every original laboratory measurement, scaling factor or confidence interval, and is separate from BEB structural validation.","2026-09-06 source audit: provenance reconstructed from the actual frozen training input files, with original experiment citations and acquisition carriers distinguished where recovered. This audit verifies source metadata, not independent re-digitisation of every numerical value. See source_completeness_status for unresolved source limitations. Earlier identity-level claims are retained separately as legacy metadata, not current verification.",beb_curve_file=${ARCHIVE_ROOT}\outputs\alecs_bose396_match_2026_08_01\approved_ambiguous_identity_16\beb_curves_A2\003_12_ethanediol_or_ethylene_glycol_ALeCS_BEB_A2.csv | beb_source_doi=10.1051/0004-6361/202348293,10.1021/acs.jpca.0c06308,F,0,0,Connectivity explicitly identifies ethylene glycol.,
fluorine,fluorine,F2,experimental_fixed_or_sparse_points,10.1021/acs.jpca.0c06308 | https://repository.lib.ncsu.edu/bitstreams/e76df401-02d2-4db1-903b-dad1b9e89fe0/download,10.1021/acs.jpca.0c06308,"experimental_source_location=Appendix A, Table A.7; PDF page 347; printed page 305 | Bose numerical carrier: dissertation Table A.7, PDF p.347 / printed p.305, BOSE396_287, row 'Fluorine', Mean cross section column. PDF-column replay matches retained experimental label 1.3 A^2 exactly.",Zhong_database_published_numeric_BEB,${ARCHIVE_ROOT}\source_cache\zhong_database_88_extracted\id_88\F2.csv,${ARCHIVE_ROOT}\outputs\no_qec_priority_2026_07_31\zhong_bose8_strict_fixed_energy_pairs_2026_08_01.csv,fixed_70_75eV,1,2,"Bose数值为70–75 eV综合/归一化汇总，原测量工作须通过原作者来源链追溯；Table A.7页号属thesis而非期刊正文 | Late source-column audit: this Bose value is a standardized experimental population mean, not a BEB or ML prediction. The actual Table A.7 mean column and transfer to the retained input were checked. This does not reconstruct every original laboratory measurement, scaling factor or confidence interval, and is separate from BEB structural validation.","2026-09-06 source audit: provenance reconstructed from the actual frozen training input files, with original experiment citations and acquisition carriers distinguished where recovered. This audit verifies source metadata, not independent re-digitisation of every numerical value. See source_completeness_status for unresolved source limitations. Earlier identity-level claims are retained separately as legacy metadata, not current verification.",beb_curve_path=${ARCHIVE_ROOT}\source_cache\zhong_database_88_extracted\id_88\F2.csv | beb_source_doi=10.1063/5.0054342 | beb_source_type=Zhong_database_published_numeric_BEB,10.1021/acs.jpca.0c06308,F,0,0,Exact chemical name and formula match between the experimental table and database metadata; no formula-only isomer inference. | Fixed-energy experimental supervision label; missing experimental energies remain masked and are never invented.,
fluoromethane,fluoromethane,CH3F,experimental_fixed_or_sparse_points,10.1021/acs.jpca.0c06308 | https://repository.lib.ncsu.edu/bitstreams/e76df401-02d2-4db1-903b-dad1b9e89fe0/download | https://pubs.acs.org/doi/10.1021/acs.jpca.0c06308,source_title=Predicting Total Electron-Ionization Cross Sections and GC-MS Calibration Factors Using Machine Learning,"source_pdf_page=348 | source_printed_page=306 | source_table=Appendix A, Table A.7 | Bose numerical carrier: dissertation Table A.7, PDF p.348 / printed p.306, BOSE396_299, row 'Fluoromethane', Mean cross section column. PDF-column replay matches retained experimental label 4.3 A^2 exactly.",QEC_old45_exact_XYZ_reaudited,${PROJECT_ROOT}\data\qec_results\incoming_2026_07_27\audit_all45_complete_2026_07_27_extracted\results\CFH3_cc-pVDZ_SE_HFSCF_10_2026-07-24T18-04-03\results\beb_xsec.dat,${ARCHIVE_ROOT}\outputs\no_qec_priority_2026_07_31\ready100_fixed_energy_with_existing_beb_no_qec.csv,fixed_70_75eV,1,3,"Bose数值为70–75 eV综合/归一化汇总，原测量工作须通过原作者来源链追溯；Table A.7页号属thesis而非期刊正文 | Late source-column audit: this Bose value is a standardized experimental population mean, not a BEB or ML prediction. The actual Table A.7 mean column and transfer to the retained input were checked. This does not reconstruct every original laboratory measurement, scaling factor or confidence interval, and is separate from BEB structural validation.","2026-09-06 source audit: provenance reconstructed from the actual frozen training input files, with original experiment citations and acquisition carriers distinguished where recovered. This audit verifies source metadata, not independent re-digitisation of every numerical value. See source_completeness_status for unresolved source limitations. Earlier identity-level claims are retained separately as legacy metadata, not current verification.",local_beb_match_method=exact_normalized_name_and_formula | local_beb_match_status=ready_fixed_energy_experiment_plus_local_beb | local_beb_registry_status=accepted | local_beb_source_path=${PROJECT_ROOT}\data\qec_results\incoming_2026_07_27\audit_all45_complete_2026_07_27_extracted\results\CFH3_cc-pVDZ_SE_HFSCF_10_2026-07-24T18-04-03\results\beb_xsec.dat | local_beb_source_type=QEC_old45_exact_XYZ_reaudited,10.1021/acs.jpca.0c06308;10.1021/jp210294p,F,0,0,Use every available experimental label. Apply a mask so each row contributes only to the energies/targets actually observed; do not invent missing curve points. | Additional label/source: Bull Table 2 peak height; peak energy is from Hudson thesis Table 3.4 (older value 3.79 A^2). Do not combine height and energy without retaining this provenance note.,
formaldehyde,Formaldehyde,CH2O,experimental_fixed_or_sparse_points,10.1021/acs.jpca.0c06308 | https://repository.lib.ncsu.edu/bitstreams/e76df401-02d2-4db1-903b-dad1b9e89fe0/download | https://pubs.acs.org/doi/10.1021/acs.jpca.0c06308,source_title=Predicting Total Electron-Ionization Cross Sections and GC-MS Calibration Factors Using Machine Learning,"source_pdf_page=337 | source_printed_page=295 | source_table=Appendix A, Table A.7 | Bose numerical carrier: dissertation Table A.7, PDF p.337 / printed p.295, BOSE396_146, row 'Formaldehyde', Mean cross section column. PDF-column replay matches retained experimental label 4.8 A^2 exactly.",published_numeric_BEB,${ARCHIVE_ROOT}\existing_beb_150_checkpoint_2026_07_30\beb_numeric\104_formaldehyde_BEB.csv,${ARCHIVE_ROOT}\outputs\no_qec_priority_2026_07_31\ready100_fixed_energy_with_existing_beb_no_qec.csv,fixed_70_75eV,1,4,"Bose数值为70–75 eV综合/归一化汇总，原测量工作须通过原作者来源链追溯；Table A.7页号属thesis而非期刊正文 | Late source-column audit: this Bose value is a standardized experimental population mean, not a BEB or ML prediction. The actual Table A.7 mean column and transfer to the retained input were checked. This does not reconstruct every original laboratory measurement, scaling factor or confidence interval, and is separate from BEB structural validation.","2026-09-06 source audit: provenance reconstructed from the actual frozen training input files, with original experiment citations and acquisition carriers distinguished where recovered. This audit verifies source metadata, not independent re-digitisation of every numerical value. See source_completeness_status for unresolved source limitations. Earlier identity-level claims are retained separately as legacy metadata, not current verification.",local_beb_match_method=exact_normalized_name_and_formula | local_beb_match_status=ready_fixed_energy_experiment_plus_local_beb | local_beb_registry_status=accepted | local_beb_source_path=${ARCHIVE_ROOT}\existing_beb_150_checkpoint_2026_07_30\beb_numeric\104_formaldehyde_BEB.csv | local_beb_source_type=published_numeric_BEB | 已出版数值BEB：https://physics.nist.gov/PhysRefData/Ionization/molTable.html; official NIST molecule entry CH2O; downloadable BEB ASCII,10.1021/acs.jpca.0c06308,F,0,0,Use every available experimental label. Apply a mask so each row contributes only to the energies/targets actually observed; do not invent missing curve points.,
formic-acid,Formic acid,CH2O2,experimental_fixed_or_sparse_points,10.1021/acs.jpca.0c06308 | https://repository.lib.ncsu.edu/bitstreams/e76df401-02d2-4db1-903b-dad1b9e89fe0/download | https://pubs.acs.org/doi/10.1021/acs.jpca.0c06308,source_title=Predicting Total Electron-Ionization Cross Sections and GC-MS Calibration Factors Using Machine Learning,"source_pdf_page=339 | source_printed_page=297 | source_table=Appendix A, Table A.7 | Bose numerical carrier: dissertation Table A.7, PDF p.339 / printed p.297, BOSE396_172, row 'Formic acid', Mean cross section column. PDF-column replay matches retained experimental label 4.3 A^2 exactly.",QEC_new32_exact_manifest,new32_qec_beb_successful30_2026_07_30.tar.gz::CH2O2_cc-pVDZ_SE_HFSCF_10_2026-07-30T00-18-41/results/beb_xsec.dat,${ARCHIVE_ROOT}\outputs\no_qec_priority_2026_07_31\ready100_fixed_energy_with_existing_beb_no_qec.csv,fixed_70_75eV,1,0,"Bose数值为70–75 eV综合/归一化汇总，原测量工作须通过原作者来源链追溯；Table A.7页号属thesis而非期刊正文 | Late source-column audit: this Bose value is a standardized experimental population mean, not a BEB or ML prediction. The actual Table A.7 mean column and transfer to the retained input were checked. This does not reconstruct every original laboratory measurement, scaling factor or confidence interval, and is separate from BEB structural validation.","2026-09-06 source audit: provenance reconstructed from the actual frozen training input files, with original experiment citations and acquisition carriers distinguished where recovered. This audit verifies source metadata, not independent re-digitisation of every numerical value. See source_completeness_status for unresolved source limitations. Earlier identity-level claims are retained separately as legacy metadata, not current verification.",local_beb_match_method=exact_normalized_name_and_formula | local_beb_match_status=ready_fixed_energy_experiment_plus_local_beb | local_beb_registry_status=accepted | local_beb_source_path=new32_qec_beb_successful30_2026_07_30.tar.gz::CH2O2_cc-pVDZ_SE_HFSCF_10_2026-07-30T00-18-41/results/beb_xsec.dat | local_beb_source_type=QEC_new32_exact_manifest,10.1021/acs.jpca.0c06308,F,0,0,Use every available experimental label. Apply a mask so each row contributes only to the energies/targets actually observed; do not invent missing curve points.,
furan,furan,C4H4O,experimental_fixed_or_sparse_points,10.1021/acs.jpca.0c06308 | https://repository.lib.ncsu.edu/bitstreams/e76df401-02d2-4db1-903b-dad1b9e89fe0/download,10.1021/acs.jpca.0c06308,"experimental_source_location=Appendix A, Table A.7; PDF page 345; printed page 303 | Bose numerical carrier: dissertation Table A.7, PDF p.345 / printed p.303, BOSE396_255, row 'Furan', Mean cross section column. PDF-column replay matches retained experimental label 8.3 A^2 exactly.",Zhong_database_published_numeric_BEB,${ARCHIVE_ROOT}\source_cache\zhong_database_88_extracted\id_49\C4H4O.csv,${ARCHIVE_ROOT}\outputs\no_qec_priority_2026_07_31\zhong_bose8_strict_fixed_energy_pairs_2026_08_01.csv,fixed_70_75eV,1,1,"Bose数值为70–75 eV综合/归一化汇总，原测量工作须通过原作者来源链追溯；Table A.7页号属thesis而非期刊正文 | Late source-column audit: this Bose value is a standardized experimental population mean, not a BEB or ML prediction. The actual Table A.7 mean column and transfer to the retained input were checked. This does not reconstruct every original laboratory measurement, scaling factor or confidence interval, and is separate from BEB structural validation.","2026-09-06 source audit: provenance reconstructed from the actual frozen training input files, with original experiment citations and acquisition carriers distinguished where recovered. This audit verifies source metadata, not independent re-digitisation of every numerical value. See source_completeness_status for unresolved source limitations. Earlier identity-level claims are retained separately as legacy metadata, not current verification.",beb_curve_path=${ARCHIVE_ROOT}\source_cache\zhong_database_88_extracted\id_49\C4H4O.csv | beb_source_doi=10.1063/5.0054342 | beb_source_type=Zhong_database_published_numeric_BEB,10.1021/acs.jpca.0c06308,F,0,0,BEB has equal tabulated maxima at 75 and 80 eV; 75 eV retained as first maximum. Experimental curve must be digitized before pointwise loss; no uncertainty guessed. | Additional label/source: Exact chemical name and formula match between the experimental table and database metadata; no formula-only isomer inference. | Fixed-energy experimental supervision label; missing experimental energies remain masked and are never invented.,
gallium-monochloride,gallium monochloride,GaCl,experimental_peak_height,10.1002/sia.2091,"original_experiment_reference=Shul et al. 1990 ref. 19; Phys. Rev. A 41 5856 | Shul, Freund and Wetzel (1990), Physical Review A 41, 5856, DOI 10.1103/PhysRevA.41.5856, cited as ref.19","Numerical carrier directly checked: Scott and Irikura (2005), DOI 10.1002/sia.2091, author manuscript Table 2, PDF p.11. 9.25 A^2 with quoted uncertainty 0.93 A^2; ECP-BEB 8.3 A^2. Table has peak amplitudes, not a common-energy observation or reported peak-energy column.",published_raw_ECP_BEB_peak,${ARCHIVE_ROOT}\outputs\no_qec_priority_2026_07_31\scott_irikura2005_new5_strict_peak_pairs_2026_08_02.csv,${ARCHIVE_ROOT}\outputs\no_qec_priority_2026_07_31\scott_irikura2005_new5_strict_peak_pairs_2026_08_02.csv,peak_height_numeric,1,2,"Earlier exact locator gap addressed for the source route named in the appended audit | Original author-manuscript numerical comparison table and its reference footnotes checked. The adopted numbers are recovered through this published theoretical comparison, not re-extracted from the earlier primary experimental paper. Not every original experimental paper has been independently read in full.","2026-09-06 source audit: provenance reconstructed from the actual frozen training input files, with original experiment citations and acquisition carriers distinguished where recovered. This audit verifies source metadata, not independent re-digitisation of every numerical value. See source_completeness_status for unresolved source limitations. Earlier identity-level claims are retained separately as legacy metadata, not current verification.",beb_curve_file=source_cache/scott_irikura_2005/si/ECP/gacl.beb-ecp.bun,10.1002/sia.2091,P,0,0,Exact gas-phase GaCl diatomic identity; not GaCl3. | Experiment 9.25 +/- 0.93 A2; raw ECP-BEB peak 8.3 A2. Original experiment: Shul et al. 1990 ref. 19; Phys. Rev. A 41 5856. Circularity audit: pass_unfitted_raw_beb,"The finite energy in this peak-amplitude record originated from a calculated BEB peak, not a verified common-energy experimental/BEB observation. Keep the independently recorded peak amplitudes; do not expose theoretical peak energy as experimental energy. Conservative model-input policy: the retained peak-amplitude pair has no assigned energy."
germane,germane,GeH4,experimental_fixed_or_sparse_points,"experimental_source=Perrin and Aarts experimental point as reproduced in Graves, Cooper and Tennyson (2021) Fig. 1; DOI 10.1063/5.0039465","experimental_source=Perrin and Aarts experimental point as reproduced in Graves, Cooper and Tennyson (2021) Fig. 1; DOI 10.1063/5.0039465",source_figure=source_cache/bart_gamman_2021_ecp_beb_figures/fig1_GeH4.jpeg,NIST_SRD107_numeric_BEB,${ARCHIVE_ROOT}\outputs\nist_beb_experimental_crawl_2026_08_01\beb_ascii\065_GeH4_BEB.txt,${ARCHIVE_ROOT}\outputs\current_experiment_beb_master_2026_08_01\geh4_single_point_READY_TIER_B.csv,sparse_point,1,3,来源元数据已找回；仍不等同对全部数值独立逐点复核,"2026-09-06 source audit: provenance reconstructed from the actual frozen training input files, with original experiment citations and acquisition carriers distinguished where recovered. This audit verifies source metadata, not independent re-digitisation of every numerical value. See source_completeness_status for unresolved source limitations. Earlier identity-level claims are retained separately as legacy metadata, not current verification.",beb_source=NIST SRD 107 adiabatic BEB numeric curve; Ali et al. 1997 DOI 10.1063/1.473842,10.1063/5.0039465 (Fig. 1 reproduces Perrin and Aarts),F,0,0,Tier B: independent 100 eV experimental point 6.0 A^2; local numeric NIST BEB 5.122 A^2; no uncertainty shown; no theoretical normalization used.,
glycolaldehyde,Glycolaldehyde,C2H4O2,experimental_fixed_or_sparse_points,10.1021/acs.jpca.0c06308 | https://repository.lib.ncsu.edu/bitstreams/e76df401-02d2-4db1-903b-dad1b9e89fe0/download,10.1021/acs.jpca.0c06308,"Bose numerical carrier: dissertation Table A.7, PDF p.341 / printed p.299, BOSE396_199, row 'Glycolaldehyde', Mean cross section column. PDF-column replay matches retained experimental label 6.4 A^2 exactly.",ALeCS_BEB_256_points,${ARCHIVE_ROOT}\outputs\alecs_bose396_match_2026_08_01\approved_ambiguous_identity_16\beb_curves_A2\012_glycolaldehyde_ALeCS_BEB_A2.csv,${ARCHIVE_ROOT}\outputs\alecs_bose396_match_2026_08_01\approved_ambiguous_identity_16\approved_16_manifest.csv,fixed_70_75eV,1,4,"原始提取记录存在ambiguity，须保留并重查；Bose数值为70–75 eV综合/归一化汇总，原测量工作须通过原作者来源链追溯；Table A.7页号属thesis而非期刊正文 | Late source-column audit: this Bose value is a standardized experimental population mean, not a BEB or ML prediction. The actual Table A.7 mean column and transfer to the retained input were checked. This does not reconstruct every original laboratory measurement, scaling factor or confidence interval, and is separate from BEB structural validation.","2026-09-06 source audit: provenance reconstructed from the actual frozen training input files, with original experiment citations and acquisition carriers distinguished where recovered. This audit verifies source metadata, not independent re-digitisation of every numerical value. See source_completeness_status for unresolved source limitations. Earlier identity-level claims are retained separately as legacy metadata, not current verification.",beb_curve_file=${ARCHIVE_ROOT}\outputs\alecs_bose396_match_2026_08_01\approved_ambiguous_identity_16\beb_curves_A2\012_glycolaldehyde_ALeCS_BEB_A2.csv | beb_source_doi=10.1051/0004-6361/202348293,10.1021/acs.jpca.0c06308,F,0,0,Connectivity explicitly identifies glycolaldehyde.,
hexafluoro-1-3-butadiene,perfluorobutadiene,C4F6,experimental_fixed_or_sparse_points,10.1021/acs.jpca.0c06308 | https://repository.lib.ncsu.edu/bitstreams/e76df401-02d2-4db1-903b-dad1b9e89fe0/download | https://pubs.acs.org/doi/10.1021/acs.jpca.0c06308,source_title=Predicting Total Electron-Ionization Cross Sections and GC-MS Calibration Factors Using Machine Learning,"source_pdf_page=349 | source_printed_page=307 | source_table=Appendix A, Table A.7 | Bose numerical carrier: dissertation Table A.7, PDF p.349 / printed p.307, BOSE396_322, row 'Perflurobutan-1,3-diene', Mean cross section column. PDF-column replay matches retained experimental label 11.8 A^2 exactly.",published_numeric_BEB,${ARCHIVE_ROOT}\existing_beb_150_checkpoint_2026_07_30\beb_numeric\018_hexafluoro-1_3-butadiene_BEB.csv,${ARCHIVE_ROOT}\outputs\no_qec_priority_2026_07_31\ready100_fixed_energy_with_existing_beb_no_qec.csv,fixed_70_75eV,1,0,"Bose数值为70–75 eV综合/归一化汇总，原测量工作须通过原作者来源链追溯；Table A.7页号属thesis而非期刊正文 | Late source-column audit: this Bose value is a standardized experimental population mean, not a BEB or ML prediction. The actual Table A.7 mean column and transfer to the retained input were checked. This does not reconstruct every original laboratory measurement, scaling factor or confidence interval, and is separate from BEB structural validation.","2026-09-06 source audit: provenance reconstructed from the actual frozen training input files, with original experiment citations and acquisition carriers distinguished where recovered. This audit verifies source metadata, not independent re-digitisation of every numerical value. See source_completeness_status for unresolved source limitations. Earlier identity-level claims are retained separately as legacy metadata, not current verification.",local_beb_match_method=curated_synonym_or_isomer_alias_and_formula | local_beb_match_status=ready_fixed_energy_experiment_plus_local_beb | local_beb_registry_status=accepted | local_beb_source_path=${ARCHIVE_ROOT}\existing_beb_150_checkpoint_2026_07_30\beb_numeric\018_hexafluoro-1_3-butadiene_BEB.csv | local_beb_source_type=published_numeric_BEB | 已出版数值BEB：https://doi.org/10.1021/jp210294p.s001; official SI PDF pp.54-60,10.1021/acs.jpca.0c06308;10.1021/jp210294p,F,0,0,Use every available experimental label. Apply a mask so each row contributes only to the energies/targets actually observed; do not invent missing curve points. | Additional label/source: Bull table formula CF2CFCFCF2. Article text says this measurement should ideally be experimentally redetermined; hold out from strict training until reviewed.,
hexafluoro-2-butyne,perfluorobutyne,C4F6,experimental_fixed_or_sparse_points,10.1021/acs.jpca.0c06308 | https://repository.lib.ncsu.edu/bitstreams/e76df401-02d2-4db1-903b-dad1b9e89fe0/download | https://pubs.acs.org/doi/10.1021/acs.jpca.0c06308,source_title=Predicting Total Electron-Ionization Cross Sections and GC-MS Calibration Factors Using Machine Learning,"source_pdf_page=349 | source_printed_page=307 | source_table=Appendix A, Table A.7 | Bose numerical carrier: dissertation Table A.7, PDF p.349 / printed p.307, BOSE396_321, row 'Perfluorobutan-2-yne', Mean cross section column. PDF-column replay matches retained experimental label 11.2 A^2 exactly.",published_numeric_BEB,${ARCHIVE_ROOT}\existing_beb_150_checkpoint_2026_07_30\beb_numeric\016_hexafluoro-2-butyne_BEB.csv,${ARCHIVE_ROOT}\outputs\no_qec_priority_2026_07_31\ready100_fixed_energy_with_existing_beb_no_qec.csv,fixed_70_75eV,1,1,"Bose数值为70–75 eV综合/归一化汇总，原测量工作须通过原作者来源链追溯；Table A.7页号属thesis而非期刊正文 | Late source-column audit: this Bose value is a standardized experimental population mean, not a BEB or ML prediction. The actual Table A.7 mean column and transfer to the retained input were checked. This does not reconstruct every original laboratory measurement, scaling factor or confidence interval, and is separate from BEB structural validation.","2026-09-06 source audit: provenance reconstructed from the actual frozen training input files, with original experiment citations and acquisition carriers distinguished where recovered. This audit verifies source metadata, not independent re-digitisation of every numerical value. See source_completeness_status for unresolved source limitations. Earlier identity-level claims are retained separately as legacy metadata, not current verification.",local_beb_match_method=curated_synonym_or_isomer_alias_and_formula | local_beb_match_status=ready_fixed_energy_experiment_plus_local_beb | local_beb_registry_status=accepted | local_beb_source_path=${ARCHIVE_ROOT}\existing_beb_150_checkpoint_2026_07_30\beb_numeric\016_hexafluoro-2-butyne_BEB.csv | local_beb_source_type=published_numeric_BEB | 已出版数值BEB：https://doi.org/10.1021/jp210294p.s001; official SI PDF pp.47-54,10.1021/acs.jpca.0c06308;10.1021/jp210294p,F,0,0,Use every available experimental label. Apply a mask so each row contributes only to the energies/targets actually observed; do not invent missing curve points. | Additional label/source: Bull table formula CF3CCCF3; peak energy cross-checked in Hudson thesis Table 3.4.,
hexafluoroethane,perfluoroethane,C2F6,experimental_curve_points;experimental_fixed_or_sparse_points,https://physics.nist.gov/cgi-bin/Ionization/graph_new.pl?element=C2F6.0 | 10.1021/acs.jpca.0c06308 | https://repository.lib.ncsu.edu/bitstreams/e76df401-02d2-4db1-903b-dad1b9e89fe0/download | https://pubs.acs.org/doi/10.1021/acs.jpca.0c06308,"source_reference=H. Nishimura, W.M. Huo, M.A. Ali, and Y.-K. Kim, J. Chem. Phys. 110 , 3811 (1999). | source_reference=H. U. Poll, and J. Meichsner, Contrib. Plasma Phys. 27 359 (1987). | source_reference=J.A. Beran and L. Kevan, J. Phys. Chem. 73 , 3866 (1969). | source_reference=L. G. Christophorou, J.K. Olthoff, and M.V.V.S. Rao, J. Phys. Chem. Ref. Data 25 , 1341 (1996). | source_reference=M. V. Kurepa, 3rd Cz. Conference on Electronics and Vacuum Transactions (1965). | original_nist_experiment_reference=H. Nishimura, W.M. Huo, M.A. Ali, and Y.-K. Kim, J. Chem. Phys. 110, 3811 (1999). | original_nist_experiment_reference=J.A. Beran and L. Kevan, J. Phys. Chem. 73, 3866 (1969). | original_nist_experiment_reference=H. U. Poll, and J. Meichsner, Contrib. Plasma Phys. 27 359 (1987). | original_nist_experiment_reference=M. V. Kurepa, 3rd Cz. Conference on Electronics and Vacuum Transactions (1965). | original_nist_experiment_reference=L. G. Christophorou, J.K. Olthoff, and M.V.V.S. Rao, J. Phys. Chem. Ref. Data 25, 1341 (1996). | source_title=Predicting Total Electron-Ionization Cross Sections and GC-MS Calibration Factors Using Machine Learning","dataset_id=exp_1 | dataset_id=exp_2 | dataset_id=exp_3 | dataset_id=exp_4 | dataset_id=exp_5 | source_pdf_page=348 | source_printed_page=306 | source_table=Appendix A, Table A.7 | Bose numerical carrier: dissertation Table A.7, PDF p.348 / printed p.306, BOSE396_304, row 'Hexafluoroethane', Mean cross section column. PDF-column replay matches retained experimental label 7.4 A^2 exactly.",NIST_SRD107_numeric_BEB,${ARCHIVE_ROOT}\nist_strict_usable_numeric_pairs_2026_07_30\beb_numeric_corrected\014_C2F6_BEB_corrected.csv,${ARCHIVE_ROOT}\nist_strict_usable_numeric_pairs_2026_07_30\paired_numeric\014_C2F6_BEB_vs_experiment.csv | ${ARCHIVE_ROOT}\outputs\no_qec_priority_2026_07_31\ready100_fixed_energy_with_existing_beb_no_qec.csv,curve_point | fixed_70_75eV,74,4,"NIST为获取载体；原作者题录已从实际series恢复，未逐篇全文复核全部原实验；Bose数值为70–75 eV综合/归一化汇总，原测量工作须通过原作者来源链追溯；Table A.7页号属thesis而非期刊正文 | Late source-column audit: this Bose value is a standardized experimental population mean, not a BEB or ML prediction. The actual Table A.7 mean column and transfer to the retained input were checked. This does not reconstruct every original laboratory measurement, scaling factor or confidence interval, and is separate from BEB structural validation.","2026-09-06 source audit: provenance reconstructed from the actual frozen training input files, with original experiment citations and acquisition carriers distinguished where recovered. This audit verifies source metadata, not independent re-digitisation of every numerical value. See source_completeness_status for unresolved source limitations. Earlier identity-level claims are retained separately as legacy metadata, not current verification.","original_nist_beb_reference=BEB (CAS wave function with estimates for multiple ionization) N. Nishimura, W.M. Huo, M.A. Ali, and Y.-K. Kim, J. Chem. Phys. 110, 3811 (1999). | NIST图BEB来源=BEB (CAS wave function with estimates for multiple ionization) N. Nishimura, W.M. Huo, M.A. Ali, and Y.-K. Kim, J. Chem. Phys. 110, 3811 (1999). | local_beb_match_method=exact_normalized_name_and_formula | local_beb_match_status=ready_fixed_energy_experiment_plus_local_beb | local_beb_registry_status=accepted_replacing_lower_priority | local_beb_source_path=${ARCHIVE_ROOT}\nist_strict_usable_numeric_pairs_2026_07_30\beb_numeric_corrected\014_C2F6_BEB_corrected.csv | local_beb_source_type=NIST_SRD107_numeric_BEB",10.1021/acs.jpca.0c06308;10.1021/jp210294p,C/F,73,0,Use every available experimental label. Apply a mask so each row contributes only to the energies/targets actually observed; do not invent missing curve points. | Additional label/source: Peak energy cross-checked in Hudson thesis Table 3.4; full curve is published in the primary halocarbon study.,
hexafluoropropene,perfluoropropene,C3F6,experimental_fixed_or_sparse_points,10.1021/acs.jpca.0c06308 | https://repository.lib.ncsu.edu/bitstreams/e76df401-02d2-4db1-903b-dad1b9e89fe0/download | https://pubs.acs.org/doi/10.1021/acs.jpca.0c06308,source_title=Predicting Total Electron-Ionization Cross Sections and GC-MS Calibration Factors Using Machine Learning,"source_pdf_page=349 | source_printed_page=307 | source_table=Appendix A, Table A.7 | Bose numerical carrier: dissertation Table A.7, PDF p.349 / printed p.307, BOSE396_317, row 'Hexafluoropropene', Mean cross section column. PDF-column replay matches retained experimental label 8.8 A^2 exactly.",published_numeric_BEB,${ARCHIVE_ROOT}\existing_beb_150_checkpoint_2026_07_30\beb_numeric\014_hexafluoropropene_BEB.csv,${ARCHIVE_ROOT}\outputs\no_qec_priority_2026_07_31\ready100_fixed_energy_with_existing_beb_no_qec.csv,fixed_70_75eV,1,2,"Bose数值为70–75 eV综合/归一化汇总，原测量工作须通过原作者来源链追溯；Table A.7页号属thesis而非期刊正文 | Late source-column audit: this Bose value is a standardized experimental population mean, not a BEB or ML prediction. The actual Table A.7 mean column and transfer to the retained input were checked. This does not reconstruct every original laboratory measurement, scaling factor or confidence interval, and is separate from BEB structural validation.","2026-09-06 source audit: provenance reconstructed from the actual frozen training input files, with original experiment citations and acquisition carriers distinguished where recovered. This audit verifies source metadata, not independent re-digitisation of every numerical value. See source_completeness_status for unresolved source limitations. Earlier identity-level claims are retained separately as legacy metadata, not current verification.",local_beb_match_method=exact_normalized_name_and_formula | local_beb_match_status=ready_fixed_energy_experiment_plus_local_beb | local_beb_registry_status=accepted | local_beb_source_path=${ARCHIVE_ROOT}\existing_beb_150_checkpoint_2026_07_30\beb_numeric\014_hexafluoropropene_BEB.csv | local_beb_source_type=published_numeric_BEB | 已出版数值BEB：https://doi.org/10.1021/jp210294p.s001; official SI PDF pp.41-47,10.1021/acs.jpca.0c06308;10.1021/jp210294p,F,0,0,"Use every available experimental label. Apply a mask so each row contributes only to the energies/targets actually observed; do not invent missing curve points. | Additional label/source: Bull table formula CF2=CFCF3. Hudson thesis Table 3.4 reports 9.89 A^2 at 126 eV, so the historical height discrepancy must be audited before strict curve fitting.",
hexamethyldisiloxane,hexamethyldisiloxane,C6H18OSi2,experimental_fixed_or_sparse_points,10.1016/S1387-3806(98)14027-7,10.1016/S1387-3806(98)14027-7,experimental_source_location=abstract; article pp.245-252,published_SI_formula_reconstructed_BEB,${ARCHIVE_ROOT}\outputs\no_qec_priority_2026_07_31\scott_irikura_heavy4_reconstructed_2026_08_01\tms2o_scott_irikura_2005_ecp_beb_A2.csv,${ARCHIVE_ROOT}\outputs\no_qec_priority_2026_07_31\scott_irikura_heavy_ready_vs_pending_2026_08_01.csv,fixed_energy_numeric,1,3,来源元数据已找回；仍不等同对全部数值独立逐点复核,"2026-09-06 source audit: provenance reconstructed from the actual frozen training input files, with original experiment citations and acquisition carriers distinguished where recovered. This audit verifies source metadata, not independent re-digitisation of every numerical value. See source_completeness_status for unresolved source limitations. Earlier identity-level claims are retained separately as legacy metadata, not current verification.",beb_curve_file=${ARCHIVE_ROOT}\outputs\no_qec_priority_2026_07_31\scott_irikura_heavy4_reconstructed_2026_08_01\tms2o_scott_irikura_2005_ecp_beb_A2.csv | beb_method=ECP-BEB | beb_orbital_source_file=${ARCHIVE_ROOT}\source_cache\scott_irikura_2005\si\ECP\tms2o.beb-ecp.bun | beb_source_doi=10.1021/ct050077j | beb_supplement_doi=10.1021/ct050077j.s001,10.1016/S1387-3806(98)14027-7,F,0,0,Exact identity; experimental total single-ionization value is 2.2e-15 cm2 = 22 A2 at 70 eV; paper contains the energy curve; BEB is reconstructed from the published ECP constants.,
hexane,n-Hexane,C6H14,experimental_fixed_or_sparse_points,10.1021/acs.jpca.0c06308 | https://repository.lib.ncsu.edu/bitstreams/e76df401-02d2-4db1-903b-dad1b9e89fe0/download | https://pubs.acs.org/doi/10.1021/acs.jpca.0c06308,source_title=Predicting Total Electron-Ionization Cross Sections and GC-MS Calibration Factors Using Machine Learning,"source_pdf_page=330 | source_printed_page=288 | source_table=Appendix A, Table A.7 | Bose numerical carrier: dissertation Table A.7, PDF p.330 / printed p.288, BOSE396_009, row 'n-Hexane', Mean cross section column. PDF-column replay matches retained experimental label 20.0 A^2 exactly.",QEC_new32_exact_manifest,new32_qec_beb_successful30_2026_07_30.tar.gz::C6H14_cc-pVDZ_SE_HFSCF_10_2026-07-30T18-59-02/results/beb_xsec.dat,${ARCHIVE_ROOT}\outputs\no_qec_priority_2026_07_31\ready100_fixed_energy_with_existing_beb_no_qec.csv,fixed_70_75eV,1,4,"Bose数值为70–75 eV综合/归一化汇总，原测量工作须通过原作者来源链追溯；Table A.7页号属thesis而非期刊正文 | Late source-column audit: this Bose value is a standardized experimental population mean, not a BEB or ML prediction. The actual Table A.7 mean column and transfer to the retained input were checked. This does not reconstruct every original laboratory measurement, scaling factor or confidence interval, and is separate from BEB structural validation.","2026-09-06 source audit: provenance reconstructed from the actual frozen training input files, with original experiment citations and acquisition carriers distinguished where recovered. This audit verifies source metadata, not independent re-digitisation of every numerical value. See source_completeness_status for unresolved source limitations. Earlier identity-level claims are retained separately as legacy metadata, not current verification.",local_beb_match_method=curated_synonym_or_isomer_alias_and_formula | local_beb_match_status=ready_fixed_energy_experiment_plus_local_beb | local_beb_registry_status=accepted | local_beb_source_path=new32_qec_beb_successful30_2026_07_30.tar.gz::C6H14_cc-pVDZ_SE_HFSCF_10_2026-07-30T18-59-02/results/beb_xsec.dat | local_beb_source_type=QEC_new32_exact_manifest,10.1021/acs.jpca.0c06308,F,0,0,Use every available experimental label. Apply a mask so each row contributes only to the energies/targets actually observed; do not invent missing curve points.,
hydrogen,hydrogen,H2,experimental_curve_points;experimental_fixed_or_sparse_points,https://physics.nist.gov/cgi-bin/Ionization/graph_new.pl?element=H2.0 | 10.1021/acs.jpca.0c06308 | https://repository.lib.ncsu.edu/bitstreams/e76df401-02d2-4db1-903b-dad1b9e89fe0/download | https://pubs.acs.org/doi/10.1021/acs.jpca.0c06308,"source_reference=B. L. Schram, H. R. Moustafa, J. Schutten and F. J. de Heer, Physica 32 , 734 (1966). | source_reference=D. Rapp and P. Englander-Golden, J. Chem. Phys. 43 , 1464 (1965). | source_reference=E. Krishnakumar and S. K. Srivastava, J. Phys. B 27 , L251 (1994). | source_reference=H. C. Straub, P. Renault, B. G. Lindsay, K. A. Smith, and R. F. Stebbings, Phys. Rev. A 54 , 2146 (1996). | original_nist_experiment_reference=D. Rapp and P. Englander-Golden, J. Chem. Phys. 43, 1464 (1965). | original_nist_experiment_reference=E. Krishnakumar and S. K. Srivastava, J. Phys. B 27, L251 (1994). | original_nist_experiment_reference=B. L. Schram, H. R. Moustafa, J. Schutten and F. J. de Heer, Physica 32, 734 (1966). | original_nist_experiment_reference=H. C. Straub, P. Renault, B. G. Lindsay, K. A. Smith, and R. F. Stebbings, Phys. Rev. A 54, 2146 (1996). | source_title=Predicting Total Electron-Ionization Cross Sections and GC-MS Calibration Factors Using Machine Learning","dataset_id=exp_1 | dataset_id=exp_2 | dataset_id=exp_4 | dataset_id=exp_5 | source_pdf_page=347 | source_printed_page=305 | source_table=Appendix A, Table A.7 | Bose numerical carrier: dissertation Table A.7, PDF p.347 / printed p.305, BOSE396_284, row 'Hydrogen', Mean cross section column. PDF-column replay matches retained experimental label 1.2 A^2 exactly.",QEC_strict9_authoritative,${PROJECT_ROOT}\data\qec_results\incoming_2026_07_27\strict_new9_results_COMPLETE_2026_07_27_extracted\results\H2_cc-pVDZ_SE_HFSCF_10_2026-07-27T00-44-44\results\beb_xsec.dat,${ARCHIVE_ROOT}\nist_strict_usable_numeric_pairs_2026_07_30\paired_numeric\015_H2_BEB_vs_experiment.csv | ${ARCHIVE_ROOT}\outputs\no_qec_priority_2026_07_31\ready100_fixed_energy_with_existing_beb_no_qec.csv,curve_point | fixed_70_75eV,50,4,"NIST为获取载体；原作者题录已从实际series恢复，未逐篇全文复核全部原实验；Bose数值为70–75 eV综合/归一化汇总，原测量工作须通过原作者来源链追溯；Table A.7页号属thesis而非期刊正文 | Late source-column audit: this Bose value is a standardized experimental population mean, not a BEB or ML prediction. The actual Table A.7 mean column and transfer to the retained input were checked. This does not reconstruct every original laboratory measurement, scaling factor or confidence interval, and is separate from BEB structural validation.","2026-09-06 source audit: provenance reconstructed from the actual frozen training input files, with original experiment citations and acquisition carriers distinguished where recovered. This audit verifies source metadata, not independent re-digitisation of every numerical value. See source_completeness_status for unresolved source limitations. Earlier identity-level claims are retained separately as legacy metadata, not current verification.","original_nist_beb_reference=BEBY.-K. Kim and M.E. Rudd, Phys. Rev. A 50, 3954 (1994); W. Hwang, Y.-K. Kim and M.E. Rudd, J. Chem. Phys. 104, 2956 (1996); and Y.-K. Kim and M. E. Rudd, Comments At. Mol. Phys. 34, 293 (1999). | NIST图BEB来源=BEBY.-K. Kim and M.E. Rudd, Phys. Rev. A 50, 3954 (1994); W. Hwang, Y.-K. Kim and M.E. Rudd, J. Chem. Phys. 104, 2956 (1996); and Y.-K. Kim and M. E. Rudd, Comments At. Mol. Phys. 34, 293 (1999). | local_beb_match_method=exact_normalized_name_and_formula | local_beb_match_status=ready_fixed_energy_experiment_plus_local_beb | local_beb_registry_status=accepted | local_beb_source_path=${PROJECT_ROOT}\data\qec_results\incoming_2026_07_27\strict_new9_results_COMPLETE_2026_07_27_extracted\results\H2_cc-pVDZ_SE_HFSCF_10_2026-07-27T00-44-44\results\beb_xsec.dat | local_beb_source_type=QEC_strict9_authoritative",10.1063/1.1696957,C/F,49,0,Use every available experimental label. Apply a mask so each row contributes only to the energies/targets actually observed; do not invent missing curve points.,
hydrogen-sulfide,hydrogen sulfide,H2S,experimental_curve_points;experimental_fixed_or_sparse_points,https://physics.nist.gov/cgi-bin/Ionization/graph_new.pl?element=H2S.0 | 10.1021/acs.jpca.0c06308 | https://repository.lib.ncsu.edu/bitstreams/e76df401-02d2-4db1-903b-dad1b9e89fe0/download | https://pubs.acs.org/doi/10.1021/acs.jpca.0c06308,"source_reference=D. S. Belic and M. V. Kurepa, Fizika 17 , 117 (1985). | source_reference=M. V. V. S. Rao and S. K. Srivastava, J. Geophys. Res. 98 13137 (1993). | original_nist_experiment_reference=M. V. V. S. Rao and S. K. Srivastava, J. Geophys. Res. 98 13137 (1993). | original_nist_experiment_reference=D. S. Belic and M. V. Kurepa, Fizika 17, 117 (1985). | source_title=Predicting Total Electron-Ionization Cross Sections and GC-MS Calibration Factors Using Machine Learning","dataset_id=exp_1 | dataset_id=exp_2 | source_pdf_page=347 | source_printed_page=305 | source_table=Appendix A, Table A.7 | Bose numerical carrier: dissertation Table A.7, PDF p.347 / printed p.305, BOSE396_292, row 'Hydrogen sulfide', Mean cross section column. PDF-column replay matches retained experimental label 6.4 A^2 exactly.",NIST_SRD107_numeric_BEB,${ARCHIVE_ROOT}\nist_strict_usable_numeric_pairs_2026_07_30\beb_numeric_corrected\016_H2S_BEB_corrected.csv,${ARCHIVE_ROOT}\nist_strict_usable_numeric_pairs_2026_07_30\paired_numeric\016_H2S_BEB_vs_experiment.csv | ${ARCHIVE_ROOT}\outputs\no_qec_priority_2026_07_31\ready100_fixed_energy_with_existing_beb_no_qec.csv,curve_point | fixed_70_75eV,47,4,"NIST为获取载体；原作者题录已从实际series恢复，未逐篇全文复核全部原实验；Bose数值为70–75 eV综合/归一化汇总，原测量工作须通过原作者来源链追溯；Table A.7页号属thesis而非期刊正文 | Late source-column audit: this Bose value is a standardized experimental population mean, not a BEB or ML prediction. The actual Table A.7 mean column and transfer to the retained input were checked. This does not reconstruct every original laboratory measurement, scaling factor or confidence interval, and is separate from BEB structural validation.","2026-09-06 source audit: provenance reconstructed from the actual frozen training input files, with original experiment citations and acquisition carriers distinguished where recovered. This audit verifies source metadata, not independent re-digitisation of every numerical value. See source_completeness_status for unresolved source limitations. Earlier identity-level claims are retained separately as legacy metadata, not current verification.","original_nist_beb_reference=BEBY.-K. Kim, W. Hwang, N. M. Weinberger, M. A. Ali and M.E. Rudd, J. Chem. Phys. 106, 1026 (1997). | NIST图BEB来源=BEBY.-K. Kim, W. Hwang, N. M. Weinberger, M. A. Ali and M.E. Rudd, J. Chem. Phys. 106, 1026 (1997). | local_beb_match_method=exact_normalized_name_and_formula | local_beb_match_status=ready_fixed_energy_experiment_plus_local_beb | local_beb_registry_status=accepted_replacing_lower_priority | local_beb_source_path=${ARCHIVE_ROOT}\nist_strict_usable_numeric_pairs_2026_07_30\beb_numeric_corrected\016_H2S_BEB_corrected.csv | local_beb_source_type=NIST_SRD107_numeric_BEB",10.1063/1.1557934,C/F,46,0,Use every available experimental label. Apply a mask so each row contributes only to the energies/targets actually observed; do not invent missing curve points.,
indene,Indene,C9H8,experimental_fixed_or_sparse_points,10.1021/acs.jpca.0c06308 | https://repository.lib.ncsu.edu/bitstreams/e76df401-02d2-4db1-903b-dad1b9e89fe0/download | https://pubs.acs.org/doi/10.1021/acs.jpca.0c06308,source_title=Predicting Total Electron-Ionization Cross Sections and GC-MS Calibration Factors Using Machine Learning,"source_pdf_page=334 | source_printed_page=292 | source_table=Appendix A, Table A.7 | Bose numerical carrier: dissertation Table A.7, PDF p.334 / printed p.292, BOSE396_090, row 'Indene', Mean cross section column. PDF-column replay matches retained experimental label 27.3 A^2 exactly.",QEC_new32_exact_manifest,new32_qec_beb_successful30_2026_07_30.tar.gz::C9H8_cc-pVDZ_SE_HFSCF_10_2026-07-30T18-16-14/results/beb_xsec.dat,${ARCHIVE_ROOT}\outputs\no_qec_priority_2026_07_31\ready100_fixed_energy_with_existing_beb_no_qec.csv,fixed_70_75eV,1,0,"Bose数值为70–75 eV综合/归一化汇总，原测量工作须通过原作者来源链追溯；Table A.7页号属thesis而非期刊正文 | Late source-column audit: this Bose value is a standardized experimental population mean, not a BEB or ML prediction. The actual Table A.7 mean column and transfer to the retained input were checked. This does not reconstruct every original laboratory measurement, scaling factor or confidence interval, and is separate from BEB structural validation.","2026-09-06 source audit: provenance reconstructed from the actual frozen training input files, with original experiment citations and acquisition carriers distinguished where recovered. This audit verifies source metadata, not independent re-digitisation of every numerical value. See source_completeness_status for unresolved source limitations. Earlier identity-level claims are retained separately as legacy metadata, not current verification.",local_beb_match_method=exact_normalized_name_and_formula | local_beb_match_status=ready_fixed_energy_experiment_plus_local_beb | local_beb_registry_status=accepted | local_beb_source_path=new32_qec_beb_successful30_2026_07_30.tar.gz::C9H8_cc-pVDZ_SE_HFSCF_10_2026-07-30T18-16-14/results/beb_xsec.dat | local_beb_source_type=QEC_new32_exact_manifest,10.1021/acs.jpca.0c06308,F,0,0,Use every available experimental label. Apply a mask so each row contributes only to the energies/targets actually observed; do not invent missing curve points.,
iodomethane,iodomethane,CH3I,experimental_peak_height,10.1002/sia.2091,"original_experiment_reference=Rejoub et al. 2002 ref. 25; J. Chem. Phys. 117 6450 | Rejoub, Lindsay and Stebbings (2002), Journal of Chemical Physics 117, 6450, DOI 10.1063/1.1506152, cited as ref.25","Numerical carrier directly checked: Scott and Irikura (2005), DOI 10.1002/sia.2091, author manuscript Table 2, PDF p.11. 10.3 A^2 with quoted uncertainty 0.3 A^2; ECP-BEB 8.7 A^2. Table has peak amplitudes, not a common-energy observation or reported peak-energy column.",published_raw_ECP_BEB_peak,${ARCHIVE_ROOT}\outputs\no_qec_priority_2026_07_31\scott_irikura2005_new5_strict_peak_pairs_2026_08_02.csv,${ARCHIVE_ROOT}\outputs\no_qec_priority_2026_07_31\scott_irikura2005_new5_strict_peak_pairs_2026_08_02.csv,peak_height_numeric,1,1,"Earlier exact locator gap addressed for the source route named in the appended audit | Original author-manuscript numerical comparison table and its reference footnotes checked. The adopted numbers are recovered through this published theoretical comparison, not re-extracted from the earlier primary experimental paper. Not every original experimental paper has been independently read in full.","2026-09-06 source audit: provenance reconstructed from the actual frozen training input files, with original experiment citations and acquisition carriers distinguished where recovered. This audit verifies source metadata, not independent re-digitisation of every numerical value. See source_completeness_status for unresolved source limitations. Earlier identity-level claims are retained separately as legacy metadata, not current verification.",beb_curve_file=source_cache/scott_irikura_2005/si/ECP/ch3i.beb-ecp.bun,10.1002/sia.2091,P,0,0,Exact CH3I methyl iodide identity; Table 2 also lists an independent 9.64 plus or minus 0.58 A2 measurement. | Experiment 10.3 +/- 0.3 A2; raw ECP-BEB peak 8.7 A2. Original experiment: Rejoub et al. 2002 ref. 25; J. Chem. Phys. 117 6450. Circularity audit: pass_unfitted_raw_beb,"The finite energy in this peak-amplitude record originated from a calculated BEB peak, not a verified common-energy experimental/BEB observation. Keep the independently recorded peak amplitudes; do not expose theoretical peak energy as experimental energy. Conservative model-input policy: the retained peak-amplitude pair has no assigned energy."
isobutene,isobutene,C4H8,experimental_fixed_or_sparse_points,10.1021/acs.jpca.0c06308,10.1021/acs.jpca.0c06308,"experiment_location=Appendix A, Table A.7; source PDF p.331, printed p.289",NIST_SRD107_numeric_BEB,${ARCHIVE_ROOT}\outputs\no_qec_priority_2026_07_31\nist_beb_expansion_2026_07_31\isobutene_C4H8_NIST_BEB.csv,${ARCHIVE_ROOT}\outputs\no_qec_priority_2026_07_31\new25_incremental_identity_ledger_2026_08_01.csv,fixed_energy_numeric,1,2,Bose数值为70–75 eV综合/归一化汇总，原测量工作须通过原作者来源链追溯；Table A.7页号属thesis而非期刊正文,"2026-09-06 source audit: provenance reconstructed from the actual frozen training input files, with original experiment citations and acquisition carriers distinguished where recovered. This audit verifies source metadata, not independent re-digitisation of every numerical value. See source_completeness_status for unresolved source limitations. Earlier identity-level claims are retained separately as legacy metadata, not current verification.",beb_doi=NIST SRD 107 | beb_local_path=${ARCHIVE_ROOT}\outputs\no_qec_priority_2026_07_31\nist_beb_expansion_2026_07_31\isobutene_C4H8_NIST_BEB.csv | beb_location=https://physics.nist.gov/cgi-bin/Ionization/table.pl?ionization=C4H8xx2 | beb_numeric_scope=full_numeric_curve,10.1021/acs.jpca.0c06308,F,0,0,"Exact isomer/name and formula match: Bose ""iso-Butene"" = NIST ""Isobutene"" (C4H8)",
isobutyl-acetate,isobutyl acetate,C6H12O2,experimental_fixed_or_sparse_points;experimental_peak_height,10.1016/j.ijms.2005.11.003 | 10.1021/acs.jpca.0c06308 | https://repository.lib.ncsu.edu/bitstreams/e76df401-02d2-4db1-903b-dad1b9e89fe0/download | https://pubs.acs.org/doi/10.1021/acs.jpca.0c06308,numeric_label_source_title=Absolute electron impact ionization cross-sections and polarizability volumes for the C2 to C6 methanoates and C3 to C7 ethanoates | source_title=Predicting Total Electron-Ionization Cross Sections and GC-MS Calibration Factors Using Machine Learning,"source_pdf_page=340 | source_printed_page=298 | source_table=Appendix A, Table A.7 | Hudson 2006 Table 1: journal p45 / PDF p4; independently tabulated experimental peak height; no peak energy in table | Retained peak label: Hudson et al. (2006), Table 1, journal p45 / PDF p4; experimental peak height only; peak energy unreported; 5% source accuracy | Bose numerical carrier: dissertation Table A.7, PDF p.340 / printed p.298, BOSE396_190, row 'iso-Butyl acetate', Mean cross section column. PDF-column replay matches retained experimental label 21.2 A^2 exactly.",published_numeric_BEB,${ARCHIVE_ROOT}\existing_beb_150_checkpoint_2026_07_30\beb_numeric\041_isobutyl_acetate_BEB.csv,${ARCHIVE_ROOT}\outputs\no_qec_priority_2026_07_31\agent_no_qec_immediate_numeric_peak_labels_50.csv | ${ARCHIVE_ROOT}\outputs\no_qec_priority_2026_07_31\ready100_fixed_energy_with_existing_beb_no_qec.csv,fixed_70_75eV | peak_height,2,3,"The 55 energy-dependent points from the ambiguous isomer trace are excluded. The retained experimental constraints are the independent Hudson (2006) Table 1 peak height and the Bose 70–75 eV compilation value. Table 1 does not report peak energy; its peak label has unreported energy and source-accuracy uncertainty of 5%. The full source papers/compilation are separately identified. | Late source-column audit: this Bose value is a standardized experimental population mean, not a BEB or ML prediction. The actual Table A.7 mean column and transfer to the retained input were checked. This does not reconstruct every original laboratory measurement, scaling factor or confidence interval, and is separate from BEB structural validation.",2026-09-06 source audit: legacy audit assertions superseded. The 55 energy-dependent points from the ambiguous isomer trace are excluded. The retained experimental constraints are the independent Hudson (2006) Table 1 peak height and the Bose 70–75 eV compilation value. Table 1 does not report peak energy; its peak label has unreported energy and source-accuracy uncertainty of 5%. The full source papers/compilation are separately identified. Source labels updated after the 350-row exclusion; withdrawn series are not current training evidence.,accepted_BEB_path=${ARCHIVE_ROOT}\existing_beb_150_checkpoint_2026_07_30\beb_numeric\041_isobutyl_acetate_BEB.csv | accepted_BEB_source=published_numeric_BEB | local_beb_match_method=exact_normalized_name_and_formula | local_beb_match_status=ready_fixed_energy_experiment_plus_local_beb | local_beb_registry_status=accepted | local_beb_source_path=${ARCHIVE_ROOT}\existing_beb_150_checkpoint_2026_07_30\beb_numeric\041_isobutyl_acetate_BEB.csv | local_beb_source_type=published_numeric_BEB | 已出版数值BEB：https://doi.org/10.1021/jp210294p.s001; official SI PDF pp.186-193,10.1016/j.ijms.2005.11.003,F/P,0,55,Use every available experimental label. Apply a mask so each row contributes only to the energies/targets actually observed; do not invent missing curve points.,
isobutyl-formate,isobutyl formate,C5H10O2,experimental_fixed_or_sparse_points;experimental_peak_height,10.1016/j.ijms.2005.11.003 | 10.1021/acs.jpca.0c06308 | https://repository.lib.ncsu.edu/bitstreams/e76df401-02d2-4db1-903b-dad1b9e89fe0/download | https://pubs.acs.org/doi/10.1021/acs.jpca.0c06308,numeric_label_source_title=Absolute electron impact ionization cross-sections and polarizability volumes for the C2 to C6 methanoates and C3 to C7 ethanoates | source_title=Predicting Total Electron-Ionization Cross Sections and GC-MS Calibration Factors Using Machine Learning,"source_pdf_page=339 | source_printed_page=297 | source_table=Appendix A, Table A.7 | Hudson 2006 Table 1: journal p45 / PDF p4; independently tabulated experimental peak height; no peak energy in table | Retained peak label: Hudson et al. (2006), Table 1, journal p45 / PDF p4; experimental peak height only; peak energy unreported; 5% source accuracy | Bose numerical carrier: dissertation Table A.7, PDF p.339 / printed p.297, BOSE396_181, row 'iso-Butyl formate', Mean cross section column. PDF-column replay matches retained experimental label 16.8 A^2 exactly.",published_numeric_BEB,${ARCHIVE_ROOT}\existing_beb_150_checkpoint_2026_07_30\beb_numeric\033_isobutyl_formate_BEB.csv,${ARCHIVE_ROOT}\outputs\no_qec_priority_2026_07_31\agent_no_qec_immediate_numeric_peak_labels_50.csv | ${ARCHIVE_ROOT}\outputs\no_qec_priority_2026_07_31\ready100_fixed_energy_with_existing_beb_no_qec.csv,fixed_70_75eV | peak_height,2,0,"The 55 energy-dependent points from the ambiguous isomer trace are excluded. The retained experimental constraints are the independent Hudson (2006) Table 1 peak height and the Bose 70–75 eV compilation value. Table 1 does not report peak energy; its peak label has unreported energy and source-accuracy uncertainty of 5%. The full source papers/compilation are separately identified. | Late source-column audit: this Bose value is a standardized experimental population mean, not a BEB or ML prediction. The actual Table A.7 mean column and transfer to the retained input were checked. This does not reconstruct every original laboratory measurement, scaling factor or confidence interval, and is separate from BEB structural validation.",2026-09-06 source audit: legacy audit assertions superseded. The 55 energy-dependent points from the ambiguous isomer trace are excluded. The retained experimental constraints are the independent Hudson (2006) Table 1 peak height and the Bose 70–75 eV compilation value. Table 1 does not report peak energy; its peak label has unreported energy and source-accuracy uncertainty of 5%. The full source papers/compilation are separately identified. Source labels updated after the 350-row exclusion; withdrawn series are not current training evidence.,accepted_BEB_path=${ARCHIVE_ROOT}\existing_beb_150_checkpoint_2026_07_30\beb_numeric\033_isobutyl_formate_BEB.csv | accepted_BEB_source=published_numeric_BEB | local_beb_match_method=exact_normalized_name_and_formula | local_beb_match_status=ready_fixed_energy_experiment_plus_local_beb | local_beb_registry_status=accepted | local_beb_source_path=${ARCHIVE_ROOT}\existing_beb_150_checkpoint_2026_07_30\beb_numeric\033_isobutyl_formate_BEB.csv | local_beb_source_type=published_numeric_BEB | 已出版数值BEB：https://doi.org/10.1021/jp210294p.s001; official SI PDF pp.133-140,10.1016/j.ijms.2005.11.003,F/P,0,55,Use every available experimental label. Apply a mask so each row contributes only to the energies/targets actually observed; do not invent missing curve points.,
isobutyraldehyde,isobutyraldehyde,C4H8O,experimental_curve_points;experimental_fixed_or_sparse_points;experimental_peak_height,10.1016/j.ijms.2008.03.003 | 10.1021/jp210294p | https://pubs.acs.org/doi/10.1021/jp210294p | 10.1021/acs.jpca.0c06308 | https://repository.lib.ncsu.edu/bitstreams/e76df401-02d2-4db1-903b-dad1b9e89fe0/download | https://pubs.acs.org/doi/10.1021/acs.jpca.0c06308,source_title=Predicting Total Electron-Ionization Cross Sections and GC-MS Calibration Factors Using Machine Learning,"table_or_figure=Table 2; Fig.1/Table2 d | source_page_table_figure=printed p. 769; Table 2 | source_pdf_page=338 | source_printed_page=296 | source_table=Appendix A, Table A.7 | Bose numerical carrier: dissertation Table A.7, PDF p.338 / printed p.296, BOSE396_150, row 'iso-Butanaldehyde', Mean cross section column. PDF-column replay matches retained experimental label 12.9 A^2 exactly.",QEC_core17_authoritative,qec_first18_results_2026_07_24.tar.gz::results/C4H8O_cc-pVDZ_SE_HFSCF_10_2026-07-23T21-57-33/results/beb_xsec.dat,${ARCHIVE_ROOT}\outputs\no_qec_priority_2026_07_31\agent_bull2012_peak32.csv | ${ARCHIVE_ROOT}\outputs\no_qec_priority_2026_07_31\ready100_fixed_energy_with_existing_beb_no_qec.csv | ${PROJECT_ROOT}\data\processed\qec_low_energy_priority_curve_points_2026_07_26.csv,curve_point | fixed_70_75eV | peak_height,57,2,"Bose数值为70–75 eV综合/归一化汇总，原测量工作须通过原作者来源链追溯；Table A.7页号属thesis而非期刊正文 | Late source-column audit: this Bose value is a standardized experimental population mean, not a BEB or ML prediction. The actual Table A.7 mean column and transfer to the retained input were checked. This does not reconstruct every original laboratory measurement, scaling factor or confidence interval, and is separate from BEB structural validation.","2026-09-06 source audit: provenance reconstructed from the actual frozen training input files, with original experiment citations and acquisition carriers distinguished where recovered. This audit verifies source metadata, not independent re-digitisation of every numerical value. See source_completeness_status for unresolved source limitations. Earlier identity-level claims are retained separately as legacy metadata, not current verification.",local_beb_match_method=curated_synonym_or_isomer_alias_and_formula | local_beb_match_status=ready_fixed_energy_experiment_plus_local_beb | local_beb_registry_status=accepted | local_beb_source_path=qec_first18_results_2026_07_24.tar.gz::results/C4H8O_cc-pVDZ_SE_HFSCF_10_2026-07-23T21-57-33/results/beb_xsec.dat | local_beb_source_type=QEC_core17_authoritative,10.1016/j.ijms.2008.03.003;10.1021/jp210294p,C/F/P,55,0,Use every available experimental label. Apply a mask so each row contributes only to the energies/targets actually observed; do not invent missing curve points. | Additional label/source: Bull Table 2 species label 2-methylpropanal. Primary paper reports the full 15-285 eV curve; this row is peak-only.,"The finite energy in this peak-amplitude record originated from a calculated BEB peak, not a verified common-energy experimental/BEB observation. Keep the independently recorded peak amplitudes; do not expose theoretical peak energy as experimental energy. Conservative model-input policy: the retained peak-amplitude pair has no assigned energy."
isobutyronitrile,isopropylcyanide,C4H7N,experimental_fixed_or_sparse_points,10.1021/acs.jpca.0c06308 | https://repository.lib.ncsu.edu/bitstreams/e76df401-02d2-4db1-903b-dad1b9e89fe0/download,10.1021/acs.jpca.0c06308 | 10.1080/00268976.2019.1583389,"Bose numerical carrier: dissertation Table A.7, PDF p.347 / printed p.305, BOSE396_282, row 'Isopropylcyanide', Mean cross section column. PDF-column replay matches retained experimental label 15.3 A^2 exactly. | Bose dissertation Appendix A, Table A.7, PDF p.347 / printed p.305; original identity and experimental curve in Zhou et al. 2019 Table 2 PDF p.5 / printed p.4 and Figure 3 PDF p.8 / printed p.7 lower-right panel. Original 70 eV point not independently digitized.",QEC_new32_exact_manifest,new32_qec_beb_successful30_2026_07_30.tar.gz::C4H7N_cc-pVDZ_SE_HFSCF_10_2026-07-30T16-00-55/results/beb_xsec.dat,${ARCHIVE_ROOT}\outputs\alecs_bose396_match_2026_08_01\approved_ambiguous_identity_16\approved_16_manifest.csv,fixed_70_75eV,1,3,"原始提取记录存在ambiguity，须保留并重查；Bose数值为70–75 eV综合/归一化汇总，原测量工作须通过原作者来源链追溯；Table A.7页号属thesis而非期刊正文 | Late source-column audit: this Bose value is a standardized experimental population mean, not a BEB or ML prediction. The actual Table A.7 mean column and transfer to the retained input were checked. This does not reconstruct every original laboratory measurement, scaling factor or confidence interval, and is separate from BEB structural validation.","2026-09-06 source audit: provenance reconstructed from the actual frozen training input files, with original experiment citations and acquisition carriers distinguished where recovered. This audit verifies source metadata, not independent re-digitisation of every numerical value. See source_completeness_status for unresolved source limitations. Earlier identity-level claims are retained separately as legacy metadata, not current verification.",beb_curve_file=${ARCHIVE_ROOT}\outputs\alecs_bose396_match_2026_08_01\approved_ambiguous_identity_16\beb_curves_A2\016_isopropylcyanide_ALeCS_BEB_A2.csv | beb_source_doi=10.1051/0004-6361/202348293,10.1080/00268976.2019.1583389,F,0,0,Use every available experimental label. Apply a mask so each row contributes only to the energies/targets actually observed; do not invent missing curve points.,
isopropyl-acetate,isopropyl acetate,C5H10O2,experimental_curve_points;experimental_fixed_or_sparse_points;experimental_peak_height,10.1016/j.ijms.2005.11.003 | 10.1021/acs.jpca.0c06308 | https://repository.lib.ncsu.edu/bitstreams/e76df401-02d2-4db1-903b-dad1b9e89fe0/download | https://pubs.acs.org/doi/10.1021/acs.jpca.0c06308,numeric_label_source_title=Absolute electron impact ionization cross-sections and polarizability volumes for the C2 to C6 methanoates and C3 to C7 ethanoates | source_title=Predicting Total Electron-Ionization Cross Sections and GC-MS Calibration Factors Using Machine Learning,"full_curve_source_figure=Fig. 2 | full_curve_source_page=physical PDF p3; journal p44 | source_pdf_page=340 | source_printed_page=298 | source_table=Appendix A, Table A.7 | experiment_source_figure=2 | experiment_source_page=44 | Hudson 2006 Table 1: journal p45 / PDF p4; independently tabulated experimental peak height; no peak energy in table | Retained peak label: Hudson et al. (2006), Table 1, journal p45 / PDF p4; experimental peak height only; peak energy unreported; 5% source accuracy | Bose numerical carrier: dissertation Table A.7, PDF p.340 / printed p.298, BOSE396_185, row 'iso-Propyl acetate', Mean cross section column. PDF-column replay matches retained experimental label 17.3 A^2 exactly.",published_numeric_BEB,${ARCHIVE_ROOT}\existing_beb_150_checkpoint_2026_07_30\beb_numeric\038_isopropyl_acetate_BEB.csv,${ARCHIVE_ROOT}\outputs\no_qec_priority_2026_07_31\agent_no_qec_immediate_numeric_peak_labels_50.csv | ${ARCHIVE_ROOT}\outputs\no_qec_priority_2026_07_31\ready100_fixed_energy_with_existing_beb_no_qec.csv | ${ARCHIVE_ROOT}\outputs\no_qec_priority_2026_07_31\ready15_esters_experiment_beb\paired_curves\011_isopropyl_acetate_experiment_beb_paired.csv,curve_point | fixed_70_75eV | peak_height,57,1,"Energy-dependent points were obtained by graph-marker tracking anchored to the Table 1 peak height, not an independent numerical table from the authors. Read-only replay found no final direct fallback values in this retained trace. The peak label separately uses the Table 1 height, unreported peak energy and source-accuracy uncertainty of 5%. The fixed-energy value is from the Bose compilation. | Late source-column audit: this Bose value is a standardized experimental population mean, not a BEB or ML prediction. The actual Table A.7 mean column and transfer to the retained input were checked. This does not reconstruct every original laboratory measurement, scaling factor or confidence interval, and is separate from BEB structural validation.","2026-09-06 source audit: legacy audit assertions superseded. Energy-dependent points were obtained by graph-marker tracking anchored to the Table 1 peak height, not an independent numerical table from the authors. Read-only replay found no final direct fallback values in this retained trace. The peak label separately uses the Table 1 height, unreported peak energy and source-accuracy uncertainty of 5%. The fixed-energy value is from the Bose compilation. Source labels updated after the 350-row exclusion; withdrawn series are not current training evidence.",accepted_BEB_path=${ARCHIVE_ROOT}\existing_beb_150_checkpoint_2026_07_30\beb_numeric\038_isopropyl_acetate_BEB.csv | accepted_BEB_source=published_numeric_BEB | local_beb_match_method=exact_normalized_name_and_formula | local_beb_match_status=ready_fixed_energy_experiment_plus_local_beb | local_beb_registry_status=accepted | local_beb_source_path=${ARCHIVE_ROOT}\existing_beb_150_checkpoint_2026_07_30\beb_numeric\038_isopropyl_acetate_BEB.csv | local_beb_source_type=published_numeric_BEB | 已出版数值BEB：https://doi.org/10.1021/jp210294p.s001; official SI PDF pp.166-173,10.1016/j.ijms.2005.11.003,C/F/P,55,0,Use every available experimental label. Apply a mask so each row contributes only to the energies/targets actually observed; do not invent missing curve points.,
isopropyl-formate,isopropyl formate,C4H8O2,experimental_curve_points;experimental_fixed_or_sparse_points;experimental_peak_height,10.1016/j.ijms.2005.11.003 | 10.1021/acs.jpca.0c06308 | https://repository.lib.ncsu.edu/bitstreams/e76df401-02d2-4db1-903b-dad1b9e89fe0/download | https://pubs.acs.org/doi/10.1021/acs.jpca.0c06308,numeric_label_source_title=Absolute electron impact ionization cross-sections and polarizability volumes for the C2 to C6 methanoates and C3 to C7 ethanoates | source_title=Predicting Total Electron-Ionization Cross Sections and GC-MS Calibration Factors Using Machine Learning,"full_curve_source_figure=Fig. 1 | full_curve_source_page=physical PDF p2; journal p43 | source_pdf_page=339 | source_printed_page=297 | source_table=Appendix A, Table A.7 | experiment_source_figure=1 | experiment_source_page=43 | Hudson 2006 Table 1: journal p45 / PDF p4; independently tabulated experimental peak height; no peak energy in table | Retained peak label: Hudson et al. (2006), Table 1, journal p45 / PDF p4; experimental peak height only; peak energy unreported; 5% source accuracy | Bose numerical carrier: dissertation Table A.7, PDF p.339 / printed p.297, BOSE396_179, row 'iso-Propyl formate', Mean cross section column. PDF-column replay matches retained experimental label 13.9 A^2 exactly.",published_numeric_BEB,${ARCHIVE_ROOT}\existing_beb_150_checkpoint_2026_07_30\beb_numeric\031_isopropyl_formate_BEB.csv,${ARCHIVE_ROOT}\outputs\no_qec_priority_2026_07_31\agent_no_qec_immediate_numeric_peak_labels_50.csv | ${ARCHIVE_ROOT}\outputs\no_qec_priority_2026_07_31\ready100_fixed_energy_with_existing_beb_no_qec.csv | ${ARCHIVE_ROOT}\outputs\no_qec_priority_2026_07_31\ready15_esters_experiment_beb\paired_curves\004_isopropyl_formate_experiment_beb_paired.csv,curve_point | fixed_70_75eV | peak_height,57,4,"Energy-dependent points were obtained by graph-marker tracking anchored to the Table 1 peak height, not an independent numerical table from the authors. Read-only replay found no final direct fallback values in this retained trace. The peak label separately uses the Table 1 height, unreported peak energy and source-accuracy uncertainty of 5%. The fixed-energy value is from the Bose compilation. | Late source-column audit: this Bose value is a standardized experimental population mean, not a BEB or ML prediction. The actual Table A.7 mean column and transfer to the retained input were checked. This does not reconstruct every original laboratory measurement, scaling factor or confidence interval, and is separate from BEB structural validation.","2026-09-06 source audit: legacy audit assertions superseded. Energy-dependent points were obtained by graph-marker tracking anchored to the Table 1 peak height, not an independent numerical table from the authors. Read-only replay found no final direct fallback values in this retained trace. The peak label separately uses the Table 1 height, unreported peak energy and source-accuracy uncertainty of 5%. The fixed-energy value is from the Bose compilation. Source labels updated after the 350-row exclusion; withdrawn series are not current training evidence.",accepted_BEB_path=${ARCHIVE_ROOT}\existing_beb_150_checkpoint_2026_07_30\beb_numeric\031_isopropyl_formate_BEB.csv | accepted_BEB_source=published_numeric_BEB | local_beb_match_method=exact_normalized_name_and_formula | local_beb_match_status=ready_fixed_energy_experiment_plus_local_beb | local_beb_registry_status=accepted | local_beb_source_path=${ARCHIVE_ROOT}\existing_beb_150_checkpoint_2026_07_30\beb_numeric\031_isopropyl_formate_BEB.csv | local_beb_source_type=published_numeric_BEB | 已出版数值BEB：https://doi.org/10.1021/jp210294p.s001; official SI PDF pp.120-127,10.1016/j.ijms.2005.11.003,C/F/P,55,0,Use every available experimental label. Apply a mask so each row contributes only to the energies/targets actually observed; do not invent missing curve points.,
meta-xylene,meta-xylene,C8H10,experimental_peak_height,10.1016/j.cplett.2013.04.051,10.1016/j.cplett.2013.04.051,experiment_location=24-28; Abstract; Summary; full curve in primary article,BEB/omega-B97X,${ARCHIVE_ROOT}\outputs\no_qec_priority_2026_07_31\jiao_gupta_new4_published_numeric_beb_peaks.csv::BEBPEAK_NEW4_003,${ARCHIVE_ROOT}\outputs\no_qec_priority_2026_07_31\new25_incremental_identity_ledger_2026_08_01.csv,peak_height_numeric,1,4,来源元数据已找回；仍不等同对全部数值独立逐点复核,"2026-09-06 source audit: provenance reconstructed from the actual frozen training input files, with original experiment citations and acquisition carriers distinguished where recovered. This audit verifies source metadata, not independent re-digitisation of every numerical value. See source_completeness_status for unresolved source limitations. Earlier identity-level claims are retained separately as legacy metadata, not current verification.",beb_doi=10.1063/1.5081841 | beb_local_path=${ARCHIVE_ROOT}\outputs\no_qec_priority_2026_07_31\jiao_gupta_new4_published_numeric_beb_peaks.csv::BEBPEAK_NEW4_003 | beb_location=p.9 Table II | beb_numeric_scope=published numeric BEB maximum,10.1016/j.cplett.2013.04.051,P,0,0,exact xylene isomer name plus formula plus PubChem CID plus InChIKey,"The 80 eV value is a reported EXPERIMENTAL peak energy, but the stored BEB amplitude is the independently tabulated BEB maximum, not demonstrated to be BEB(80 eV). This is a peak-to-peak amplitude target without a common collision-energy input. Preserve experimental peak energy only as provenance metadata, excluded from model features; using the observed target peak energy as an input would require target experimental knowledge for a new molecule."
methane,methane,CH4,experimental_curve_points;experimental_fixed_or_sparse_points,https://physics.nist.gov/cgi-bin/Ionization/graph_new.pl?element=CH4.0 | 10.1021/acs.jpca.0c06308 | https://repository.lib.ncsu.edu/bitstreams/e76df401-02d2-4db1-903b-dad1b9e89fe0/download | https://pubs.acs.org/doi/10.1021/acs.jpca.0c06308,"source_reference=D. Rapp and P. Englander-Golden, J. Chem. Phys. 43 , 1464 (1965). | source_reference=N. Duric, I. Cadez and M. Kurepa, Int. J. Mass Spectrom. Ion Processes 108 , R1 (1991). | source_reference=O. J. Orient and S. K. Srivastava, J. Phys. B 20 , 3923 (1987). | original_nist_experiment_reference=D. Rapp and P. Englander-Golden, J. Chem. Phys. 43, 1464 (1965). | original_nist_experiment_reference=O. J. Orient and S. K. Srivastava, J. Phys. B 20, 3923 (1987). | original_nist_experiment_reference=N. Duric, I. Cadez and M. Kurepa, Int. J. Mass Spectrom. Ion Processes 108, R1 (1991). | source_title=Predicting Total Electron-Ionization Cross Sections and GC-MS Calibration Factors Using Machine Learning","dataset_id=exp_1 | dataset_id=exp_2 | dataset_id=exp_3 | source_pdf_page=329 | source_printed_page=287 | source_table=Appendix A, Table A.7 | Bose numerical carrier: dissertation Table A.7, PDF p.329 / printed p.287, BOSE396_001, row 'Methane', Mean cross section column. PDF-column replay matches retained experimental label 4.6 A^2 exactly.",QEC_strict9_authoritative,${PROJECT_ROOT}\data\qec_results\incoming_2026_07_27\strict_new9_results_COMPLETE_2026_07_27_extracted\results\CH4_cc-pVDZ_SE_HFSCF_10_2026-07-27T00-59-09\results\beb_xsec.dat,${ARCHIVE_ROOT}\nist_strict_usable_numeric_pairs_2026_07_30\paired_numeric\017_CH4_BEB_vs_experiment.csv | ${ARCHIVE_ROOT}\outputs\no_qec_priority_2026_07_31\ready100_fixed_energy_with_existing_beb_no_qec.csv,curve_point | fixed_70_75eV,57,3,"NIST为获取载体；原作者题录已从实际series恢复，未逐篇全文复核全部原实验；Bose数值为70–75 eV综合/归一化汇总，原测量工作须通过原作者来源链追溯；Table A.7页号属thesis而非期刊正文 | Late source-column audit: this Bose value is a standardized experimental population mean, not a BEB or ML prediction. The actual Table A.7 mean column and transfer to the retained input were checked. This does not reconstruct every original laboratory measurement, scaling factor or confidence interval, and is separate from BEB structural validation.","2026-09-06 source audit: provenance reconstructed from the actual frozen training input files, with original experiment citations and acquisition carriers distinguished where recovered. This audit verifies source metadata, not independent re-digitisation of every numerical value. See source_completeness_status for unresolved source limitations. Earlier identity-level claims are retained separately as legacy metadata, not current verification.","original_nist_beb_reference=BEB (vertical IP)Y.-K. Kim, W. Hwang, N. M. Weinberger, M. A. Ali and M.E. Rudd, J. Chem. Phys. 106, 1026 (1997). | NIST图BEB来源=BEB (vertical IP)Y.-K. Kim, W. Hwang, N. M. Weinberger, M. A. Ali and M.E. Rudd, J. Chem. Phys. 106, 1026 (1997). | local_beb_match_method=exact_normalized_name_and_formula | local_beb_match_status=ready_fixed_energy_experiment_plus_local_beb | local_beb_registry_status=accepted | local_beb_source_path=${PROJECT_ROOT}\data\qec_results\incoming_2026_07_27\strict_new9_results_COMPLETE_2026_07_27_extracted\results\CH4_cc-pVDZ_SE_HFSCF_10_2026-07-27T00-59-09\results\beb_xsec.dat | local_beb_source_type=QEC_strict9_authoritative",10.1063/1.1696957;10.1021/jp210294p,C/F,56,0,Use every available experimental label. Apply a mask so each row contributes only to the energies/targets actually observed; do not invent missing curve points. | Additional label/source: Hudson thesis Table 3.4 reports 4.23 A^2 at 71 eV; Bull Table 2 updated height/error is retained.,
methanol,methanol,CH4O,experimental_fixed_or_sparse_points,10.1021/acs.jpca.0c06308 | https://repository.lib.ncsu.edu/bitstreams/e76df401-02d2-4db1-903b-dad1b9e89fe0/download | https://pubs.acs.org/doi/10.1021/acs.jpca.0c06308,source_title=Predicting Total Electron-Ionization Cross Sections and GC-MS Calibration Factors Using Machine Learning,"source_pdf_page=336 | source_printed_page=294 | source_table=Appendix A, Table A.7 | Bose numerical carrier: dissertation Table A.7, PDF p.336 / printed p.294, BOSE396_123, row 'Methanol', Mean cross section column. PDF-column replay matches retained experimental label 5.4 A^2 exactly.",published_numeric_BEB,${ARCHIVE_ROOT}\existing_beb_150_checkpoint_2026_07_30\beb_numeric\001_methanol_BEB.csv,${ARCHIVE_ROOT}\outputs\no_qec_priority_2026_07_31\ready100_fixed_energy_with_existing_beb_no_qec.csv,fixed_70_75eV,1,0,"Bose数值为70–75 eV综合/归一化汇总，原测量工作须通过原作者来源链追溯；Table A.7页号属thesis而非期刊正文 | Late source-column audit: this Bose value is a standardized experimental population mean, not a BEB or ML prediction. The actual Table A.7 mean column and transfer to the retained input were checked. This does not reconstruct every original laboratory measurement, scaling factor or confidence interval, and is separate from BEB structural validation.","2026-09-06 source audit: provenance reconstructed from the actual frozen training input files, with original experiment citations and acquisition carriers distinguished where recovered. This audit verifies source metadata, not independent re-digitisation of every numerical value. See source_completeness_status for unresolved source limitations. Earlier identity-level claims are retained separately as legacy metadata, not current verification.",local_beb_match_method=exact_normalized_name_and_formula | local_beb_match_status=ready_fixed_energy_experiment_plus_local_beb | local_beb_registry_status=accepted | local_beb_source_path=${ARCHIVE_ROOT}\existing_beb_150_checkpoint_2026_07_30\beb_numeric\001_methanol_BEB.csv | local_beb_source_type=published_numeric_BEB | 已出版数值BEB：https://doi.org/10.1021/jp210294p.s001; official SI PDF pp.1-8,10.1063/1.1532008;10.1021/jp210294p;10.1016/j.ijms.2016.05.006,F,0,0,"Use every available experimental label. Apply a mask so each row contributes only to the energies/targets actually observed; do not invent missing curve points. | Additional label/source: Bull Table 2 value; parenthetical value is the maximum instrumental error. Full primary curve exists, but this row contains only its published maximum. | Additional label/source: Nixon TICS was scaled at 70 eV to Rejoub et al.'s independent absolute experiment, not to BEB or another theory. The reported sum excludes some very light cations; use the threshold-to-peak region as primary and retain the high-energy decline only for QA. | Primary training scope: threshold-side rise through experimental grid peak at 65 eV; later points tail QA | Circularity audit: pass_no_theory_or_beb_normalization",
methyl-acetate,methyl acetate,C3H6O2,experimental_curve_points;experimental_fixed_or_sparse_points;experimental_peak_height,10.1016/j.ijms.2005.11.003 | 10.1021/acs.jpca.0c06308 | https://repository.lib.ncsu.edu/bitstreams/e76df401-02d2-4db1-903b-dad1b9e89fe0/download | https://pubs.acs.org/doi/10.1021/acs.jpca.0c06308,numeric_label_source_title=Absolute electron impact ionization cross-sections and polarizability volumes for the C2 to C6 methanoates and C3 to C7 ethanoates | source_title=Predicting Total Electron-Ionization Cross Sections and GC-MS Calibration Factors Using Machine Learning,"full_curve_source_figure=Fig. 2 | full_curve_source_page=physical PDF p3; journal p44 | source_pdf_page=340 | source_printed_page=298 | source_table=Appendix A, Table A.7 | experiment_source_figure=2 | experiment_source_page=44 | Hudson 2006 Table 1: journal p45 / PDF p4; independently tabulated experimental peak height; no peak energy in table | Retained peak label: Hudson et al. (2006), Table 1, journal p45 / PDF p4; experimental peak height only; peak energy unreported; 5% source accuracy | Bose numerical carrier: dissertation Table A.7, PDF p.340 / printed p.298, BOSE396_183, row 'Methyl acetate', Mean cross section column. PDF-column replay matches retained experimental label 11.4 A^2 exactly.",published_numeric_BEB,${ARCHIVE_ROOT}\existing_beb_150_checkpoint_2026_07_30\beb_numeric\035_methyl_acetate_BEB.csv,${ARCHIVE_ROOT}\outputs\no_qec_priority_2026_07_31\agent_no_qec_immediate_numeric_peak_labels_50.csv | ${ARCHIVE_ROOT}\outputs\no_qec_priority_2026_07_31\ready100_fixed_energy_with_existing_beb_no_qec.csv | ${ARCHIVE_ROOT}\outputs\no_qec_priority_2026_07_31\ready15_esters_experiment_beb\paired_curves\008_methyl_acetate_experiment_beb_paired.csv,curve_point | fixed_70_75eV | peak_height,57,0,"Energy-dependent points were obtained by graph-marker tracking anchored to the Table 1 peak height, not an independent numerical table from the authors. Read-only replay found no final direct fallback values in this retained trace. The peak label separately uses the Table 1 height, unreported peak energy and source-accuracy uncertainty of 5%. The fixed-energy value is from the Bose compilation. | Late source-column audit: this Bose value is a standardized experimental population mean, not a BEB or ML prediction. The actual Table A.7 mean column and transfer to the retained input were checked. This does not reconstruct every original laboratory measurement, scaling factor or confidence interval, and is separate from BEB structural validation.","2026-09-06 source audit: legacy audit assertions superseded. Energy-dependent points were obtained by graph-marker tracking anchored to the Table 1 peak height, not an independent numerical table from the authors. Read-only replay found no final direct fallback values in this retained trace. The peak label separately uses the Table 1 height, unreported peak energy and source-accuracy uncertainty of 5%. The fixed-energy value is from the Bose compilation. Source labels updated after the 350-row exclusion; withdrawn series are not current training evidence.",accepted_BEB_path=${ARCHIVE_ROOT}\existing_beb_150_checkpoint_2026_07_30\beb_numeric\035_methyl_acetate_BEB.csv | accepted_BEB_source=published_numeric_BEB | local_beb_match_method=exact_normalized_name_and_formula | local_beb_match_status=ready_fixed_energy_experiment_plus_local_beb | local_beb_registry_status=accepted | local_beb_source_path=${ARCHIVE_ROOT}\existing_beb_150_checkpoint_2026_07_30\beb_numeric\035_methyl_acetate_BEB.csv | local_beb_source_type=published_numeric_BEB | 已出版数值BEB：https://doi.org/10.1021/jp210294p.s001; official SI PDF pp.146-153,10.1016/j.ijms.2005.11.003,C/F/P,55,0,Use every available experimental label. Apply a mask so each row contributes only to the energies/targets actually observed; do not invent missing curve points.,
methyl-formate,methyl formate,C2H4O2,experimental_curve_points;experimental_fixed_or_sparse_points;experimental_peak_height,10.1016/j.ijms.2005.11.003 | 10.1021/acs.jpca.0c06308 | https://repository.lib.ncsu.edu/bitstreams/e76df401-02d2-4db1-903b-dad1b9e89fe0/download | https://pubs.acs.org/doi/10.1021/acs.jpca.0c06308,numeric_label_source_title=Absolute electron impact ionization cross-sections and polarizability volumes for the C2 to C6 methanoates and C3 to C7 ethanoates | source_title=Predicting Total Electron-Ionization Cross Sections and GC-MS Calibration Factors Using Machine Learning,"full_curve_source_figure=Fig. 1 | full_curve_source_page=physical PDF p2; journal p43 | source_pdf_page=339 | source_printed_page=297 | source_table=Appendix A, Table A.7 | experiment_source_figure=1 | experiment_source_page=43 | Hudson 2006 Table 1: journal p45 / PDF p4; independently tabulated experimental peak height; no peak energy in table | Retained peak label: Hudson et al. (2006), Table 1, journal p45 / PDF p4; experimental peak height only; peak energy unreported; 5% source accuracy | Bose numerical carrier: dissertation Table A.7, PDF p.339 / printed p.297, BOSE396_176, row 'Methyl formate', Mean cross section column. PDF-column replay matches retained experimental label 8.3 A^2 exactly.",published_numeric_BEB,${ARCHIVE_ROOT}\existing_beb_150_checkpoint_2026_07_30\beb_numeric\028_methyl_formate_BEB.csv,${ARCHIVE_ROOT}\outputs\no_qec_priority_2026_07_31\agent_no_qec_immediate_numeric_peak_labels_50.csv | ${ARCHIVE_ROOT}\outputs\no_qec_priority_2026_07_31\ready100_fixed_energy_with_existing_beb_no_qec.csv | ${ARCHIVE_ROOT}\outputs\no_qec_priority_2026_07_31\ready15_esters_experiment_beb\paired_curves\001_methyl_formate_experiment_beb_paired.csv,curve_point | fixed_70_75eV | peak_height,57,2,"Energy-dependent points were obtained by graph-marker tracking anchored to the Table 1 peak height, not an independent numerical table from the authors. Read-only replay found no final direct fallback values in this retained trace. The peak label separately uses the Table 1 height, unreported peak energy and source-accuracy uncertainty of 5%. The fixed-energy value is from the Bose compilation. | Late source-column audit: this Bose value is a standardized experimental population mean, not a BEB or ML prediction. The actual Table A.7 mean column and transfer to the retained input were checked. This does not reconstruct every original laboratory measurement, scaling factor or confidence interval, and is separate from BEB structural validation.","2026-09-06 source audit: legacy audit assertions superseded. Energy-dependent points were obtained by graph-marker tracking anchored to the Table 1 peak height, not an independent numerical table from the authors. Read-only replay found no final direct fallback values in this retained trace. The peak label separately uses the Table 1 height, unreported peak energy and source-accuracy uncertainty of 5%. The fixed-energy value is from the Bose compilation. Source labels updated after the 350-row exclusion; withdrawn series are not current training evidence.",accepted_BEB_path=${ARCHIVE_ROOT}\existing_beb_150_checkpoint_2026_07_30\beb_numeric\028_methyl_formate_BEB.csv | accepted_BEB_source=published_numeric_BEB | local_beb_match_method=exact_normalized_name_and_formula | local_beb_match_status=ready_fixed_energy_experiment_plus_local_beb | local_beb_registry_status=accepted | local_beb_source_path=${ARCHIVE_ROOT}\existing_beb_150_checkpoint_2026_07_30\beb_numeric\028_methyl_formate_BEB.csv | local_beb_source_type=published_numeric_BEB | 已出版数值BEB：https://doi.org/10.1021/jp210294p.s001; official SI PDF pp.100-107,10.1016/j.ijms.2005.11.003,C/F/P,55,0,Use every available experimental label. Apply a mask so each row contributes only to the energies/targets actually observed; do not invent missing curve points.,
methyl-radical,methyl radical,CH3,experimental_curve_points,https://physics.nist.gov/cgi-bin/Ionization/graph_new.pl?element=CH3.0,"experimental_source=Baiocchi et al., Phys. Rev. Lett. 53, 771 (1984) | original_nist_experiment_reference=F. A. Baiocchi, R. C. Wetzel and R. S. Freund, Phys. Rev. Lett. 53, 771 (1984).",experimental_series=e1,NIST_SRD107_numeric_BEB,${ARCHIVE_ROOT}\outputs\nist_beb_experimental_crawl_2026_08_01\beb_ascii\030_CH3_BEB.txt,${ARCHIVE_ROOT}\outputs\current_experiment_beb_master_2026_08_01\nist_fast12_experiment_beb_digitized_READY_TIER_B.csv,curve_point,25,0,NIST为获取载体；原作者题录已从实际series恢复，未逐篇全文复核全部原实验,"2026-09-06 source audit: provenance reconstructed from the actual frozen training input files, with original experiment citations and acquisition carriers distinguished where recovered. This audit verifies source metadata, not independent re-digitisation of every numerical value. See source_completeness_status for unresolved source limitations. Earlier identity-level claims are retained separately as legacy metadata, not current verification.","beb_numeric_file=${ARCHIVE_ROOT}\outputs\nist_beb_experimental_crawl_2026_08_01\beb_ascii\030_CH3_BEB.txt | original_nist_beb_reference=BEBW. Hwang, Y.-K. Kim and M.E. Rudd, J. Chem. Phys. 104, 2956 (1996).",https://physics.nist.gov/cgi-bin/Ionization/graph_new.pl?element=CH3.0,C,25,0,Tier B graph-digitized data; 25 independent experimental points; automated exact-palette extraction and whole-batch visual QA passed 2026-08-02; log10 energy axis and linear A^2 cross-section axis. Point-level experiment/BEB pairs are stored in nist_fast12_experiment_beb_digitized_READY_TIER_B.csv.,
methylcyclohexane,methylcyclohexane,C7H14,experimental_peak_height,10.1016/j.ijms.2010.11.005,10.1016/j.ijms.2010.11.005,experiment_location=5-6; Table 2; Fig. 2; Summary,Binary-Encounter-Bethe,${ARCHIVE_ROOT}\outputs\no_qec_priority_2026_07_31\jiao_gupta_new4_published_numeric_beb_peaks.csv::BEBPEAK_NEW4_001,${ARCHIVE_ROOT}\outputs\no_qec_priority_2026_07_31\new25_incremental_identity_ledger_2026_08_01.csv,peak_height_numeric,1,1,来源元数据已找回；仍不等同对全部数值独立逐点复核,"2026-09-06 source audit: provenance reconstructed from the actual frozen training input files, with original experiment citations and acquisition carriers distinguished where recovered. This audit verifies source metadata, not independent re-digitisation of every numerical value. See source_completeness_status for unresolved source limitations. Earlier identity-level claims are retained separately as legacy metadata, not current verification.",beb_doi=10.1016/j.ijms.2010.11.005 | beb_local_path=${ARCHIVE_ROOT}\outputs\no_qec_priority_2026_07_31\jiao_gupta_new4_published_numeric_beb_peaks.csv::BEBPEAK_NEW4_001 | beb_location=p.6 Table 3 and Summary | beb_numeric_scope=published numeric BEB peak from a full primary table,10.1016/j.ijms.2010.11.005,P,0,0,exact name plus formula plus PubChem CID plus InChIKey,"Experimental maximum is at 65 eV whereas the BEB amplitude stored here is its maximum at 70 eV. The two peak amplitudes do not form a common-energy cross-section pair. Retain experimental peak energy as metadata, not a deployment feature requiring target data."
methylene,methylene,CH2,experimental_curve_points,https://physics.nist.gov/cgi-bin/Ionization/graph_new.pl?element=CH2.0,"experimental_source=Baiocchi et al., Phys. Rev. Lett. 53, 771 (1984) | original_nist_experiment_reference=F. A. Baiocchi, R. C. Wetzel and R. S. Freund, Phys. Rev. Lett. 53, 771 (1984).",experimental_series=e1,NIST_SRD107_numeric_BEB,${ARCHIVE_ROOT}\outputs\nist_beb_experimental_crawl_2026_08_01\beb_ascii\028_CH2_BEB.txt,${ARCHIVE_ROOT}\outputs\current_experiment_beb_master_2026_08_01\nist_fast12_experiment_beb_digitized_READY_TIER_B.csv,curve_point,26,2,NIST为获取载体；原作者题录已从实际series恢复，未逐篇全文复核全部原实验,"2026-09-06 source audit: provenance reconstructed from the actual frozen training input files, with original experiment citations and acquisition carriers distinguished where recovered. This audit verifies source metadata, not independent re-digitisation of every numerical value. See source_completeness_status for unresolved source limitations. Earlier identity-level claims are retained separately as legacy metadata, not current verification.","beb_numeric_file=${ARCHIVE_ROOT}\outputs\nist_beb_experimental_crawl_2026_08_01\beb_ascii\028_CH2_BEB.txt | original_nist_beb_reference=BEBW. Hwang, Y.-K. Kim and M.E. Rudd, J. Chem. Phys. 104, 2956 (1996).",https://physics.nist.gov/cgi-bin/Ionization/graph_new.pl?element=CH2.0,C,26,0,Tier B graph-digitized data; 26 independent experimental points; automated exact-palette extraction and whole-batch visual QA passed 2026-08-02; log10 energy axis and linear A^2 cross-section axis. Point-level experiment/BEB pairs are stored in nist_fast12_experiment_beb_digitized_READY_TIER_B.csv.,
methylidyne,methylidyne,CH,experimental_curve_points,https://physics.nist.gov/cgi-bin/Ionization/graph_new.pl?element=CH.0,"experimental_source=Tarnovsky et al., J. Phys. B 29, 139 (1996) | original_nist_experiment_reference=V. Tarnovsky, A. Leven, H. Deutsch and K. Becker, J. Phys. B 29, 139 (1996).",experimental_series=e1,NIST_SRD107_numeric_BEB,${ARCHIVE_ROOT}\outputs\nist_beb_experimental_crawl_2026_08_01\beb_ascii\026_CH_BEB.txt,${ARCHIVE_ROOT}\outputs\current_experiment_beb_master_2026_08_01\nist_fast12_experiment_beb_digitized_READY_TIER_B.csv,curve_point,28,4,NIST为获取载体；原作者题录已从实际series恢复，未逐篇全文复核全部原实验,"2026-09-06 source audit: provenance reconstructed from the actual frozen training input files, with original experiment citations and acquisition carriers distinguished where recovered. This audit verifies source metadata, not independent re-digitisation of every numerical value. See source_completeness_status for unresolved source limitations. Earlier identity-level claims are retained separately as legacy metadata, not current verification.","beb_numeric_file=${ARCHIVE_ROOT}\outputs\nist_beb_experimental_crawl_2026_08_01\beb_ascii\026_CH_BEB.txt | original_nist_beb_reference=BEBY.-K. Kim, M.A. Ali and M.E. Rudd, J. Res. NIST 102, 693 (1997).",https://physics.nist.gov/cgi-bin/Ionization/graph_new.pl?element=CH.0,C,28,0,Tier B graph-digitized data; 28 independent experimental points; automated exact-palette extraction and whole-batch visual QA passed 2026-08-02; log10 energy axis and linear A^2 cross-section axis. Point-level experiment/BEB pairs are stored in nist_fast12_experiment_beb_digitized_READY_TIER_B.csv.,
n-butane,n-Butane,C4H10,experimental_fixed_or_sparse_points,10.1021/acs.jpca.0c06308 | https://repository.lib.ncsu.edu/bitstreams/e76df401-02d2-4db1-903b-dad1b9e89fe0/download,10.1021/acs.jpca.0c06308,"Bose numerical carrier: dissertation Table A.7, PDF p.329 / printed p.287, BOSE396_004, row 'n-Butane', Mean cross section column. PDF-column replay matches retained experimental label 13.6 A^2 exactly.",ALeCS_BEB_256_points,${ARCHIVE_ROOT}\outputs\alecs_bose396_match_2026_08_01\approved_same_identity_11\beb_curves_A2\001_n_butane_ALeCS_BEB_A2.csv,${ARCHIVE_ROOT}\outputs\alecs_bose396_match_2026_08_01\approved_same_identity_11\approved_11_manifest.csv,fixed_70_75eV,1,2,"Bose数值为70–75 eV综合/归一化汇总，原测量工作须通过原作者来源链追溯；Table A.7页号属thesis而非期刊正文 | Late source-column audit: this Bose value is a standardized experimental population mean, not a BEB or ML prediction. The actual Table A.7 mean column and transfer to the retained input were checked. This does not reconstruct every original laboratory measurement, scaling factor or confidence interval, and is separate from BEB structural validation.","2026-09-06 source audit: provenance reconstructed from the actual frozen training input files, with original experiment citations and acquisition carriers distinguished where recovered. This audit verifies source metadata, not independent re-digitisation of every numerical value. See source_completeness_status for unresolved source limitations. Earlier identity-level claims are retained separately as legacy metadata, not current verification.",beb_curve_file=${ARCHIVE_ROOT}\outputs\alecs_bose396_match_2026_08_01\approved_same_identity_11\beb_curves_A2\001_n_butane_ALeCS_BEB_A2.csv | beb_source_doi=10.1051/0004-6361/202348293 | beb_source_repository=https://github.com/alecs-db/ALeCS-db,10.1021/acs.jpca.0c06308,F,0,0,MP2/CCSD(T) geometry is an unbranched four-carbon chain (n-butane); isobutane excluded.,
n-ethylacetamide,Ethylacetamide,C4H9NO,experimental_fixed_or_sparse_points,10.1021/acs.jpca.0c06308 | https://repository.lib.ncsu.edu/bitstreams/e76df401-02d2-4db1-903b-dad1b9e89fe0/download | https://pubs.acs.org/doi/10.1021/acs.jpca.0c06308,source_title=Predicting Total Electron-Ionization Cross Sections and GC-MS Calibration Factors Using Machine Learning,"source_pdf_page=346 | source_printed_page=304 | source_table=Appendix A, Table A.7 | Bose numerical carrier: dissertation Table A.7, PDF p.346 / printed p.304, BOSE396_278, row 'Ethylacetamide', Mean cross section column. PDF-column replay matches retained experimental label 15.2 A^2 exactly.",QEC_new32_exact_manifest,new32_qec_beb_successful30_2026_07_30.tar.gz::C4H9NO_cc-pVDZ_SE_HFSCF_10_2026-07-30T16-59-58/results/beb_xsec.dat,${ARCHIVE_ROOT}\outputs\no_qec_priority_2026_07_31\ready100_fixed_energy_with_existing_beb_no_qec.csv,fixed_70_75eV,1,3,"Bose数值为70–75 eV综合/归一化汇总，原测量工作须通过原作者来源链追溯；Table A.7页号属thesis而非期刊正文 | Late source-column audit: this Bose value is a standardized experimental population mean, not a BEB or ML prediction. The actual Table A.7 mean column and transfer to the retained input were checked. This does not reconstruct every original laboratory measurement, scaling factor or confidence interval, and is separate from BEB structural validation.","2026-09-06 source audit: provenance reconstructed from the actual frozen training input files, with original experiment citations and acquisition carriers distinguished where recovered. This audit verifies source metadata, not independent re-digitisation of every numerical value. See source_completeness_status for unresolved source limitations. Earlier identity-level claims are retained separately as legacy metadata, not current verification.",local_beb_match_method=curated_synonym_or_isomer_alias_and_formula | local_beb_match_status=ready_fixed_energy_experiment_plus_local_beb | local_beb_registry_status=accepted | local_beb_source_path=new32_qec_beb_successful30_2026_07_30.tar.gz::C4H9NO_cc-pVDZ_SE_HFSCF_10_2026-07-30T16-59-58/results/beb_xsec.dat | local_beb_source_type=QEC_new32_exact_manifest,10.1021/acs.jpca.0c06308,F,0,0,Use every available experimental label. Apply a mask so each row contributes only to the energies/targets actually observed; do not invent missing curve points.,
n-pentane,n-Pentane,C5H12,experimental_fixed_or_sparse_points,10.1021/acs.jpca.0c06308 | https://repository.lib.ncsu.edu/bitstreams/e76df401-02d2-4db1-903b-dad1b9e89fe0/download,10.1021/acs.jpca.0c06308,"Bose numerical carrier: dissertation Table A.7, PDF p.330 / printed p.288, BOSE396_006, row 'n-Pentane', Mean cross section column. PDF-column replay matches retained experimental label 16.4 A^2 exactly.",ALeCS_BEB_256_points,${ARCHIVE_ROOT}\outputs\alecs_bose396_match_2026_08_01\approved_same_identity_11\beb_curves_A2\002_n_pentane_ALeCS_BEB_A2.csv,${ARCHIVE_ROOT}\outputs\alecs_bose396_match_2026_08_01\approved_same_identity_11\approved_11_manifest.csv,fixed_70_75eV,1,4,"Bose数值为70–75 eV综合/归一化汇总，原测量工作须通过原作者来源链追溯；Table A.7页号属thesis而非期刊正文 | Late source-column audit: this Bose value is a standardized experimental population mean, not a BEB or ML prediction. The actual Table A.7 mean column and transfer to the retained input were checked. This does not reconstruct every original laboratory measurement, scaling factor or confidence interval, and is separate from BEB structural validation.","2026-09-06 source audit: provenance reconstructed from the actual frozen training input files, with original experiment citations and acquisition carriers distinguished where recovered. This audit verifies source metadata, not independent re-digitisation of every numerical value. See source_completeness_status for unresolved source limitations. Earlier identity-level claims are retained separately as legacy metadata, not current verification.",beb_curve_file=${ARCHIVE_ROOT}\outputs\alecs_bose396_match_2026_08_01\approved_same_identity_11\beb_curves_A2\002_n_pentane_ALeCS_BEB_A2.csv | beb_source_doi=10.1051/0004-6361/202348293 | beb_source_repository=https://github.com/alecs-db/ALeCS-db,10.1021/acs.jpca.0c06308,F,0,0,MP2 geometry is an unbranched five-carbon chain (n-pentane); iso/neo isomers excluded.,
nitric-oxide,nitric oxide,NO,experimental_curve_points;experimental_fixed_or_sparse_points,https://physics.nist.gov/cgi-bin/Ionization/graph_new.pl?element=NO.0 | 10.1021/acs.jpca.0c06308 | https://repository.lib.ncsu.edu/bitstreams/e76df401-02d2-4db1-903b-dad1b9e89fe0/download | https://pubs.acs.org/doi/10.1021/acs.jpca.0c06308,"source_reference=B.G. Lindsay, M.A. Mangan, H.C. Straub, and R.F. Stebbings, J. Chem. Phys. 112 , 9404 (2000). | source_reference=D. Rapp and P. Englander-Golden, J. Chem. Phys. 43 , 1464 (1965). | source_reference=I. Iga, M. V. V. S. Rao and S. K. Srivastava, J. Geophys. Res. 101 , 9261 (1996). | original_nist_experiment_reference=D. Rapp and P. Englander-Golden, J. Chem. Phys. 43, 1464 (1965). | original_nist_experiment_reference=I. Iga, M. V. V. S. Rao and S. K. Srivastava, J. Geophys. Res. 101, 9261 (1996). | original_nist_experiment_reference=B.G. Lindsay, M.A. Mangan, H.C. Straub, and R.F. Stebbings, J. Chem. Phys. 112, 9404 (2000). | source_title=Predicting Total Electron-Ionization Cross Sections and GC-MS Calibration Factors Using Machine Learning","dataset_id=exp_1 | dataset_id=exp_2 | dataset_id=exp_3 | source_pdf_page=347 | source_printed_page=305 | source_table=Appendix A, Table A.7 | Bose numerical carrier: dissertation Table A.7, PDF p.347 / printed p.305, BOSE396_290, row 'Nitric oxide', Mean cross section column. PDF-column replay matches retained experimental label 3.1 A^2 exactly.",NIST_SRD107_numeric_BEB,${ARCHIVE_ROOT}\nist_strict_usable_numeric_pairs_2026_07_30\beb_numeric_corrected\018_NO_BEB_corrected.csv,${ARCHIVE_ROOT}\nist_strict_usable_numeric_pairs_2026_07_30\paired_numeric\018_NO_BEB_vs_experiment.csv | ${ARCHIVE_ROOT}\outputs\no_qec_priority_2026_07_31\ready100_fixed_energy_with_existing_beb_no_qec.csv,curve_point | fixed_70_75eV,80,1,"NIST为获取载体；原作者题录已从实际series恢复，未逐篇全文复核全部原实验；Bose数值为70–75 eV综合/归一化汇总，原测量工作须通过原作者来源链追溯；Table A.7页号属thesis而非期刊正文 | Late source-column audit: this Bose value is a standardized experimental population mean, not a BEB or ML prediction. The actual Table A.7 mean column and transfer to the retained input were checked. This does not reconstruct every original laboratory measurement, scaling factor or confidence interval, and is separate from BEB structural validation.","2026-09-06 source audit: provenance reconstructed from the actual frozen training input files, with original experiment citations and acquisition carriers distinguished where recovered. This audit verifies source metadata, not independent re-digitisation of every numerical value. See source_completeness_status for unresolved source limitations. Earlier identity-level claims are retained separately as legacy metadata, not current verification.","original_nist_beb_reference=BEBW. Hwang, Y.-K. Kim and M.E. Rudd, J. Chem. Phys. 104, 2956 (1996). | NIST图BEB来源=BEBW. Hwang, Y.-K. Kim and M.E. Rudd, J. Chem. Phys. 104, 2956 (1996). | local_beb_match_method=exact_normalized_name_and_formula | local_beb_match_status=ready_fixed_energy_experiment_plus_local_beb | local_beb_registry_status=accepted_replacing_lower_priority | local_beb_source_path=${ARCHIVE_ROOT}\nist_strict_usable_numeric_pairs_2026_07_30\beb_numeric_corrected\018_NO_BEB_corrected.csv | local_beb_source_type=NIST_SRD107_numeric_BEB",10.1063/1.1696957,C/F,79,0,Use every available experimental label. Apply a mask so each row contributes only to the energies/targets actually observed; do not invent missing curve points.,
nitrogen,nitrogen,N2,experimental_curve_points;experimental_fixed_or_sparse_points,https://physics.nist.gov/cgi-bin/Ionization/graph_new.pl?element=N2.0 | 10.1021/acs.jpca.0c06308 | https://repository.lib.ncsu.edu/bitstreams/e76df401-02d2-4db1-903b-dad1b9e89fe0/download | https://pubs.acs.org/doi/10.1021/acs.jpca.0c06308,"source_reference=B. L. Schram, H. R. Moustafa, J. Schutten and F. J. de Heer, Physica 32 , 734 (1966). | source_reference=D. Rapp and P. Englander-Golden, J. Chem. Phys. 43 , 1464 (1965). | source_reference=E. Krishnakumar and S. K. Srivastava, J. Phys. B 23 , 1893 (1990). | source_reference=H. C. Straub, P. Renault, B. G. Lindsay, K. A. Smith and R. F. Stebbings, Phys. Rev. A 54 , 2146 (1996). | original_nist_experiment_reference=D. Rapp and P. Englander-Golden, J. Chem. Phys. 43, 1464 (1965). | original_nist_experiment_reference=B. L. Schram, H. R. Moustafa, J. Schutten and F. J. de Heer, Physica 32, 734 (1966). | original_nist_experiment_reference=E. Krishnakumar and S. K. Srivastava, J. Phys. B 23, 1893 (1990). | original_nist_experiment_reference=H. C. Straub, P. Renault, B. G. Lindsay, K. A. Smith and R. F. Stebbings, Phys. Rev. A 54, 2146 (1996). | source_title=Predicting Total Electron-Ionization Cross Sections and GC-MS Calibration Factors Using Machine Learning","dataset_id=exp_1 | dataset_id=exp_3 | dataset_id=exp_4 | dataset_id=exp_5 | source_pdf_page=347 | source_printed_page=305 | source_table=Appendix A, Table A.7 | Bose numerical carrier: dissertation Table A.7, PDF p.347 / printed p.305, BOSE396_285, row 'Nitrogen', Mean cross section column. PDF-column replay matches retained experimental label 3.0 A^2 exactly.",QEC_strict9_authoritative,${PROJECT_ROOT}\data\qec_results\incoming_2026_07_27\strict_new9_results_COMPLETE_2026_07_27_extracted\results\N2_cc-pVDZ_SE_HFSCF_10_2026-07-27T00-46-17\results\beb_xsec.dat,${ARCHIVE_ROOT}\nist_strict_usable_numeric_pairs_2026_07_30\paired_numeric\020_N2_BEB_vs_experiment.csv | ${ARCHIVE_ROOT}\outputs\no_qec_priority_2026_07_31\ready100_fixed_energy_with_existing_beb_no_qec.csv,curve_point | fixed_70_75eV,66,1,"NIST为获取载体；原作者题录已从实际series恢复，未逐篇全文复核全部原实验；Bose数值为70–75 eV综合/归一化汇总，原测量工作须通过原作者来源链追溯；Table A.7页号属thesis而非期刊正文 | Late source-column audit: this Bose value is a standardized experimental population mean, not a BEB or ML prediction. The actual Table A.7 mean column and transfer to the retained input were checked. This does not reconstruct every original laboratory measurement, scaling factor or confidence interval, and is separate from BEB structural validation.","2026-09-06 source audit: provenance reconstructed from the actual frozen training input files, with original experiment citations and acquisition carriers distinguished where recovered. This audit verifies source metadata, not independent re-digitisation of every numerical value. See source_completeness_status for unresolved source limitations. Earlier identity-level claims are retained separately as legacy metadata, not current verification.","original_nist_beb_reference=BEBW. Hwang, Y.-K. Kim and M.E. Rudd, J. Chem. Phys. 104, 2956 (1996). | NIST图BEB来源=BEBW. Hwang, Y.-K. Kim and M.E. Rudd, J. Chem. Phys. 104, 2956 (1996). | local_beb_match_method=exact_normalized_name_and_formula | local_beb_match_status=ready_fixed_energy_experiment_plus_local_beb | local_beb_registry_status=accepted | local_beb_source_path=${PROJECT_ROOT}\data\qec_results\incoming_2026_07_27\strict_new9_results_COMPLETE_2026_07_27_extracted\results\N2_cc-pVDZ_SE_HFSCF_10_2026-07-27T00-46-17\results\beb_xsec.dat | local_beb_source_type=QEC_strict9_authoritative",10.1063/1.1696957;10.1021/jp210294p,C/F,65,0,Use every available experimental label. Apply a mask so each row contributes only to the energies/targets actually observed; do not invent missing curve points. | Additional label/source: Bull Table 2 groups reference species under refs b-f collectively; no single underlying DOI assigned here.,
nitrogen-difluoride-radical,nitrogen difluoride radical,NF2,experimental_fixed_or_sparse_points,10.1016/S0009-2614(02)00633-4,"experimental_source=Huo, Tarnovsky, and Becker (2002); underlying Tarnovsky et al. fast-neutral-beam measurements",experimental_series=Present expt revised total single ionization | source_figure=Fig. 2b,published_raw_BEB_figure_digitized,${ARCHIVE_ROOT}\outputs\current_experiment_beb_master_2026_08_01\cf2_cf3_nf2_nf3_experiment_beb_READY_TIER_B.csv,${ARCHIVE_ROOT}\outputs\current_experiment_beb_master_2026_08_01\cf2_cf3_nf2_nf3_experiment_beb_READY_TIER_B.csv,sparse_point,1,0,来源元数据已找回；仍不等同对全部数值独立逐点复核,"2026-09-06 source audit: provenance reconstructed from the actual frozen training input files, with original experiment citations and acquisition carriers distinguished where recovered. This audit verifies source metadata, not independent re-digitisation of every numerical value. See source_completeness_status for unresolved source limitations. Earlier identity-level claims are retained separately as legacy metadata, not current verification.",beb_variant=raw_BEB_dashed_curve,10.1016/S0009-2614(02)00633-4 Fig. 2b,F,0,0,"Tier B sparse label: one experimental total-single-ionization point at 80 eV paired with the dashed raw BEB at identical energy. Visible 80 eV error bar digitized. siBED, DM, alternative NF3 data, and lower-bound-only CF/NF panels excluded.",
nitrogen-dioxide,nitrogen dioxide,NO2,experimental_curve_points,https://physics.nist.gov/cgi-bin/Ionization/graph_new.pl?element=NO2.0,"source_reference=B.G. Lindsay, M.A. Mangan, H.C. Straub, and R.F. Stebbings, J. Chem. Phys. 112 , 9404 (2000). | original_nist_experiment_reference=B.G. Lindsay, M.A. Mangan, H.C. Straub, and R.F. Stebbings, J. Chem. Phys. 112, 9404 (2000).",dataset_id=exp_1,NIST_SRD107_numeric_BEB,${ARCHIVE_ROOT}\nist_strict_usable_numeric_pairs_2026_07_30\beb_numeric_corrected\019_NO2_BEB_corrected.csv,${ARCHIVE_ROOT}\nist_strict_usable_numeric_pairs_2026_07_30\paired_numeric\019_NO2_BEB_vs_experiment.csv,curve_point,16,1,NIST为获取载体；原作者题录已从实际series恢复，未逐篇全文复核全部原实验,"2026-09-06 source audit: provenance reconstructed from the actual frozen training input files, with original experiment citations and acquisition carriers distinguished where recovered. This audit verifies source metadata, not independent re-digitisation of every numerical value. See source_completeness_status for unresolved source limitations. Earlier identity-level claims are retained separately as legacy metadata, not current verification.","original_nist_beb_reference=BEB (vertical IP)Y.-K. Kim, W. Hwang, N. M. Weinberger, M. A. Ali and M.E. Rudd, J. Chem. Phys. 106, 1026 (1997). | NIST图BEB来源=BEB (vertical IP)Y.-K. Kim, W. Hwang, N. M. Weinberger, M. A. Ali and M.E. Rudd, J. Chem. Phys. 106, 1026 (1997).",https://physics.nist.gov/cgi-bin/Ionization/graph_new.pl?element=NO2.0,C,16,0,Use every available experimental label. Apply a mask so each row contributes only to the energies/targets actually observed; do not invent missing curve points.,
nitrogen-trifluoride,nitrogen trifluoride,NF3,experimental_fixed_or_sparse_points,10.1016/S0009-2614(02)00633-4,"experimental_source=Huo, Tarnovsky, and Becker (2002); underlying Tarnovsky et al. fast-neutral-beam measurements",experimental_series=Present expt revised total single ionization | source_figure=Fig. 2c,published_raw_BEB_figure_digitized,${ARCHIVE_ROOT}\outputs\current_experiment_beb_master_2026_08_01\cf2_cf3_nf2_nf3_experiment_beb_READY_TIER_B.csv,${ARCHIVE_ROOT}\outputs\current_experiment_beb_master_2026_08_01\cf2_cf3_nf2_nf3_experiment_beb_READY_TIER_B.csv,sparse_point,1,1,来源元数据已找回；仍不等同对全部数值独立逐点复核,"2026-09-06 source audit: provenance reconstructed from the actual frozen training input files, with original experiment citations and acquisition carriers distinguished where recovered. This audit verifies source metadata, not independent re-digitisation of every numerical value. See source_completeness_status for unresolved source limitations. Earlier identity-level claims are retained separately as legacy metadata, not current verification.",beb_variant=raw_BEB_dashed_curve,10.1016/S0009-2614(02)00633-4 Fig. 2c,F,0,0,"Tier B sparse label: one experimental total-single-ionization point at 80 eV paired with the dashed raw BEB at identical energy. No numeric uncertainty invented. siBED, DM, alternative NF3 data, and lower-bound-only CF/NF panels excluded.",
nitromethane,nitromethane,CH3NO2,experimental_fixed_or_sparse_points,10.3390/atoms10030074 | 10.1021/jp022031h,"experimental_numeric_recovery_source_title=Mass Spectrometry-Based Approach to Compute Electron-Impact Partial Ionization Cross-Sections of Methane, Water and Nitromethane from Threshold to 5 keV | experimental_primary_source_title=Formation of Positive and Negative Ions in CH3NO2","experimental_numeric_recovery_figure=Figure 11 | experimental_numeric_recovery_source_pdf_page=10 | experimental_primary_source_pages=9040-9044 | Corrected training task: same-energy 60 eV pair, experiment 6.8 A^2 and BEB 5.95 A^2, NOT a peak-to-peak pair. Luthra et al. (2022), DOI 10.3390/atoms10030074, PDF p.10 explicit text and p.11 Figure 11. The separate BEB maximum is 6.6 A^2 at 110 eV and is not the adopted baseline value.",published numeric BEB peak plus published 60 eV BEB point,${ARCHIVE_ROOT}\source_cache\atoms-10-00074-v2.pdf,${ARCHIVE_ROOT}\outputs\no_qec_priority_2026_07_31\nitromethane_jiao_luthra_strict_peak_pair_2026_08_01.csv,fixed_energy_numeric,1,2,"来源元数据已找回；仍不等同对全部数值独立逐点复核 | The 60 eV fixed-energy numerical pair and quoted 15% experimental uncertainty were verified in the open full numerical-carrier paper. Jiao et al. DOI 10.1021/jp022031h is the original experiment; its abstract was verified, not every primary-paper table re-read. Do not classify the retained row as peak-height supervision.","2026-09-06 source audit: provenance reconstructed from the actual frozen training input files, with original experiment citations and acquisition carriers distinguished where recovered. This audit verifies source metadata, not independent re-digitisation of every numerical value. See source_completeness_status for unresolved source limitations. Earlier identity-level claims are retained separately as legacy metadata, not current verification.",beb_accepted_status=accepted_published_numeric_peak_and_point | beb_local_pdf_path=${ARCHIVE_ROOT}\source_cache\atoms-10-00074-v2.pdf | beb_method=Binary-Encounter-Bethe/cc-pVTZ | beb_numeric_scope=published numeric BEB peak plus published 60 eV BEB point | beb_source_doi=10.3390/atoms10030074 | beb_source_pdf_page_figure=PDF p.10 text and PDF p.11 Figure 11,10.1021/jp022031h,F,0,0,"exact name plus formula plus PubChem CID 6375 plus InChIKey | Jiao et al. measured absolute dissociative-ionization partial cross sections from threshold to 200 eV. Luthra et al. explicitly report the experimental TICS maximum as 6.8 A^2 at 60 eV and a 15% estimated error, and the BEB maximum as 6.6 A^2 at 110 eV with BEB=5.95 A^2 at 60 eV. Count now for peak-height, peak-position, and same-energy supervision; do not claim a locally numeric full experimental curve until Figure 11 or the primary data are digitized.","This is a genuine same-energy pair at 60 eV: experiment 6.8 A^2 and BEB 5.95 A^2. The independent BEB maximum is 6.6 A^2 at 110 eV, so 5.95 is not a BEB peak-height target. Retain the observed and computed same-energy values, changing only the task label."
nitrous-oxide,nitrous oxide,N2O,experimental_curve_points;experimental_fixed_or_sparse_points,https://physics.nist.gov/cgi-bin/Ionization/graph_new.pl?element=N2O.0 | 10.1021/acs.jpca.0c06308 | https://repository.lib.ncsu.edu/bitstreams/e76df401-02d2-4db1-903b-dad1b9e89fe0/download | https://pubs.acs.org/doi/10.1021/acs.jpca.0c06308,"source_reference=D. Rapp and P. Englander-Golden, J. Chem. Phys. 43 , 1464 (1965). | source_reference=I. Iga, M. V. V. S. Rao and S. K. Srivastava, J. Geophys. Res. 101 , 9261 (1996). | original_nist_experiment_reference=D. Rapp and P. Englander-Golden, J. Chem. Phys. 43, 1464 (1965). | original_nist_experiment_reference=I. Iga, M. V. V. S. Rao and S. K. Srivastava, J. Geophys. Res. 101, 9261 (1996). | source_title=Predicting Total Electron-Ionization Cross Sections and GC-MS Calibration Factors Using Machine Learning","dataset_id=exp_1 | dataset_id=exp_2 | source_pdf_page=347 | source_printed_page=305 | source_table=Appendix A, Table A.7 | Bose numerical carrier: dissertation Table A.7, PDF p.347 / printed p.305, BOSE396_289, row 'Nitrous oxide', Mean cross section column. PDF-column replay matches retained experimental label 4.6 A^2 exactly.",QEC_strict9_authoritative,${PROJECT_ROOT}\data\qec_results\incoming_2026_07_27\strict_new9_results_COMPLETE_2026_07_27_extracted\results\N2O_cc-pVDZ_SE_HFSCF_10_2026-07-27T00-46-53\results\beb_xsec.dat,${ARCHIVE_ROOT}\nist_strict_usable_numeric_pairs_2026_07_30\paired_numeric\021_N2O_BEB_vs_experiment.csv | ${ARCHIVE_ROOT}\outputs\no_qec_priority_2026_07_31\ready100_fixed_energy_with_existing_beb_no_qec.csv,curve_point | fixed_70_75eV,46,0,"NIST为获取载体；原作者题录已从实际series恢复，未逐篇全文复核全部原实验；Bose数值为70–75 eV综合/归一化汇总，原测量工作须通过原作者来源链追溯；Table A.7页号属thesis而非期刊正文 | Late source-column audit: this Bose value is a standardized experimental population mean, not a BEB or ML prediction. The actual Table A.7 mean column and transfer to the retained input were checked. This does not reconstruct every original laboratory measurement, scaling factor or confidence interval, and is separate from BEB structural validation.","2026-09-06 source audit: provenance reconstructed from the actual frozen training input files, with original experiment citations and acquisition carriers distinguished where recovered. This audit verifies source metadata, not independent re-digitisation of every numerical value. See source_completeness_status for unresolved source limitations. Earlier identity-level claims are retained separately as legacy metadata, not current verification.","original_nist_beb_reference=BEBY.-K. Kim, W. Hwang, N. M. Weinberger, M. A. Ali and M.E. Rudd, J. Chem. Phys. 106, 1026 (1997). | NIST图BEB来源=BEBY.-K. Kim, W. Hwang, N. M. Weinberger, M. A. Ali and M.E. Rudd, J. Chem. Phys. 106, 1026 (1997). | local_beb_match_method=exact_normalized_name_and_formula | local_beb_match_status=ready_fixed_energy_experiment_plus_local_beb | local_beb_registry_status=accepted | local_beb_source_path=${PROJECT_ROOT}\data\qec_results\incoming_2026_07_27\strict_new9_results_COMPLETE_2026_07_27_extracted\results\N2O_cc-pVDZ_SE_HFSCF_10_2026-07-27T00-46-53\results\beb_xsec.dat | local_beb_source_type=QEC_strict9_authoritative",10.1063/1.1696957,C/F,45,0,Use every available experimental label. Apply a mask so each row contributes only to the energies/targets actually observed; do not invent missing curve points.,
octafluoro-2-butene,Octafluoro-butan-2-ene,C4F8,experimental_fixed_or_sparse_points;experimental_peak_height,10.1039/B009243F | 10.1021/jp210294p | 10.1021/acs.jpca.0c06308 | https://repository.lib.ncsu.edu/bitstreams/e76df401-02d2-4db1-903b-dad1b9e89fe0/download | https://pubs.acs.org/doi/10.1021/acs.jpca.0c06308 | https://ir.canterbury.ac.nz/server/api/core/bitstreams/7106f9ca-1e1a-47c9-8224-7886f52b012e/content,numeric_label_source_title=Absolute Total Electron Impact Ionization Cross-Sections for Many-Atom Organic and Halocarbon Species | source_title=Predicting Total Electron-Ionization Cross Sections and GC-MS Calibration Factors Using Machine Learning,"full_curve_source_figure=Fig. 3.13 | full_curve_source_page=thesis print p50; physical PDF p69 | numeric_label_location=Table 2, journal p.769 (local PDF physical p.3) | source_pdf_page=349 | source_printed_page=307 | source_table=Appendix A, Table A.7 | Bose numerical carrier: dissertation Table A.7, PDF p.349 / printed p.307, BOSE396_318, row 'Octafluoro-butan-2-ene', Mean cross section column. PDF-column replay matches retained experimental label 10.8 A^2 exactly. | Uniform 15-row cross-check: Bart (2003) thesis, Table 3.4, PDF p.62 / printed p.43; same named neutral molecule/isomer, measured total positive-ion maximum 11.6 A^2. Experimental peak energy 108 eV is provenance metadata only, not the common collision energy of a peak-to-peak training pair. The retained experimental peak height agrees with the table; no amplitude change.",published_numeric_BEB,${ARCHIVE_ROOT}\existing_beb_150_checkpoint_2026_07_30\beb_numeric\020_octafluoro-2-butene_BEB.csv,${ARCHIVE_ROOT}\outputs\no_qec_priority_2026_07_31\agent_no_qec_immediate_numeric_peak_labels_50.csv | ${ARCHIVE_ROOT}\outputs\no_qec_priority_2026_07_31\ready100_fixed_energy_with_existing_beb_no_qec.csv,fixed_70_75eV | peak_height,2,0,"Bose数值为70–75 eV综合/归一化汇总，原测量工作须通过原作者来源链追溯；Table A.7页号属thesis而非期刊正文 | Late source-column audit: this Bose value is a standardized experimental population mean, not a BEB or ML prediction. The actual Table A.7 mean column and transfer to the retained input were checked. This does not reconstruct every original laboratory measurement, scaling factor or confidence interval, and is separate from BEB structural validation. | Uniform 15-row cross-check: Bart (2003) thesis, Table 3.4, PDF p.62 / printed p.43; same named neutral molecule/isomer, measured total positive-ion maximum 11.6 A^2. Experimental peak energy 108 eV is provenance metadata only, not the common collision energy of a peak-to-peak training pair. The retained experimental peak height agrees with the table; no amplitude change.","2026-09-06 source audit: provenance reconstructed from the actual frozen training input files, with original experiment citations and acquisition carriers distinguished where recovered. This audit verifies source metadata, not independent re-digitisation of every numerical value. See source_completeness_status for unresolved source limitations. Earlier identity-level claims are retained separately as legacy metadata, not current verification.",accepted_BEB_path=${ARCHIVE_ROOT}\existing_beb_150_checkpoint_2026_07_30\beb_numeric\020_octafluoro-2-butene_BEB.csv | accepted_BEB_source=published_numeric_BEB | local_beb_match_method=curated_synonym_or_isomer_alias_and_formula | local_beb_match_status=ready_fixed_energy_experiment_plus_local_beb | local_beb_registry_status=accepted | local_beb_source_path=${ARCHIVE_ROOT}\existing_beb_150_checkpoint_2026_07_30\beb_numeric\020_octafluoro-2-butene_BEB.csv | local_beb_source_type=published_numeric_BEB | 已出版数值BEB：https://doi.org/10.1021/jp210294p.s001; official SI PDF pp.61-67,10.1021/acs.jpca.0c06308,F/P,0,0,Use every available experimental label. Apply a mask so each row contributes only to the energies/targets actually observed; do not invent missing curve points.,"The finite energy in this peak-amplitude record originated from a calculated BEB peak, not a verified common-energy experimental/BEB observation. Keep the independently recorded peak amplitudes; do not expose theoretical peak energy as experimental energy. Conservative model-input policy: the retained peak-amplitude pair has no assigned energy. Legacy expansion subsequently marked those backfilled values as reported. This correction does not assert that the original experimental paper never reported a peak energy."
octafluoropropane,perfluoropropane,C3F8,experimental_curve_points;experimental_fixed_or_sparse_points,https://physics.nist.gov/cgi-bin/Ionization/graph_new.pl?element=C3F8.0 | 10.1021/acs.jpca.0c06308 | https://repository.lib.ncsu.edu/bitstreams/e76df401-02d2-4db1-903b-dad1b9e89fe0/download | https://pubs.acs.org/doi/10.1021/acs.jpca.0c06308,"source_reference=H. Nishimura, W.M. Huo, M.A. Ali, and Y.-K. Kim, J. Chem. Phys. 110 , 3811 (1999). | source_reference=H. U. Poll, and J. Meichsner, Contrib. Plasma Phys. 27 359 (1987). | source_reference=J.A. Beran and L. Kevan, J. Phys. Chem. 73 , 3866 (1969). | source_reference=L. G. Christophorou, J.K. Olthoff, and M.V.V.S. Rao, J. Phys. Chem. Ref. Data 25 , 1341 (1996). | source_reference=M. V. Kurepa, 3rd Cz. Conference on Electronics and Vacuum Transactions (1965). | source_reference=P. J. Chantry and C. L. Chen, J. Chem. Phys. 90 , 2585 (1989). | original_nist_experiment_reference=H. Nishimura, W.M. Huo, M.A. Ali, and Y.-K. Kim, J. Chem. Phys. 110, 3811 (1999). | original_nist_experiment_reference=J.A. Beran and L. Kevan, J. Phys. Chem. 73, 3866 (1969). | original_nist_experiment_reference=H. U. Poll, and J. Meichsner, Contrib. Plasma Phys. 27 359 (1987). | original_nist_experiment_reference=P. J. Chantry and C. L. Chen, J. Chem. Phys. 90, 2585 (1989). | original_nist_experiment_reference=M. V. Kurepa, 3rd Cz. Conference on Electronics and Vacuum Transactions (1965). | original_nist_experiment_reference=L. G. Christophorou, J.K. Olthoff, and M.V.V.S. Rao, J. Phys. Chem. Ref. Data 25, 1341 (1996). | source_title=Predicting Total Electron-Ionization Cross Sections and GC-MS Calibration Factors Using Machine Learning","dataset_id=exp_1 | dataset_id=exp_2 | dataset_id=exp_3 | dataset_id=exp_4 | dataset_id=exp_5 | dataset_id=exp_6 | source_pdf_page=348 | source_printed_page=306 | source_table=Appendix A, Table A.7 | Bose numerical carrier: dissertation Table A.7, PDF p.348 / printed p.306, BOSE396_305, row 'Octafluoropropane', Mean cross section column. PDF-column replay matches retained experimental label 10.4 A^2 exactly.",NIST_SRD107_numeric_BEB,${ARCHIVE_ROOT}\nist_strict_usable_numeric_pairs_2026_07_30\beb_numeric_corrected\022_C3F8_BEB_corrected.csv,${ARCHIVE_ROOT}\nist_strict_usable_numeric_pairs_2026_07_30\paired_numeric\022_C3F8_BEB_vs_experiment.csv | ${ARCHIVE_ROOT}\outputs\no_qec_priority_2026_07_31\ready100_fixed_energy_with_existing_beb_no_qec.csv,curve_point | fixed_70_75eV,76,3,"NIST为获取载体；原作者题录已从实际series恢复，未逐篇全文复核全部原实验；Bose数值为70–75 eV综合/归一化汇总，原测量工作须通过原作者来源链追溯；Table A.7页号属thesis而非期刊正文 | Late source-column audit: this Bose value is a standardized experimental population mean, not a BEB or ML prediction. The actual Table A.7 mean column and transfer to the retained input were checked. This does not reconstruct every original laboratory measurement, scaling factor or confidence interval, and is separate from BEB structural validation.","2026-09-06 source audit: provenance reconstructed from the actual frozen training input files, with original experiment citations and acquisition carriers distinguished where recovered. This audit verifies source metadata, not independent re-digitisation of every numerical value. See source_completeness_status for unresolved source limitations. Earlier identity-level claims are retained separately as legacy metadata, not current verification.","original_nist_beb_reference=BEB (CAS wave function with estimates for multiple ionization) N. Nishimura, W.M. Huo, M.A. Ali, and Y.-K. Kim, J. Chem. Phys. 110, 3811 (1999). | NIST图BEB来源=BEB (CAS wave function with estimates for multiple ionization) N. Nishimura, W.M. Huo, M.A. Ali, and Y.-K. Kim, J. Chem. Phys. 110, 3811 (1999). | local_beb_match_method=exact_normalized_name_and_formula | local_beb_match_status=ready_fixed_energy_experiment_plus_local_beb | local_beb_registry_status=accepted_replacing_lower_priority | local_beb_source_path=${ARCHIVE_ROOT}\nist_strict_usable_numeric_pairs_2026_07_30\beb_numeric_corrected\022_C3F8_BEB_corrected.csv | local_beb_source_type=NIST_SRD107_numeric_BEB",10.1021/acs.jpca.0c06308;10.1021/jp210294p,C/F,75,0,Use every available experimental label. Apply a mask so each row contributes only to the energies/targets actually observed; do not invent missing curve points. | Additional label/source: Hudson thesis Table 3.4 reports 10.2 A^2 at 126 eV; Bull Table 2 updated height/error is retained.,
ortho-xylene,ortho-xylene,C8H10,experimental_peak_height,10.1016/j.cplett.2013.04.051,10.1016/j.cplett.2013.04.051,experiment_location=24-28; Abstract; Summary; full curve in primary article,BEB/omega-B97X,${ARCHIVE_ROOT}\outputs\no_qec_priority_2026_07_31\jiao_gupta_new4_published_numeric_beb_peaks.csv::BEBPEAK_NEW4_002,${ARCHIVE_ROOT}\outputs\no_qec_priority_2026_07_31\new25_incremental_identity_ledger_2026_08_01.csv,peak_height_numeric,1,3,来源元数据已找回；仍不等同对全部数值独立逐点复核,"2026-09-06 source audit: provenance reconstructed from the actual frozen training input files, with original experiment citations and acquisition carriers distinguished where recovered. This audit verifies source metadata, not independent re-digitisation of every numerical value. See source_completeness_status for unresolved source limitations. Earlier identity-level claims are retained separately as legacy metadata, not current verification.",beb_doi=10.1063/1.5081841 | beb_local_path=${ARCHIVE_ROOT}\outputs\no_qec_priority_2026_07_31\jiao_gupta_new4_published_numeric_beb_peaks.csv::BEBPEAK_NEW4_002 | beb_location=p.9 Table II | beb_numeric_scope=published numeric BEB maximum,10.1016/j.cplett.2013.04.051,P,0,0,exact xylene isomer name plus formula plus PubChem CID plus InChIKey,"The 80 eV value is a reported EXPERIMENTAL peak energy, but the stored BEB amplitude is the independently tabulated BEB maximum, not demonstrated to be BEB(80 eV). This is a peak-to-peak amplitude target without a common collision-energy input. Preserve experimental peak energy only as provenance metadata, excluded from model features; using the observed target peak energy as an input would require target experimental knowledge for a new molecule."
oxygen,oxygen,O2,experimental_curve_points;experimental_fixed_or_sparse_points,https://physics.nist.gov/cgi-bin/Ionization/graph_new.pl?element=O2.0 | 10.1021/acs.jpca.0c06308 | https://repository.lib.ncsu.edu/bitstreams/e76df401-02d2-4db1-903b-dad1b9e89fe0/download | https://pubs.acs.org/doi/10.1021/acs.jpca.0c06308,"source_reference=B. L. Schram, H. R. Moustafa, J. Schutten and F. J. de Heer, Physica 32 , 734 (1966). | source_reference=D. Rapp and P. Englander-Golden, J. Chem. Phys. 43 , 1464 (1965). | source_reference=E. Krishnakumar and S. K. Srivastava, Int. J. Mass. Spectrom. Ion Processes 113 , 1 (1992). | original_nist_experiment_reference=D. Rapp and P. Englander-Golden, J. Chem. Phys. 43, 1464 (1965). | original_nist_experiment_reference=B. L. Schram, H. R. Moustafa, J. Schutten and F. J. de Heer, Physica 32, 734 (1966). | original_nist_experiment_reference=E. Krishnakumar and S. K. Srivastava, Int. J. Mass. Spectrom. Ion Processes 113, 1 (1992). | source_title=Predicting Total Electron-Ionization Cross Sections and GC-MS Calibration Factors Using Machine Learning","dataset_id=exp_1 | dataset_id=exp_3 | dataset_id=exp_4 | source_pdf_page=347 | source_printed_page=305 | source_table=Appendix A, Table A.7 | Bose numerical carrier: dissertation Table A.7, PDF p.347 / printed p.305, BOSE396_286, row 'Oxygen', Mean cross section column. PDF-column replay matches retained experimental label 2.9 A^2 exactly.",NIST_SRD107_numeric_BEB,${ARCHIVE_ROOT}\nist_strict_usable_numeric_pairs_2026_07_30\beb_numeric_corrected\023_O2_BEB_corrected.csv,${ARCHIVE_ROOT}\nist_strict_usable_numeric_pairs_2026_07_30\paired_numeric\023_O2_BEB_vs_experiment.csv | ${ARCHIVE_ROOT}\outputs\no_qec_priority_2026_07_31\ready100_fixed_energy_with_existing_beb_no_qec.csv,curve_point | fixed_70_75eV,51,2,"NIST为获取载体；原作者题录已从实际series恢复，未逐篇全文复核全部原实验；Bose数值为70–75 eV综合/归一化汇总，原测量工作须通过原作者来源链追溯；Table A.7页号属thesis而非期刊正文 | Late source-column audit: this Bose value is a standardized experimental population mean, not a BEB or ML prediction. The actual Table A.7 mean column and transfer to the retained input were checked. This does not reconstruct every original laboratory measurement, scaling factor or confidence interval, and is separate from BEB structural validation.","2026-09-06 source audit: provenance reconstructed from the actual frozen training input files, with original experiment citations and acquisition carriers distinguished where recovered. This audit verifies source metadata, not independent re-digitisation of every numerical value. See source_completeness_status for unresolved source limitations. Earlier identity-level claims are retained separately as legacy metadata, not current verification.","original_nist_beb_reference=BEBW. Hwang, Y.-K. Kim and M.E. Rudd, J. Chem. Phys. 104, 2956 (1996). | NIST图BEB来源=BEBW. Hwang, Y.-K. Kim and M.E. Rudd, J. Chem. Phys. 104, 2956 (1996). | local_beb_match_method=exact_normalized_name_and_formula | local_beb_match_status=ready_fixed_energy_experiment_plus_local_beb | local_beb_registry_status=accepted_replacing_lower_priority | local_beb_source_path=${ARCHIVE_ROOT}\nist_strict_usable_numeric_pairs_2026_07_30\beb_numeric_corrected\023_O2_BEB_corrected.csv | local_beb_source_type=NIST_SRD107_numeric_BEB",10.1063/1.1696957,C/F,50,0,Use every available experimental label. Apply a mask so each row contributes only to the energies/targets actually observed; do not invent missing curve points.,
ozone,ozone,O3,experimental_curve_points,https://physics.nist.gov/cgi-bin/Ionization/graph_new.pl?element=O3.0,"source_reference=K. A. Newson, S. M. Lee, S. D. Price and N. J. Mason, Int. J. Mass Spec. Ion Processes 148 , 203 (1995). | source_reference=M. W. Siegel, Int. J. Mass Spectrom. Ion Phys. 44 , 19 (1982). | original_nist_experiment_reference=K. A. Newson, S. M. Lee, S. D. Price and N. J. Mason, Int. J. Mass Spec. Ion Processes 148, 203 (1995). | original_nist_experiment_reference=M. W. Siegel, Int. J. Mass Spectrom. Ion Phys. 44, 19 (1982).",dataset_id=exp_1 | dataset_id=exp_3,NIST_SRD107_numeric_BEB,${ARCHIVE_ROOT}\outputs\nist_beb_experimental_crawl_2026_08_01\beb_ascii\017_O3_BEB.txt,${ARCHIVE_ROOT}\nist_strict_usable_numeric_pairs_2026_07_30\paired_numeric\024_O3_BEB_vs_experiment.csv,curve_point,19,1,"Retained ozone labels: 10 original Newson et al. (1995) points (exp_1) and 9 Siegel (1982) points (exp_3). Thirteen renormalised copies (exp_2) of Newson are excluded. Differences between original studies are source disagreement, not automatically digitisation errors.","2026-09-06 source audit: legacy audit assertions superseded. Retained ozone labels: 10 original Newson et al. (1995) points (exp_1) and 9 Siegel (1982) points (exp_3). Thirteen renormalised copies (exp_2) of Newson are excluded. Differences between original studies are source disagreement, not automatically digitisation errors. Source labels updated after the 350-row exclusion; withdrawn series are not current training evidence.","original_nist_beb_reference=BEBY.-K. Kim, W. Hwang, N. M. Weinberger, M. A. Ali and M.E. Rudd, J. Chem. Phys. 106, 1026 (1997). | NIST图BEB来源=BEBY.-K. Kim, W. Hwang, N. M. Weinberger, M. A. Ali and M.E. Rudd, J. Chem. Phys. 106, 1026 (1997).",https://physics.nist.gov/cgi-bin/Ionization/graph_new.pl?element=O3.0,C,19,13,Tier B graph-digitized data; 24 independent experimental points; automated exact-palette extraction and whole-batch visual QA passed 2026-08-02; log10 energy axis and linear A^2 cross-section axis. Point-level experiment/BEB pairs are stored in nist_fast12_experiment_beb_digitized_READY_TIER_B.csv. Newson-renormalized e2/green series was excluded; only original Newson e1/red and Siegel e3/blue were retained.,
para-xylene,para-xylene,C8H10,experimental_peak_height,10.1016/j.cplett.2013.04.051,10.1016/j.cplett.2013.04.051,experiment_location=24-28; Abstract; Summary; full curve in primary article,BEB/omega-B97X,${ARCHIVE_ROOT}\outputs\no_qec_priority_2026_07_31\jiao_gupta_new4_published_numeric_beb_peaks.csv::BEBPEAK_NEW4_004,${ARCHIVE_ROOT}\outputs\no_qec_priority_2026_07_31\new25_incremental_identity_ledger_2026_08_01.csv,peak_height_numeric,1,4,来源元数据已找回；仍不等同对全部数值独立逐点复核,"2026-09-06 source audit: provenance reconstructed from the actual frozen training input files, with original experiment citations and acquisition carriers distinguished where recovered. This audit verifies source metadata, not independent re-digitisation of every numerical value. See source_completeness_status for unresolved source limitations. Earlier identity-level claims are retained separately as legacy metadata, not current verification.",beb_doi=10.1063/1.5081841 | beb_local_path=${ARCHIVE_ROOT}\outputs\no_qec_priority_2026_07_31\jiao_gupta_new4_published_numeric_beb_peaks.csv::BEBPEAK_NEW4_004 | beb_location=p.9 Table II | beb_numeric_scope=published numeric BEB maximum,10.1016/j.cplett.2013.04.051,P,0,0,exact xylene isomer name plus formula plus PubChem CID plus InChIKey,"The 80 eV value is a reported EXPERIMENTAL peak energy, but the stored BEB amplitude is the independently tabulated BEB maximum, not demonstrated to be BEB(80 eV). This is a peak-to-peak amplitude target without a common collision-energy input. Preserve experimental peak energy only as provenance metadata, excluded from model features; using the observed target peak energy as an input would require target experimental knowledge for a new molecule."
pentan-1-ene,Pentan-1-ene,C5H10,experimental_fixed_or_sparse_points,10.1021/acs.jpca.0c06308 | https://repository.lib.ncsu.edu/bitstreams/e76df401-02d2-4db1-903b-dad1b9e89fe0/download,10.1021/acs.jpca.0c06308,"Bose numerical carrier: dissertation Table A.7, PDF p.332 / printed p.290, BOSE396_049, row 'Pentan-1-ene', Mean cross section column. PDF-column replay matches retained experimental label 13.6 A^2 exactly.",ALeCS_BEB_256_points,${ARCHIVE_ROOT}\outputs\alecs_bose396_match_2026_08_01\approved_same_identity_11\beb_curves_A2\005_pentan_1_ene_ALeCS_BEB_A2.csv,${ARCHIVE_ROOT}\outputs\alecs_bose396_match_2026_08_01\approved_same_identity_11\approved_11_manifest.csv,fixed_70_75eV,1,0,"Bose数值为70–75 eV综合/归一化汇总，原测量工作须通过原作者来源链追溯；Table A.7页号属thesis而非期刊正文 | Late source-column audit: this Bose value is a standardized experimental population mean, not a BEB or ML prediction. The actual Table A.7 mean column and transfer to the retained input were checked. This does not reconstruct every original laboratory measurement, scaling factor or confidence interval, and is separate from BEB structural validation.","2026-09-06 source audit: provenance reconstructed from the actual frozen training input files, with original experiment citations and acquisition carriers distinguished where recovered. This audit verifies source metadata, not independent re-digitisation of every numerical value. See source_completeness_status for unresolved source limitations. Earlier identity-level claims are retained separately as legacy metadata, not current verification.",beb_curve_file=${ARCHIVE_ROOT}\outputs\alecs_bose396_match_2026_08_01\approved_same_identity_11\beb_curves_A2\005_pentan_1_ene_ALeCS_BEB_A2.csv | beb_source_doi=10.1051/0004-6361/202348293 | beb_source_repository=https://github.com/alecs-db/ALeCS-db,10.1021/acs.jpca.0c06308,F,0,0,MP2 geometry is an unbranched chain with a terminal C=C bond (1-pentene).,
pentyl-formate,pentyl formate,C6H12O2,experimental_curve_points;experimental_fixed_or_sparse_points;experimental_peak_height,10.1016/j.ijms.2005.11.003 | 10.1021/acs.jpca.0c06308 | https://repository.lib.ncsu.edu/bitstreams/e76df401-02d2-4db1-903b-dad1b9e89fe0/download | https://pubs.acs.org/doi/10.1021/acs.jpca.0c06308,numeric_label_source_title=Absolute electron impact ionization cross-sections and polarizability volumes for the C2 to C6 methanoates and C3 to C7 ethanoates | source_title=Predicting Total Electron-Ionization Cross Sections and GC-MS Calibration Factors Using Machine Learning,"full_curve_source_figure=Fig. 1 | full_curve_source_page=physical PDF p2; journal p43 | source_pdf_page=339 | source_printed_page=297 | source_table=Appendix A, Table A.7 | experiment_source_figure=1 | experiment_source_page=43 | Hudson 2006 Table 1: journal p45 / PDF p4; independently tabulated experimental peak height; no peak energy in table | Retained peak label: Hudson et al. (2006), Table 1, journal p45 / PDF p4; experimental peak height only; peak energy unreported; 5% source accuracy | Bose numerical carrier: dissertation Table A.7, PDF p.339 / printed p.297, BOSE396_182, row 'n-Pentyl formate', Mean cross section column. PDF-column replay matches retained experimental label 21.7 A^2 exactly.",published_numeric_BEB,${ARCHIVE_ROOT}\existing_beb_150_checkpoint_2026_07_30\beb_numeric\034_pentyl_formate_BEB.csv,${ARCHIVE_ROOT}\outputs\no_qec_priority_2026_07_31\agent_no_qec_immediate_numeric_peak_labels_50.csv | ${ARCHIVE_ROOT}\outputs\no_qec_priority_2026_07_31\ready100_fixed_energy_with_existing_beb_no_qec.csv | ${ARCHIVE_ROOT}\outputs\no_qec_priority_2026_07_31\ready15_esters_experiment_beb\paired_curves\007_pentyl_formate_experiment_beb_paired.csv,curve_point | fixed_70_75eV | peak_height,57,1,"Energy-dependent points were obtained by graph-marker tracking anchored to the Table 1 peak height, not an independent numerical table from the authors. Read-only replay found no final direct fallback values in this retained trace. The peak label separately uses the Table 1 height, unreported peak energy and source-accuracy uncertainty of 5%. The fixed-energy value is from the Bose compilation. | Late source-column audit: this Bose value is a standardized experimental population mean, not a BEB or ML prediction. The actual Table A.7 mean column and transfer to the retained input were checked. This does not reconstruct every original laboratory measurement, scaling factor or confidence interval, and is separate from BEB structural validation.","2026-09-06 source audit: legacy audit assertions superseded. Energy-dependent points were obtained by graph-marker tracking anchored to the Table 1 peak height, not an independent numerical table from the authors. Read-only replay found no final direct fallback values in this retained trace. The peak label separately uses the Table 1 height, unreported peak energy and source-accuracy uncertainty of 5%. The fixed-energy value is from the Bose compilation. Source labels updated after the 350-row exclusion; withdrawn series are not current training evidence.",accepted_BEB_path=${ARCHIVE_ROOT}\existing_beb_150_checkpoint_2026_07_30\beb_numeric\034_pentyl_formate_BEB.csv | accepted_BEB_source=published_numeric_BEB | local_beb_match_method=curated_synonym_or_isomer_alias_and_formula | local_beb_match_status=ready_fixed_energy_experiment_plus_local_beb | local_beb_registry_status=accepted | local_beb_source_path=${ARCHIVE_ROOT}\existing_beb_150_checkpoint_2026_07_30\beb_numeric\034_pentyl_formate_BEB.csv | local_beb_source_type=published_numeric_BEB | 已出版数值BEB：https://doi.org/10.1021/jp210294p.s001; official SI PDF pp.140-146,10.1016/j.ijms.2005.11.003,C/F/P,55,0,Use every available experimental label. Apply a mask so each row contributes only to the energies/targets actually observed; do not invent missing curve points.,
phenol,phenol,C6H6O,experimental_fixed_or_sparse_points,10.1021/acs.jpca.0c06308,10.1021/acs.jpca.0c06308,"experiment_location=PDF p.342; printed p.300; Appendix A, Table A.7",Binary-Encounter-Bethe,${ARCHIVE_ROOT}\outputs\no_qec_priority_2026_07_31\irikura2017_new3_published_numeric_beb_70eV.csv::IRIKURA_BEB70_002,${ARCHIVE_ROOT}\outputs\no_qec_priority_2026_07_31\new25_incremental_identity_ledger_2026_08_01.csv,fixed_energy_numeric,1,1,Bose数值为70–75 eV综合/归一化汇总，原测量工作须通过原作者来源链追溯；Table A.7页号属thesis而非期刊正文,"2026-09-06 source audit: provenance reconstructed from the actual frozen training input files, with original experiment citations and acquisition carriers distinguished where recovered. This audit verifies source metadata, not independent re-digitisation of every numerical value. See source_completeness_status for unresolved source limitations. Earlier identity-level claims are retained separately as legacy metadata, not current verification.",beb_doi=10.6028/jres.122.028 | beb_local_path=${ARCHIVE_ROOT}\outputs\no_qec_priority_2026_07_31\irikura2017_new3_published_numeric_beb_70eV.csv::IRIKURA_BEB70_002 | beb_location=pp.3-4 Table 1 | beb_numeric_scope=published_numeric_70eV_point,10.1021/acs.jpca.0c06308,F,0,0,exact name plus formula plus PubChem CID plus InChIKey | Additional label/source: Exact chemical name and formula match between the experimental table and database metadata; no formula-only isomer inference. | Fixed-energy experimental supervision label; missing experimental energies remain masked and are never invented.,
phosphine,phosphine,PH3,experimental_curve_points,10.1063/5.0039465,"experimental_source=Märk and Egger experimental hollow squares reproduced in Graves, Cooper and Tennyson (2021) | T. D. Mark and F. Egger (1977), Ionization of phosphine and deuterated phosphine by electron impact from threshold up to 180 eV, Journal of Chemical Physics 67, 2629-2635, https://doi.org/10.1063/1.435174","experimental_series=Märk and Egger | source_figure=Fig. 9 | Graves et al. (2021), DOI 10.1063/5.0039465, Figure 9, PDF p.8 / printed 114104-7; experimental squares, distinct from raw ECP-BEB and alpha-BEB. Note: the Graves bibliography year is inconsistent with the actual 1977 original record.",published_raw_ECP_BEB_figure_digitized,${ARCHIVE_ROOT}\outputs\current_experiment_beb_master_2026_08_01\aip_fig9_12_13_experiment_ecp_beb_READY_TIER_B.csv,${ARCHIVE_ROOT}\outputs\current_experiment_beb_master_2026_08_01\aip_fig9_12_13_experiment_ecp_beb_READY_TIER_B.csv,curve_point,18,0,"来源元数据已找回；仍不等同对全部数值独立逐点复核 | The open numerical carrier figure and legend were directly read, and the original experimental citation was resolved. This does not claim complete independent re-extraction from every original experimental full paper.","2026-09-06 source audit: provenance reconstructed from the actual frozen training input files, with original experiment citations and acquisition carriers distinguished where recovered. This audit verifies source metadata, not independent re-digitisation of every numerical value. See source_completeness_status for unresolved source limitations. Earlier identity-level claims are retained separately as legacy metadata, not current verification.",beb_variant=raw_ECP_BEB,10.1063/5.0039465 Fig. 9; Märk and Egger series,C,18,0,"Tier B: 18 conservative hollow-square experimental points paired at identical x with the red raw ECP-BEB curve. Multi-scale visual QA passed. Error bars are visible but not numerically extracted; uncertainty remains missing. Blue alpha-BEB, other theory series, and black all-electron BEB were excluded from this ECP-labelled batch.",
pinacolone,methyl tert-butyl ketone,C6H12O,experimental_curve_points;experimental_fixed_or_sparse_points;experimental_peak_height,10.1016/j.ijms.2008.03.003 | 10.1021/jp210294p | https://pubs.acs.org/doi/10.1021/jp210294p | 10.1021/acs.jpca.0c06308 | https://repository.lib.ncsu.edu/bitstreams/e76df401-02d2-4db1-903b-dad1b9e89fe0/download | https://pubs.acs.org/doi/10.1021/acs.jpca.0c06308,source_title=Predicting Total Electron-Ionization Cross Sections and GC-MS Calibration Factors Using Machine Learning,"table_or_figure=Table 3; Fig.2/Table3 h | source_page_table_figure=printed p. 769; Table 2 | source_pdf_page=338 | source_printed_page=296 | source_table=Appendix A, Table A.7 | Bose numerical carrier: dissertation Table A.7, PDF p.338 / printed p.296, BOSE396_158, row 'tert-Butyl methyl ketone', Mean cross section column. PDF-column replay matches retained experimental label 19.5 A^2 exactly.",QEC_core17_authoritative,qec_first18_results_2026_07_24.tar.gz::results/C6H12O_cc-pVDZ_SE_HFSCF_10_2026-07-23T23-38-45/results/beb_xsec.dat,${ARCHIVE_ROOT}\outputs\no_qec_priority_2026_07_31\agent_bull2012_peak32.csv | ${ARCHIVE_ROOT}\outputs\no_qec_priority_2026_07_31\ready100_fixed_energy_with_existing_beb_no_qec.csv | ${PROJECT_ROOT}\data\processed\qec_low_energy_priority_curve_points_2026_07_26.csv,curve_point | fixed_70_75eV | peak_height,57,4,"Bose数值为70–75 eV综合/归一化汇总，原测量工作须通过原作者来源链追溯；Table A.7页号属thesis而非期刊正文 | Late source-column audit: this Bose value is a standardized experimental population mean, not a BEB or ML prediction. The actual Table A.7 mean column and transfer to the retained input were checked. This does not reconstruct every original laboratory measurement, scaling factor or confidence interval, and is separate from BEB structural validation.","2026-09-06 source audit: provenance reconstructed from the actual frozen training input files, with original experiment citations and acquisition carriers distinguished where recovered. This audit verifies source metadata, not independent re-digitisation of every numerical value. See source_completeness_status for unresolved source limitations. Earlier identity-level claims are retained separately as legacy metadata, not current verification.",local_beb_match_method=curated_synonym_or_isomer_alias_and_formula | local_beb_match_status=ready_fixed_energy_experiment_plus_local_beb | local_beb_registry_status=accepted | local_beb_source_path=qec_first18_results_2026_07_24.tar.gz::results/C6H12O_cc-pVDZ_SE_HFSCF_10_2026-07-23T23-38-45/results/beb_xsec.dat | local_beb_source_type=QEC_core17_authoritative,10.1016/j.ijms.2008.03.003;10.1021/jp210294p,C/F/P,55,0,"Use every available experimental label. Apply a mask so each row contributes only to the energies/targets actually observed; do not invent missing curve points. | Additional label/source: Bull Table 2 species label 3,3-dimethylbutan-2-one.","The finite energy in this peak-amplitude record originated from a calculated BEB peak, not a verified common-energy experimental/BEB observation. Keep the independently recorded peak amplitudes; do not expose theoretical peak energy as experimental energy. Conservative model-input policy: the retained peak-amplitude pair has no assigned energy."
piperidine,Piperidine,C5H11N,experimental_fixed_or_sparse_points,10.1021/acs.jpca.0c06308 | https://repository.lib.ncsu.edu/bitstreams/e76df401-02d2-4db1-903b-dad1b9e89fe0/download | https://pubs.acs.org/doi/10.1021/acs.jpca.0c06308,source_title=Predicting Total Electron-Ionization Cross Sections and GC-MS Calibration Factors Using Machine Learning,"source_pdf_page=344 | source_printed_page=302 | source_table=Appendix A, Table A.7 | Bose numerical carrier: dissertation Table A.7, PDF p.344 / printed p.302, BOSE396_243, row 'Piperidine', Mean cross section column. PDF-column replay matches retained experimental label 18.3 A^2 exactly.",QEC_new32_exact_manifest,new32_qec_beb_successful30_2026_07_30.tar.gz::C5H11N_cc-pVDZ_SE_HFSCF_10_2026-07-30T18-02-21/results/beb_xsec.dat,${ARCHIVE_ROOT}\outputs\no_qec_priority_2026_07_31\ready100_fixed_energy_with_existing_beb_no_qec.csv,fixed_70_75eV,1,2,"Bose数值为70–75 eV综合/归一化汇总，原测量工作须通过原作者来源链追溯；Table A.7页号属thesis而非期刊正文 | Late source-column audit: this Bose value is a standardized experimental population mean, not a BEB or ML prediction. The actual Table A.7 mean column and transfer to the retained input were checked. This does not reconstruct every original laboratory measurement, scaling factor or confidence interval, and is separate from BEB structural validation.","2026-09-06 source audit: provenance reconstructed from the actual frozen training input files, with original experiment citations and acquisition carriers distinguished where recovered. This audit verifies source metadata, not independent re-digitisation of every numerical value. See source_completeness_status for unresolved source limitations. Earlier identity-level claims are retained separately as legacy metadata, not current verification.",local_beb_match_method=exact_normalized_name_and_formula | local_beb_match_status=ready_fixed_energy_experiment_plus_local_beb | local_beb_registry_status=accepted | local_beb_source_path=new32_qec_beb_successful30_2026_07_30.tar.gz::C5H11N_cc-pVDZ_SE_HFSCF_10_2026-07-30T18-02-21/results/beb_xsec.dat | local_beb_source_type=QEC_new32_exact_manifest,10.1021/acs.jpca.0c06308,F,0,0,Use every available experimental label. Apply a mask so each row contributes only to the energies/targets actually observed; do not invent missing curve points.,
propane,Propane,C3H8,experimental_curve_points;experimental_fixed_or_sparse_points,https://physics.nist.gov/cgi-bin/Ionization/graph_new.pl?element=C3H8.0 | 10.1021/acs.jpca.0c06308 | https://repository.lib.ncsu.edu/bitstreams/e76df401-02d2-4db1-903b-dad1b9e89fe0/download | https://pubs.acs.org/doi/10.1021/acs.jpca.0c06308,"source_reference=H. Nishimura and H. Tawara, J. Phys. B 27 , 2063 (1994). | source_reference=N. Duric, I. Cadez and M. Kurepa, Int. J. Mass Spectrom. Ion Processes 108 , R1 (1991). | source_reference=V. Grill, G. Walder, D. Margreiter, T. Rauth, H. U. Poll, P. Scheier and T. D. Mï¿½rk, Z. Phys. D 25 , 217 (1993). | original_nist_experiment_reference=N. Duric, I. Cadez and M. Kurepa, Int. J. Mass Spectrom. Ion Processes 108, R1 (1991). | original_nist_experiment_reference=V. Grill, G. Walder, D. Margreiter, T. Rauth, H. U. Poll, P. Scheier and T. D. M�rk, Z. Phys. D 25, 217 (1993). | original_nist_experiment_reference=H. Nishimura and H. Tawara, J. Phys. B 27, 2063 (1994). | source_title=Predicting Total Electron-Ionization Cross Sections and GC-MS Calibration Factors Using Machine Learning","dataset_id=exp_1 | dataset_id=exp_3 | dataset_id=exp_4 | source_pdf_page=329 | source_printed_page=287 | source_table=Appendix A, Table A.7 | Bose numerical carrier: dissertation Table A.7, PDF p.329 / printed p.287, BOSE396_003, row 'Propane', Mean cross section column. PDF-column replay matches retained experimental label 10.7 A^2 exactly.",NIST_SRD107_numeric_BEB,${ARCHIVE_ROOT}\nist_strict_usable_numeric_pairs_2026_07_30\beb_numeric_corrected\025_C3H8_BEB_corrected.csv,${ARCHIVE_ROOT}\nist_strict_usable_numeric_pairs_2026_07_30\paired_numeric\025_C3H8_BEB_vs_experiment.csv | ${ARCHIVE_ROOT}\outputs\no_qec_priority_2026_07_31\ready100_fixed_energy_with_existing_beb_no_qec.csv,curve_point | fixed_70_75eV,65,2,"NIST为获取载体；原作者题录已从实际series恢复，未逐篇全文复核全部原实验；Bose数值为70–75 eV综合/归一化汇总，原测量工作须通过原作者来源链追溯；Table A.7页号属thesis而非期刊正文 | Late source-column audit: this Bose value is a standardized experimental population mean, not a BEB or ML prediction. The actual Table A.7 mean column and transfer to the retained input were checked. This does not reconstruct every original laboratory measurement, scaling factor or confidence interval, and is separate from BEB structural validation.","2026-09-06 source audit: provenance reconstructed from the actual frozen training input files, with original experiment citations and acquisition carriers distinguished where recovered. This audit verifies source metadata, not independent re-digitisation of every numerical value. See source_completeness_status for unresolved source limitations. Earlier identity-level claims are retained separately as legacy metadata, not current verification.","original_nist_beb_reference=BEBW. Hwang, Y.-K. Kim and M.E. Rudd, J. Chem. Phys. 104, 2956 (1996). | NIST图BEB来源=BEBW. Hwang, Y.-K. Kim and M.E. Rudd, J. Chem. Phys. 104, 2956 (1996). | local_beb_match_method=exact_normalized_name_and_formula | local_beb_match_status=ready_fixed_energy_experiment_plus_local_beb | local_beb_registry_status=accepted_replacing_lower_priority | local_beb_source_path=${ARCHIVE_ROOT}\nist_strict_usable_numeric_pairs_2026_07_30\beb_numeric_corrected\025_C3H8_BEB_corrected.csv | local_beb_source_type=NIST_SRD107_numeric_BEB",10.1021/acs.jpca.0c06308,C/F,64,0,Use every available experimental label. Apply a mask so each row contributes only to the energies/targets actually observed; do not invent missing curve points.,
propene,propene,C3H6,experimental_fixed_or_sparse_points,10.1021/acs.jpca.0c06308 | https://repository.lib.ncsu.edu/bitstreams/e76df401-02d2-4db1-903b-dad1b9e89fe0/download,10.1021/acs.jpca.0c06308,"experiment_location=Appendix A, Table A.7; source PDF p.331, printed p.289 | Bose numerical carrier: dissertation Table A.7, PDF p.331 / printed p.289, BOSE396_042, row 'Propene', Mean cross section column. PDF-column replay matches retained experimental label 9.0 A^2 exactly.",NIST_SRD107_numeric_BEB,${ARCHIVE_ROOT}\outputs\no_qec_priority_2026_07_31\nist_beb_expansion_2026_07_31\propene_C3H6_NIST_BEB.csv,${ARCHIVE_ROOT}\outputs\alecs_bose396_match_2026_08_01\approved_same_identity_11\approved_11_manifest.csv | ${ARCHIVE_ROOT}\outputs\no_qec_priority_2026_07_31\new25_incremental_identity_ledger_2026_08_01.csv,fixed_70_75eV | fixed_energy_numeric,2,1,"Bose数值为70–75 eV综合/归一化汇总，原测量工作须通过原作者来源链追溯；Table A.7页号属thesis而非期刊正文 | Late source-column audit: this Bose value is a standardized experimental population mean, not a BEB or ML prediction. The actual Table A.7 mean column and transfer to the retained input were checked. This does not reconstruct every original laboratory measurement, scaling factor or confidence interval, and is separate from BEB structural validation.","2026-09-06 source audit: provenance reconstructed from the actual frozen training input files, with original experiment citations and acquisition carriers distinguished where recovered. This audit verifies source metadata, not independent re-digitisation of every numerical value. See source_completeness_status for unresolved source limitations. Earlier identity-level claims are retained separately as legacy metadata, not current verification.",beb_curve_file=${ARCHIVE_ROOT}\outputs\alecs_bose396_match_2026_08_01\approved_same_identity_11\beb_curves_A2\003_propene_ALeCS_BEB_A2.csv | beb_source_doi=10.1051/0004-6361/202348293 | beb_source_repository=https://github.com/alecs-db/ALeCS-db | beb_doi=NIST SRD 107 | beb_local_path=${ARCHIVE_ROOT}\outputs\no_qec_priority_2026_07_31\nist_beb_expansion_2026_07_31\propene_C3H6_NIST_BEB.csv | beb_location=https://physics.nist.gov/cgi-bin/Ionization/table.pl?ionization=C3H6 | beb_numeric_scope=full_numeric_curve,10.1021/acs.jpca.0c06308,F,0,0,"Exact isomer/name and formula match: Bose ""Propene"" = NIST ""Propene"" (C3H6)",
propionaldehyde,propionaldehyde,C3H6O,experimental_fixed_or_sparse_points,10.1021/acs.jpca.0c06308 | https://repository.lib.ncsu.edu/bitstreams/e76df401-02d2-4db1-903b-dad1b9e89fe0/download,10.1021/acs.jpca.0c06308,"Bose numerical carrier: dissertation Table A.7, PDF p.337 / printed p.295, BOSE396_148, row 'Propanaldehyde', Mean cross section column. PDF-column replay matches retained experimental label 10.3 A^2 exactly.",QEC_core17_authoritative,qec_first18_results_2026_07_24.tar.gz::results/C3H6O_cc-pVDZ_SE_HFSCF_10_2026-07-23T23-40-17/results/beb_xsec.dat,${ARCHIVE_ROOT}\outputs\alecs_bose396_match_2026_08_01\approved_ambiguous_identity_16\approved_16_manifest.csv,fixed_70_75eV,1,3,"原始提取记录存在ambiguity，须保留并重查；Bose数值为70–75 eV综合/归一化汇总，原测量工作须通过原作者来源链追溯；Table A.7页号属thesis而非期刊正文 | Late source-column audit: this Bose value is a standardized experimental population mean, not a BEB or ML prediction. The actual Table A.7 mean column and transfer to the retained input were checked. This does not reconstruct every original laboratory measurement, scaling factor or confidence interval, and is separate from BEB structural validation.","2026-09-06 source audit: provenance reconstructed from the actual frozen training input files, with original experiment citations and acquisition carriers distinguished where recovered. This audit verifies source metadata, not independent re-digitisation of every numerical value. See source_completeness_status for unresolved source limitations. Earlier identity-level claims are retained separately as legacy metadata, not current verification.",beb_curve_file=${ARCHIVE_ROOT}\outputs\alecs_bose396_match_2026_08_01\approved_ambiguous_identity_16\beb_curves_A2\006_propanaldehyde_ALeCS_BEB_A2.csv | beb_source_doi=10.1051/0004-6361/202348293,10.1016/j.ijms.2008.03.003;10.1021/jp210294p,F,0,0,Use every available experimental label. Apply a mask so each row contributes only to the energies/targets actually observed; do not invent missing curve points. | Additional label/source: Bull Table 2 species label propanal. Primary paper reports the full 15-285 eV curve; this row is peak-only.,
propionitrile,ethylcyanide,C3H5N,experimental_fixed_or_sparse_points,10.1021/acs.jpca.0c06308 | https://repository.lib.ncsu.edu/bitstreams/e76df401-02d2-4db1-903b-dad1b9e89fe0/download,10.1021/acs.jpca.0c06308,"Bose numerical carrier: dissertation Table A.7, PDF p.346 / printed p.304, BOSE396_280, row 'Ethylcyanide', Mean cross section column. PDF-column replay matches retained experimental label 11.4 A^2 exactly.",QEC_new32_exact_manifest,new32_qec_beb_successful30_2026_07_30.tar.gz::C3H5N_cc-pVDZ_SE_HFSCF_10_2026-07-30T00-33-09/results/beb_xsec.dat,${ARCHIVE_ROOT}\outputs\alecs_bose396_match_2026_08_01\approved_same_identity_11\approved_11_manifest.csv,fixed_70_75eV,1,4,"Bose数值为70–75 eV综合/归一化汇总，原测量工作须通过原作者来源链追溯；Table A.7页号属thesis而非期刊正文 | Late source-column audit: this Bose value is a standardized experimental population mean, not a BEB or ML prediction. The actual Table A.7 mean column and transfer to the retained input were checked. This does not reconstruct every original laboratory measurement, scaling factor or confidence interval, and is separate from BEB structural validation.","2026-09-06 source audit: provenance reconstructed from the actual frozen training input files, with original experiment citations and acquisition carriers distinguished where recovered. This audit verifies source metadata, not independent re-digitisation of every numerical value. See source_completeness_status for unresolved source limitations. Earlier identity-level claims are retained separately as legacy metadata, not current verification.",beb_curve_file=${ARCHIVE_ROOT}\outputs\alecs_bose396_match_2026_08_01\approved_same_identity_11\beb_curves_A2\011_ethylcyanide_ALeCS_BEB_A2.csv | beb_source_doi=10.1051/0004-6361/202348293 | beb_source_repository=https://github.com/alecs-db/ALeCS-db,10.1080/00268976.2019.1583389,F,0,0,Use every available experimental label. Apply a mask so each row contributes only to the energies/targets actually observed; do not invent missing curve points.,
propyl-acetate,propyl acetate,C5H10O2,experimental_curve_points;experimental_fixed_or_sparse_points;experimental_peak_height,10.1016/j.ijms.2005.11.003 | 10.1021/acs.jpca.0c06308 | https://repository.lib.ncsu.edu/bitstreams/e76df401-02d2-4db1-903b-dad1b9e89fe0/download | https://pubs.acs.org/doi/10.1021/acs.jpca.0c06308,numeric_label_source_title=Absolute electron impact ionization cross-sections and polarizability volumes for the C2 to C6 methanoates and C3 to C7 ethanoates | source_title=Predicting Total Electron-Ionization Cross Sections and GC-MS Calibration Factors Using Machine Learning,"full_curve_source_figure=Fig. 2 | full_curve_source_page=physical PDF p3; journal p44 | source_pdf_page=340 | source_printed_page=298 | source_table=Appendix A, Table A.7 | experiment_source_figure=2 | experiment_source_page=44 | Hudson 2006 Table 1: journal p45 / PDF p4; independently tabulated experimental peak height; no peak energy in table | Retained peak label: Hudson et al. (2006), Table 1, journal p45 / PDF p4; experimental peak height only; peak energy unreported; 5% source accuracy | Bose numerical carrier: dissertation Table A.7, PDF p.340 / printed p.298, BOSE396_186, row 'n-Propyl acetate', Mean cross section column. PDF-column replay matches retained experimental label 18.2 A^2 exactly.",published_numeric_BEB,${ARCHIVE_ROOT}\existing_beb_150_checkpoint_2026_07_30\beb_numeric\037_propyl_acetate_BEB.csv,${ARCHIVE_ROOT}\outputs\no_qec_priority_2026_07_31\agent_no_qec_immediate_numeric_peak_labels_50.csv | ${ARCHIVE_ROOT}\outputs\no_qec_priority_2026_07_31\ready100_fixed_energy_with_existing_beb_no_qec.csv | ${ARCHIVE_ROOT}\outputs\no_qec_priority_2026_07_31\ready15_esters_experiment_beb\paired_curves\010_propyl_acetate_experiment_beb_paired.csv,curve_point | fixed_70_75eV | peak_height,57,3,"Energy-dependent points were obtained by graph-marker tracking anchored to the Table 1 peak height, not an independent numerical table from the authors. Read-only replay found no final direct fallback values in this retained trace. The peak label separately uses the Table 1 height, unreported peak energy and source-accuracy uncertainty of 5%. The fixed-energy value is from the Bose compilation. | Late source-column audit: this Bose value is a standardized experimental population mean, not a BEB or ML prediction. The actual Table A.7 mean column and transfer to the retained input were checked. This does not reconstruct every original laboratory measurement, scaling factor or confidence interval, and is separate from BEB structural validation.","2026-09-06 source audit: legacy audit assertions superseded. Energy-dependent points were obtained by graph-marker tracking anchored to the Table 1 peak height, not an independent numerical table from the authors. Read-only replay found no final direct fallback values in this retained trace. The peak label separately uses the Table 1 height, unreported peak energy and source-accuracy uncertainty of 5%. The fixed-energy value is from the Bose compilation. Source labels updated after the 350-row exclusion; withdrawn series are not current training evidence.",accepted_BEB_path=${ARCHIVE_ROOT}\existing_beb_150_checkpoint_2026_07_30\beb_numeric\037_propyl_acetate_BEB.csv | accepted_BEB_source=published_numeric_BEB | local_beb_match_method=curated_synonym_or_isomer_alias_and_formula | local_beb_match_status=ready_fixed_energy_experiment_plus_local_beb | local_beb_registry_status=accepted | local_beb_source_path=${ARCHIVE_ROOT}\existing_beb_150_checkpoint_2026_07_30\beb_numeric\037_propyl_acetate_BEB.csv | local_beb_source_type=published_numeric_BEB | 已出版数值BEB：https://doi.org/10.1021/jp210294p.s001; official SI PDF pp.160-166,10.1016/j.ijms.2005.11.003,C/F/P,55,0,Use every available experimental label. Apply a mask so each row contributes only to the energies/targets actually observed; do not invent missing curve points.,
propyl-formate,propyl formate,C4H8O2,experimental_curve_points;experimental_fixed_or_sparse_points;experimental_peak_height,10.1016/j.ijms.2005.11.003 | 10.1021/acs.jpca.0c06308 | https://repository.lib.ncsu.edu/bitstreams/e76df401-02d2-4db1-903b-dad1b9e89fe0/download | https://pubs.acs.org/doi/10.1021/acs.jpca.0c06308,numeric_label_source_title=Absolute electron impact ionization cross-sections and polarizability volumes for the C2 to C6 methanoates and C3 to C7 ethanoates | source_title=Predicting Total Electron-Ionization Cross Sections and GC-MS Calibration Factors Using Machine Learning,"full_curve_source_figure=Fig. 1 | full_curve_source_page=physical PDF p2; journal p43 | source_pdf_page=339 | source_printed_page=297 | source_table=Appendix A, Table A.7 | experiment_source_figure=1 | experiment_source_page=43 | Hudson 2006 Table 1: journal p45 / PDF p4; independently tabulated experimental peak height; no peak energy in table | Retained peak label: Hudson et al. (2006), Table 1, journal p45 / PDF p4; experimental peak height only; peak energy unreported; 5% source accuracy | Bose numerical carrier: dissertation Table A.7, PDF p.339 / printed p.297, BOSE396_178, row 'n-Propyl formate', Mean cross section column. PDF-column replay matches retained experimental label 13.9 A^2 exactly.",published_numeric_BEB,${ARCHIVE_ROOT}\existing_beb_150_checkpoint_2026_07_30\beb_numeric\030_propyl_formate_BEB.csv,${ARCHIVE_ROOT}\outputs\no_qec_priority_2026_07_31\agent_no_qec_immediate_numeric_peak_labels_50.csv | ${ARCHIVE_ROOT}\outputs\no_qec_priority_2026_07_31\ready100_fixed_energy_with_existing_beb_no_qec.csv | ${ARCHIVE_ROOT}\outputs\no_qec_priority_2026_07_31\ready15_esters_experiment_beb\paired_curves\003_propyl_formate_experiment_beb_paired.csv,curve_point | fixed_70_75eV | peak_height,57,0,"Energy-dependent points were obtained by graph-marker tracking anchored to the Table 1 peak height, not an independent numerical table from the authors. Read-only replay found no final direct fallback values in this retained trace. The peak label separately uses the Table 1 height, unreported peak energy and source-accuracy uncertainty of 5%. The fixed-energy value is from the Bose compilation. | Late source-column audit: this Bose value is a standardized experimental population mean, not a BEB or ML prediction. The actual Table A.7 mean column and transfer to the retained input were checked. This does not reconstruct every original laboratory measurement, scaling factor or confidence interval, and is separate from BEB structural validation.","2026-09-06 source audit: legacy audit assertions superseded. Energy-dependent points were obtained by graph-marker tracking anchored to the Table 1 peak height, not an independent numerical table from the authors. Read-only replay found no final direct fallback values in this retained trace. The peak label separately uses the Table 1 height, unreported peak energy and source-accuracy uncertainty of 5%. The fixed-energy value is from the Bose compilation. Source labels updated after the 350-row exclusion; withdrawn series are not current training evidence.",accepted_BEB_path=${ARCHIVE_ROOT}\existing_beb_150_checkpoint_2026_07_30\beb_numeric\030_propyl_formate_BEB.csv | accepted_BEB_source=published_numeric_BEB | local_beb_match_method=curated_synonym_or_isomer_alias_and_formula | local_beb_match_status=ready_fixed_energy_experiment_plus_local_beb | local_beb_registry_status=accepted | local_beb_source_path=${ARCHIVE_ROOT}\existing_beb_150_checkpoint_2026_07_30\beb_numeric\030_propyl_formate_BEB.csv | local_beb_source_type=published_numeric_BEB | 已出版数值BEB：https://doi.org/10.1021/jp210294p.s001; official SI PDF pp.113-120,10.1016/j.ijms.2005.11.003,C/F/P,55,0,Use every available experimental label. Apply a mask so each row contributes only to the energies/targets actually observed; do not invent missing curve points.,
propylene-oxide,methyloxirane,C3H6O,experimental_fixed_or_sparse_points,10.1021/acs.jpca.0c06308 | https://repository.lib.ncsu.edu/bitstreams/e76df401-02d2-4db1-903b-dad1b9e89fe0/download,10.1021/acs.jpca.0c06308,"Bose numerical carrier: dissertation Table A.7, PDF p.346 / printed p.304, BOSE396_268, row 'Methyl oxirane', Mean cross section column. PDF-column replay matches retained experimental label 12.2 A^2 exactly.",QEC_new32_exact_manifest,new32_qec_beb_successful30_2026_07_30.tar.gz::C3H6O_cc-pVDZ_SE_HFSCF_10_2026-07-30T00-34-50/results/beb_xsec.dat,${ARCHIVE_ROOT}\outputs\alecs_bose396_match_2026_08_01\approved_ambiguous_identity_16\approved_16_manifest.csv,fixed_70_75eV,1,0,"原始提取记录存在ambiguity，须保留并重查；Bose数值为70–75 eV综合/归一化汇总，原测量工作须通过原作者来源链追溯；Table A.7页号属thesis而非期刊正文 | Late source-column audit: this Bose value is a standardized experimental population mean, not a BEB or ML prediction. The actual Table A.7 mean column and transfer to the retained input were checked. This does not reconstruct every original laboratory measurement, scaling factor or confidence interval, and is separate from BEB structural validation.","2026-09-06 source audit: provenance reconstructed from the actual frozen training input files, with original experiment citations and acquisition carriers distinguished where recovered. This audit verifies source metadata, not independent re-digitisation of every numerical value. See source_completeness_status for unresolved source limitations. Earlier identity-level claims are retained separately as legacy metadata, not current verification.",beb_curve_file=${ARCHIVE_ROOT}\outputs\alecs_bose396_match_2026_08_01\approved_ambiguous_identity_16\beb_curves_A2\013_methyl_oxirane_ALeCS_BEB_A2.csv | beb_source_doi=10.1051/0004-6361/202348293,10.1080/00268976.2019.1583389,F,0,0,Use every available experimental label. Apply a mask so each row contributes only to the energies/targets actually observed; do not invent missing curve points.,
propyne,propyne,C3H4,experimental_fixed_or_sparse_points,10.1021/acs.jpca.0c06308 | https://repository.lib.ncsu.edu/bitstreams/e76df401-02d2-4db1-903b-dad1b9e89fe0/download,10.1021/acs.jpca.0c06308,"experiment_location=Appendix A, Table A.7; source PDF p.332, printed p.290 | Bose numerical carrier: dissertation Table A.7, PDF p.332 / printed p.290, BOSE396_056, row 'Propan-1-yne', Mean cross section column. PDF-column replay matches retained experimental label 7.4 A^2 exactly.",NIST_SRD107_numeric_BEB,${ARCHIVE_ROOT}\outputs\no_qec_priority_2026_07_31\nist_beb_expansion_2026_07_31\propyne_C3H4_NIST_BEB.csv,${ARCHIVE_ROOT}\outputs\alecs_bose396_match_2026_08_01\approved_ambiguous_identity_16\approved_16_manifest.csv | ${ARCHIVE_ROOT}\outputs\no_qec_priority_2026_07_31\new25_incremental_identity_ledger_2026_08_01.csv,fixed_70_75eV | fixed_energy_numeric,2,2,"原始提取记录存在ambiguity，须保留并重查；Bose数值为70–75 eV综合/归一化汇总，原测量工作须通过原作者来源链追溯；Table A.7页号属thesis而非期刊正文 | Late source-column audit: this Bose value is a standardized experimental population mean, not a BEB or ML prediction. The actual Table A.7 mean column and transfer to the retained input were checked. This does not reconstruct every original laboratory measurement, scaling factor or confidence interval, and is separate from BEB structural validation.","2026-09-06 source audit: provenance reconstructed from the actual frozen training input files, with original experiment citations and acquisition carriers distinguished where recovered. This audit verifies source metadata, not independent re-digitisation of every numerical value. See source_completeness_status for unresolved source limitations. Earlier identity-level claims are retained separately as legacy metadata, not current verification.",beb_curve_file=${ARCHIVE_ROOT}\outputs\alecs_bose396_match_2026_08_01\approved_ambiguous_identity_16\beb_curves_A2\001_propan_1_yne_ALeCS_BEB_A2.csv | beb_source_doi=10.1051/0004-6361/202348293 | beb_doi=NIST SRD 107 | beb_local_path=${ARCHIVE_ROOT}\outputs\no_qec_priority_2026_07_31\nist_beb_expansion_2026_07_31\propyne_C3H4_NIST_BEB.csv | beb_location=https://physics.nist.gov/cgi-bin/Ionization/table.pl?ionization=C3H4xx1 | beb_numeric_scope=full_numeric_curve,10.1021/acs.jpca.0c06308,F,0,0,"Exact isomer/name and formula match: Bose ""Propan-1-yne"" = NIST ""Propyne"" (C3H4)",
pyridine,Pyridine,C5H5N,experimental_fixed_or_sparse_points,10.1021/acs.jpca.0c06308 | https://repository.lib.ncsu.edu/bitstreams/e76df401-02d2-4db1-903b-dad1b9e89fe0/download | https://pubs.acs.org/doi/10.1021/acs.jpca.0c06308,source_title=Predicting Total Electron-Ionization Cross Sections and GC-MS Calibration Factors Using Machine Learning,"source_pdf_page=343 | source_printed_page=301 | source_table=Appendix A, Table A.7 | Bose numerical carrier: dissertation Table A.7, PDF p.343 / printed p.301, BOSE396_241, row 'Pyridine', Mean cross section column. PDF-column replay matches retained experimental label 16.5 A^2 exactly.",QEC_new32_exact_manifest,new32_qec_beb_successful30_2026_07_30.tar.gz::C5H5N_cc-pVDZ_SE_HFSCF_10_2026-07-30T00-43-15/results/beb_xsec.dat,${ARCHIVE_ROOT}\outputs\no_qec_priority_2026_07_31\ready100_fixed_energy_with_existing_beb_no_qec.csv,fixed_70_75eV,1,1,"Bose数值为70–75 eV综合/归一化汇总，原测量工作须通过原作者来源链追溯；Table A.7页号属thesis而非期刊正文 | Late source-column audit: this Bose value is a standardized experimental population mean, not a BEB or ML prediction. The actual Table A.7 mean column and transfer to the retained input were checked. This does not reconstruct every original laboratory measurement, scaling factor or confidence interval, and is separate from BEB structural validation.","2026-09-06 source audit: provenance reconstructed from the actual frozen training input files, with original experiment citations and acquisition carriers distinguished where recovered. This audit verifies source metadata, not independent re-digitisation of every numerical value. See source_completeness_status for unresolved source limitations. Earlier identity-level claims are retained separately as legacy metadata, not current verification.",local_beb_match_method=exact_normalized_name_and_formula | local_beb_match_status=ready_fixed_energy_experiment_plus_local_beb | local_beb_registry_status=accepted | local_beb_source_path=new32_qec_beb_successful30_2026_07_30.tar.gz::C5H5N_cc-pVDZ_SE_HFSCF_10_2026-07-30T00-43-15/results/beb_xsec.dat | local_beb_source_type=QEC_new32_exact_manifest,10.1021/acs.jpca.0c06308,F,0,0,Use every available experimental label. Apply a mask so each row contributes only to the energies/targets actually observed; do not invent missing curve points.,
pyrrole,Pyrrole,C4H5N,experimental_fixed_or_sparse_points,10.1021/acs.jpca.0c06308 | https://repository.lib.ncsu.edu/bitstreams/e76df401-02d2-4db1-903b-dad1b9e89fe0/download | https://pubs.acs.org/doi/10.1021/acs.jpca.0c06308,source_title=Predicting Total Electron-Ionization Cross Sections and GC-MS Calibration Factors Using Machine Learning,"source_pdf_page=344 | source_printed_page=302 | source_table=Appendix A, Table A.7 | Bose numerical carrier: dissertation Table A.7, PDF p.344 / printed p.302, BOSE396_242, row 'Pyrrole', Mean cross section column. PDF-column replay matches retained experimental label 14.4 A^2 exactly.",QEC_new32_exact_manifest,new32_qec_beb_successful30_2026_07_30.tar.gz::C4H5N_cc-pVDZ_SE_HFSCF_10_2026-07-30T00-37-35/results/beb_xsec.dat,${ARCHIVE_ROOT}\outputs\no_qec_priority_2026_07_31\ready100_fixed_energy_with_existing_beb_no_qec.csv,fixed_70_75eV,1,2,"Bose数值为70–75 eV综合/归一化汇总，原测量工作须通过原作者来源链追溯；Table A.7页号属thesis而非期刊正文 | Late source-column audit: this Bose value is a standardized experimental population mean, not a BEB or ML prediction. The actual Table A.7 mean column and transfer to the retained input were checked. This does not reconstruct every original laboratory measurement, scaling factor or confidence interval, and is separate from BEB structural validation.","2026-09-06 source audit: provenance reconstructed from the actual frozen training input files, with original experiment citations and acquisition carriers distinguished where recovered. This audit verifies source metadata, not independent re-digitisation of every numerical value. See source_completeness_status for unresolved source limitations. Earlier identity-level claims are retained separately as legacy metadata, not current verification.",local_beb_match_method=exact_normalized_name_and_formula | local_beb_match_status=ready_fixed_energy_experiment_plus_local_beb | local_beb_registry_status=accepted | local_beb_source_path=new32_qec_beb_successful30_2026_07_30.tar.gz::C4H5N_cc-pVDZ_SE_HFSCF_10_2026-07-30T00-37-35/results/beb_xsec.dat | local_beb_source_type=QEC_new32_exact_manifest,10.1021/acs.jpca.0c06308,F,0,0,Use every available experimental label. Apply a mask so each row contributes only to the energies/targets actually observed; do not invent missing curve points.,
sec-butyl-acetate,sec-butyl acetate,C6H12O2,experimental_fixed_or_sparse_points;experimental_peak_height,10.1016/j.ijms.2005.11.003 | 10.1021/acs.jpca.0c06308 | https://repository.lib.ncsu.edu/bitstreams/e76df401-02d2-4db1-903b-dad1b9e89fe0/download | https://pubs.acs.org/doi/10.1021/acs.jpca.0c06308,numeric_label_source_title=Absolute electron impact ionization cross-sections and polarizability volumes for the C2 to C6 methanoates and C3 to C7 ethanoates | source_title=Predicting Total Electron-Ionization Cross Sections and GC-MS Calibration Factors Using Machine Learning,"source_pdf_page=340 | source_printed_page=298 | source_table=Appendix A, Table A.7 | Hudson 2006 Table 1: journal p45 / PDF p4; independently tabulated experimental peak height; no peak energy in table | Retained peak label: Hudson et al. (2006), Table 1, journal p45 / PDF p4; experimental peak height only; peak energy unreported; 5% source accuracy | Bose numerical carrier: dissertation Table A.7, PDF p.340 / printed p.298, BOSE396_187, row 'sec-Butyl acetate', Mean cross section column. PDF-column replay matches retained experimental label 21.0 A^2 exactly.",published_numeric_BEB,${ARCHIVE_ROOT}\existing_beb_150_checkpoint_2026_07_30\beb_numeric\040_sec-butyl_acetate_BEB.csv,${ARCHIVE_ROOT}\outputs\no_qec_priority_2026_07_31\agent_no_qec_immediate_numeric_peak_labels_50.csv | ${ARCHIVE_ROOT}\outputs\no_qec_priority_2026_07_31\ready100_fixed_energy_with_existing_beb_no_qec.csv,fixed_70_75eV | peak_height,2,2,"The 55 energy-dependent points from the ambiguous isomer trace are excluded. The retained experimental constraints are the independent Hudson (2006) Table 1 peak height and the Bose 70–75 eV compilation value. Table 1 does not report peak energy; its peak label has unreported energy and source-accuracy uncertainty of 5%. The full source papers/compilation are separately identified. | Late source-column audit: this Bose value is a standardized experimental population mean, not a BEB or ML prediction. The actual Table A.7 mean column and transfer to the retained input were checked. This does not reconstruct every original laboratory measurement, scaling factor or confidence interval, and is separate from BEB structural validation.",2026-09-06 source audit: legacy audit assertions superseded. The 55 energy-dependent points from the ambiguous isomer trace are excluded. The retained experimental constraints are the independent Hudson (2006) Table 1 peak height and the Bose 70–75 eV compilation value. Table 1 does not report peak energy; its peak label has unreported energy and source-accuracy uncertainty of 5%. The full source papers/compilation are separately identified. Source labels updated after the 350-row exclusion; withdrawn series are not current training evidence.,accepted_BEB_path=${ARCHIVE_ROOT}\existing_beb_150_checkpoint_2026_07_30\beb_numeric\040_sec-butyl_acetate_BEB.csv | accepted_BEB_source=published_numeric_BEB | local_beb_match_method=exact_normalized_name_and_formula | local_beb_match_status=ready_fixed_energy_experiment_plus_local_beb | local_beb_registry_status=accepted | local_beb_source_path=${ARCHIVE_ROOT}\existing_beb_150_checkpoint_2026_07_30\beb_numeric\040_sec-butyl_acetate_BEB.csv | local_beb_source_type=published_numeric_BEB | 已出版数值BEB：https://doi.org/10.1021/jp210294p.s001; official SI PDF pp.180-186,10.1016/j.ijms.2005.11.003,F/P,0,55,Use every available experimental label. Apply a mask so each row contributes only to the energies/targets actually observed; do not invent missing curve points.,
silane,silane,SiH4,experimental_curve_points,https://physics.nist.gov/cgi-bin/Ionization/graph_new.pl?element=SiH4.0,"source_reference=E. Krishnakumar and S. K. Srivastava, Contrib. Plasma Phys. 35 , 395 (1995). | source_reference=H. Chatham, D. Hills, R. Robertson and A. Gallagher, J. Chem. Phys. 81 , 1770 (1984). | source_reference=R. Basner, M. Schmidt, V. Tarnovsky and K. Becker, Int. J. Mass Spectrom. Ion Processes, in print (1997). | original_nist_experiment_reference=E. Krishnakumar and S. K. Srivastava, Contrib. Plasma Phys. 35, 395 (1995). | original_nist_experiment_reference=H. Chatham, D. Hills, R. Robertson and A. Gallagher, J. Chem. Phys. 81, 1770 (1984). | original_nist_experiment_reference=R. Basner, M. Schmidt, V. Tarnovsky and K. Becker, Int. J. Mass Spectrom. Ion Processes, in print (1997).",dataset_id=exp_1 | dataset_id=exp_2 | dataset_id=exp_3,NIST_SRD107_numeric_BEB,${ARCHIVE_ROOT}\outputs\nist_beb_experimental_crawl_2026_08_01\beb_ascii\059_SiH4_BEB.txt,${ARCHIVE_ROOT}\nist_strict_usable_numeric_pairs_2026_07_30\paired_numeric\026_SiH4_BEB_vs_experiment.csv,curve_point,55,3,NIST为获取载体；原作者题录已从实际series恢复，未逐篇全文复核全部原实验,"2026-09-06 source audit: provenance reconstructed from the actual frozen training input files, with original experiment citations and acquisition carriers distinguished where recovered. This audit verifies source metadata, not independent re-digitisation of every numerical value. See source_completeness_status for unresolved source limitations. Earlier identity-level claims are retained separately as legacy metadata, not current verification.","original_nist_beb_reference=BEB (adiabatic IP)M. A. Ali, Y.-K. Kim, W. Hwang, N.M. Weinberger, and M.E. Rudd, J. Chem. Phys. 106, 9602 (1997). | NIST图BEB来源=BEB (adiabatic IP)M. A. Ali, Y.-K. Kim, W. Hwang, N.M. Weinberger, and M.E. Rudd, J. Chem. Phys. 106, 9602 (1997).",https://physics.nist.gov/cgi-bin/Ionization/graph_new.pl?element=SiH4.0,C,55,0,Tier B graph-digitized data; 64 independent experimental points; automated exact-palette extraction and whole-batch visual QA passed 2026-08-02; log10 energy axis and linear A^2 cross-section axis. Point-level experiment/BEB pairs are stored in nist_fast12_experiment_beb_digitized_READY_TIER_B.csv.,
silicon-dichloride,silicon dichloride,SiCl2,experimental_curve_points,10.3390/atoms13070064,"experimental_source=Mahoney et al. absolute experimental TICS reproduced in Kaur et al. (2025) | J. Mahoney, V. Tarnovsky and K. H. Becker (2008), Electron impact ionization of SiCl2 and SiCl, European Physical Journal D 46, 289-293, https://doi.org/10.1140/epjd/e2007-00324-1","experimental_series=Mahoney et al. | source_figure=Fig. 2 | Kaur et al. (2025), DOI 10.3390/atoms13070064, Figure 2, PDF p.6; measured experimental markers attributed to Mahoney, distinct from raw BEB and renormalized BEB.",published_raw_unscaled_BEB_figure_digitized,${ARCHIVE_ROOT}\outputs\current_experiment_beb_master_2026_08_01\siclx_experiment_raw_beb_READY_TIER_B.csv,${ARCHIVE_ROOT}\outputs\current_experiment_beb_master_2026_08_01\siclx_experiment_raw_beb_READY_TIER_B.csv,curve_point,31,4,"来源元数据已找回；仍不等同对全部数值独立逐点复核 | The open numerical carrier figure and legend were directly read, and the original experimental citation was resolved. This does not claim complete independent re-extraction from every original experimental full paper.","2026-09-06 source audit: provenance reconstructed from the actual frozen training input files, with original experiment citations and acquisition carriers distinguished where recovered. This audit verifies source metadata, not independent re-digitisation of every numerical value. See source_completeness_status for unresolved source limitations. Earlier identity-level claims are retained separately as legacy metadata, not current verification.",beb_variant=green_raw_BEB,10.3390/atoms13070064 Fig. 2; Mahoney et al.,C,31,0,Tier B: 31 absolute experimental TICS points paired at identical energies with green unrenormalized BEB. Log-log axes and A^2 units audited; source reports maximum experimental uncertainty 18%. All renormalized/modified/scaled BEB and summed-PICS variants are excluded.,
silicon-difluoride,silicon difluoride,SiF2,experimental_curve_points,https://physics.nist.gov/cgi-bin/Ionization/graph_new.pl?element=SiF2.0,"experimental_source=Shul et al., J. Chem. Phys. 89, 4042 (1988) | original_nist_experiment_reference=R. J. Shul, T. R. Hayes, R. C. Wetzel, F. A. Baiocchi and R. S. Freund, J. Chem. Phys. 89, 4042 (1988).",experimental_series=e1,NIST_SRD107_numeric_BEB,${ARCHIVE_ROOT}\outputs\nist_beb_experimental_crawl_2026_08_01\beb_ascii\068_SiF2_BEB.txt,${ARCHIVE_ROOT}\outputs\current_experiment_beb_master_2026_08_01\nist_fast12_experiment_beb_digitized_READY_TIER_B.csv,curve_point,29,3,NIST为获取载体；原作者题录已从实际series恢复，未逐篇全文复核全部原实验,"2026-09-06 source audit: provenance reconstructed from the actual frozen training input files, with original experiment citations and acquisition carriers distinguished where recovered. This audit verifies source metadata, not independent re-digitisation of every numerical value. See source_completeness_status for unresolved source limitations. Earlier identity-level claims are retained separately as legacy metadata, not current verification.","beb_numeric_file=${ARCHIVE_ROOT}\outputs\nist_beb_experimental_crawl_2026_08_01\beb_ascii\068_SiF2_BEB.txt | original_nist_beb_reference=BEBW. Hwang, Y.-K. Kim and M.E. Rudd, J. Chem. Phys. 104, 2956 (1996).",https://physics.nist.gov/cgi-bin/Ionization/graph_new.pl?element=SiF2.0,C,29,0,Tier B graph-digitized data; 29 independent experimental points; automated exact-palette extraction and whole-batch visual QA passed 2026-08-02; log10 energy axis and linear A^2 cross-section axis. Point-level experiment/BEB pairs are stored in nist_fast12_experiment_beb_digitized_READY_TIER_B.csv.,
silicon-monochloride,silicon monochloride,SiCl,experimental_curve_points,10.3390/atoms13070064,"experimental_source=Mahoney et al. absolute experimental TICS reproduced in Kaur et al. (2025) | J. Mahoney, V. Tarnovsky and K. H. Becker (2008), Electron impact ionization of SiCl2 and SiCl, European Physical Journal D 46, 289-293, https://doi.org/10.1140/epjd/e2007-00324-1","experimental_series=Mahoney et al. | source_figure=Fig. 1a | Kaur et al. (2025), DOI 10.3390/atoms13070064, Figure 1(a), PDF p.5; measured experimental markers attributed to Mahoney, distinct from raw BEB.",published_raw_unscaled_BEB_figure_digitized,${ARCHIVE_ROOT}\outputs\current_experiment_beb_master_2026_08_01\siclx_experiment_raw_beb_READY_TIER_B.csv,${ARCHIVE_ROOT}\outputs\current_experiment_beb_master_2026_08_01\siclx_experiment_raw_beb_READY_TIER_B.csv,curve_point,29,2,"来源元数据已找回；仍不等同对全部数值独立逐点复核 | The open numerical carrier figure and legend were directly read, and the original experimental citation was resolved. This does not claim complete independent re-extraction from every original experimental full paper.","2026-09-06 source audit: provenance reconstructed from the actual frozen training input files, with original experiment citations and acquisition carriers distinguished where recovered. This audit verifies source metadata, not independent re-digitisation of every numerical value. See source_completeness_status for unresolved source limitations. Earlier identity-level claims are retained separately as legacy metadata, not current verification.",beb_variant=red_raw_BEB,10.3390/atoms13070064 Fig. 1a; Mahoney et al.,C,29,0,Tier B: 30 absolute experimental TICS points paired at identical energies with red raw BEB. Log-log axes and A^2 units audited; source reports maximum experimental uncertainty 18%. All renormalized/modified/scaled BEB and summed-PICS variants are excluded.,
silicon-monofluoride,silicon monofluoride,SiF,experimental_curve_points,https://physics.nist.gov/cgi-bin/Ionization/graph_new.pl?element=SiF.0,"experimental_source=Hayes et al., J. Chem. Phys. 88, 823 (1988) | original_nist_experiment_reference=T. R. Hayes, R. C. Wetzel, F. A. Baiocchi and R. S. Freund, J. Chem. Phys. 88, 823 (1988).",experimental_series=e1,NIST_SRD107_numeric_BEB,${ARCHIVE_ROOT}\outputs\nist_beb_experimental_crawl_2026_08_01\beb_ascii\067_SiF_BEB.txt,${ARCHIVE_ROOT}\outputs\current_experiment_beb_master_2026_08_01\nist_fast12_experiment_beb_digitized_READY_TIER_B.csv,curve_point,22,4,NIST为获取载体；原作者题录已从实际series恢复，未逐篇全文复核全部原实验,"2026-09-06 source audit: provenance reconstructed from the actual frozen training input files, with original experiment citations and acquisition carriers distinguished where recovered. This audit verifies source metadata, not independent re-digitisation of every numerical value. See source_completeness_status for unresolved source limitations. Earlier identity-level claims are retained separately as legacy metadata, not current verification.","beb_numeric_file=${ARCHIVE_ROOT}\outputs\nist_beb_experimental_crawl_2026_08_01\beb_ascii\067_SiF_BEB.txt | original_nist_beb_reference=BEBW. Hwang, Y.-K. Kim and M.E. Rudd, J. Chem. Phys. 104, 2956 (1996).",https://physics.nist.gov/cgi-bin/Ionization/graph_new.pl?element=SiF.0,C,22,0,Tier B graph-digitized data; 23 independent experimental points; automated exact-palette extraction and whole-batch visual QA passed 2026-08-02; log10 energy axis and linear A^2 cross-section axis. Point-level experiment/BEB pairs are stored in nist_fast12_experiment_beb_digitized_READY_TIER_B.csv.,
silicon-monohydride,silicon monohydride,SiH,experimental_curve_points,https://physics.nist.gov/cgi-bin/Ionization/graph_new.pl?element=SiH.0,"experimental_source=Tarnovsky et al., J. Chem. Phys. 105, 6315 (1996) | original_nist_experiment_reference=V. Tarnovsky, H. Deutsch, and K. Becker, J. Chem. Phys. 105, 6315 (1996).",experimental_series=e1,NIST_SRD107_numeric_BEB,${ARCHIVE_ROOT}\outputs\nist_beb_experimental_crawl_2026_08_01\beb_ascii\056_SiH_BEB.txt,${ARCHIVE_ROOT}\outputs\current_experiment_beb_master_2026_08_01\nist_fast12_experiment_beb_digitized_READY_TIER_B.csv,curve_point,31,4,NIST为获取载体；原作者题录已从实际series恢复，未逐篇全文复核全部原实验,"2026-09-06 source audit: provenance reconstructed from the actual frozen training input files, with original experiment citations and acquisition carriers distinguished where recovered. This audit verifies source metadata, not independent re-digitisation of every numerical value. See source_completeness_status for unresolved source limitations. Earlier identity-level claims are retained separately as legacy metadata, not current verification.","beb_numeric_file=${ARCHIVE_ROOT}\outputs\nist_beb_experimental_crawl_2026_08_01\beb_ascii\056_SiH_BEB.txt | original_nist_beb_reference=BEBM. A. Ali, Y.-K. Kim, W. Hwang, N.M. Weinberger, and M.E. Rudd, J. Chem. Phys. 106, 9602 (1997).",https://physics.nist.gov/cgi-bin/Ionization/graph_new.pl?element=SiH.0,C,31,0,Tier B graph-digitized data; 32 independent experimental points; automated exact-palette extraction and whole-batch visual QA passed 2026-08-02; log10 energy axis and linear A^2 cross-section axis. Point-level experiment/BEB pairs are stored in nist_fast12_experiment_beb_digitized_READY_TIER_B.csv.,
silicon-tetrachloride,silicon tetrachloride,SiCl4,experimental_curve_points,10.1063/5.0039465,"experimental_source=Basner et al. experimental hollow squares reproduced in Graves, Cooper and Tennyson (2021) | R. Basner, M. Gutkin, J. Mahoney, V. Tarnovsky, H. Deutsch and K. Becker (2005), Electron-impact ionization of silicon tetrachloride (SiCl4), Journal of Chemical Physics 123, 054313, https://doi.org/10.1063/1.1995697","experimental_series=Basner et al. | source_figure=Fig. 12 | Graves et al. (2021), DOI 10.1063/5.0039465, Figure 12, PDF p.8 / printed 114104-7; original experimental squares. Basner primary abstract confirms absolute partial and total ionization measurements.",published_raw_ECP_BEB_figure_digitized,${ARCHIVE_ROOT}\outputs\current_experiment_beb_master_2026_08_01\aip_fig9_12_13_experiment_ecp_beb_READY_TIER_B.csv,${ARCHIVE_ROOT}\outputs\current_experiment_beb_master_2026_08_01\aip_fig9_12_13_experiment_ecp_beb_READY_TIER_B.csv,curve_point,23,2,"来源元数据已找回；仍不等同对全部数值独立逐点复核 | The open numerical carrier figure and legend were directly read, and the original experimental citation was resolved. This does not claim complete independent re-extraction from every original experimental full paper.","2026-09-06 source audit: provenance reconstructed from the actual frozen training input files, with original experiment citations and acquisition carriers distinguished where recovered. This audit verifies source metadata, not independent re-digitisation of every numerical value. See source_completeness_status for unresolved source limitations. Earlier identity-level claims are retained separately as legacy metadata, not current verification.",beb_variant=raw_ECP_BEB,10.1063/5.0039465 Fig. 12; Basner et al. series,C,23,0,"Tier B: 30 conservative hollow-square experimental points paired at identical x with the red raw ECP-BEB curve. Multi-scale visual QA passed. Error bars are visible but not numerically extracted; uncertainty remains missing. Blue alpha-BEB, other theory series, and black all-electron BEB were excluded from this ECP-labelled batch.",
silicon-trichloride,silicon trichloride,SiCl3,experimental_curve_points,10.3390/atoms13070064,"experimental_source=Gutkin et al. absolute experimental TICS reproduced in Kaur et al. (2025) | M. Gutkin, J. M. Mahoney, V. Tarnovsky, H. Deutsch and K. Becker (2009), Electron-impact ionization of the SiCl3 radical, International Journal of Mass Spectrometry 280, 101-106, https://doi.org/10.1016/j.ijms.2008.07.032","experimental_series=Gutkin et al. | source_figure=Fig. 4 | Kaur et al. (2025), DOI 10.3390/atoms13070064, Figure 4, PDF p.7; measured experimental markers attributed to Gutkin, distinct from raw BEB and summed model PICS.",published_raw_unscaled_BEB_figure_digitized,${ARCHIVE_ROOT}\outputs\current_experiment_beb_master_2026_08_01\siclx_experiment_raw_beb_READY_TIER_B.csv,${ARCHIVE_ROOT}\outputs\current_experiment_beb_master_2026_08_01\siclx_experiment_raw_beb_READY_TIER_B.csv,curve_point,30,2,"来源元数据已找回；仍不等同对全部数值独立逐点复核 | The open numerical carrier figure and legend were directly read, and the original experimental citation was resolved. This does not claim complete independent re-extraction from every original experimental full paper.","2026-09-06 source audit: provenance reconstructed from the actual frozen training input files, with original experiment citations and acquisition carriers distinguished where recovered. This audit verifies source metadata, not independent re-digitisation of every numerical value. See source_completeness_status for unresolved source limitations. Earlier identity-level claims are retained separately as legacy metadata, not current verification.",beb_variant=blue_raw_BEB,10.3390/atoms13070064 Fig. 4; Gutkin et al.,C,30,0,Tier B: 31 absolute experimental TICS points paired at identical energies with blue raw BEB. Log-log axes and A^2 units audited; source reports maximum experimental uncertainty 18%. All renormalized/modified/scaled BEB and summed-PICS variants are excluded.,
silicon-trifluoride,silicon trifluoride,SiF3,experimental_curve_points,https://physics.nist.gov/cgi-bin/Ionization/graph_new.pl?element=SiF3.0,"experimental_source=Hayes et al., J. Chem. Phys. 89, 4035 (1988) | original_nist_experiment_reference=T. R. Hayes, R. J. Shul, F. A. Baiocchi, R. C. Wetzel and R. S. Freund, J. Chem. Phys. 89, 4035 (1988).",experimental_series=e1,NIST_SRD107_numeric_BEB,${ARCHIVE_ROOT}\outputs\nist_beb_experimental_crawl_2026_08_01\beb_ascii\069_SiF3_BEB.txt,${ARCHIVE_ROOT}\outputs\current_experiment_beb_master_2026_08_01\nist_fast12_experiment_beb_digitized_READY_TIER_B.csv,curve_point,31,0,NIST为获取载体；原作者题录已从实际series恢复，未逐篇全文复核全部原实验,"2026-09-06 source audit: provenance reconstructed from the actual frozen training input files, with original experiment citations and acquisition carriers distinguished where recovered. This audit verifies source metadata, not independent re-digitisation of every numerical value. See source_completeness_status for unresolved source limitations. Earlier identity-level claims are retained separately as legacy metadata, not current verification.","beb_numeric_file=${ARCHIVE_ROOT}\outputs\nist_beb_experimental_crawl_2026_08_01\beb_ascii\069_SiF3_BEB.txt | original_nist_beb_reference=BEBW. Hwang, Y.-K. Kim and M.E. Rudd, J. Chem. Phys. 104, 2956 (1996).",https://physics.nist.gov/cgi-bin/Ionization/graph_new.pl?element=SiF3.0,C,31,0,Tier B graph-digitized data; 31 independent experimental points; automated exact-palette extraction and whole-batch visual QA passed 2026-08-02; log10 energy axis and linear A^2 cross-section axis. Point-level experiment/BEB pairs are stored in nist_fast12_experiment_beb_digitized_READY_TIER_B.csv.,
silyl-radical,silyl radical,SiH3,experimental_curve_points,https://physics.nist.gov/cgi-bin/Ionization/graph_new.pl?element=SiH3.0,"experimental_source=Tarnovsky et al., J. Chem. Phys. 105, 6315 (1996) | original_nist_experiment_reference=V. Tarnovsky, H. Deutsch, and K. Becker, J. Chem. Phys. 105, 6315 (1996).",experimental_series=e1,NIST_SRD107_numeric_BEB,${ARCHIVE_ROOT}\outputs\nist_beb_experimental_crawl_2026_08_01\beb_ascii\058_SiH3_BEB.txt,${ARCHIVE_ROOT}\outputs\current_experiment_beb_master_2026_08_01\nist_fast12_experiment_beb_digitized_READY_TIER_B.csv,curve_point,31,1,NIST为获取载体；原作者题录已从实际series恢复，未逐篇全文复核全部原实验,"2026-09-06 source audit: provenance reconstructed from the actual frozen training input files, with original experiment citations and acquisition carriers distinguished where recovered. This audit verifies source metadata, not independent re-digitisation of every numerical value. See source_completeness_status for unresolved source limitations. Earlier identity-level claims are retained separately as legacy metadata, not current verification.","beb_numeric_file=${ARCHIVE_ROOT}\outputs\nist_beb_experimental_crawl_2026_08_01\beb_ascii\058_SiH3_BEB.txt | original_nist_beb_reference=BEBM. A. Ali, Y.-K. Kim, W. Hwang, N.M. Weinberger, and M.E. Rudd, J. Chem. Phys. 106, 9602 (1997).",https://physics.nist.gov/cgi-bin/Ionization/graph_new.pl?element=SiH3.0,C,31,0,Tier B graph-digitized data; 31 independent experimental points; automated exact-palette extraction and whole-batch visual QA passed 2026-08-02; log10 energy axis and linear A^2 cross-section axis. Point-level experiment/BEB pairs are stored in nist_fast12_experiment_beb_digitized_READY_TIER_B.csv.,
silylene,silylene,SiH2,experimental_curve_points,https://physics.nist.gov/cgi-bin/Ionization/graph_new.pl?element=SiH2.0,"experimental_source=Tarnovsky et al., J. Chem. Phys. 105, 6315 (1996) | original_nist_experiment_reference=V. Tarnovsky, H. Deutsch, and K. Becker, J. Chem. Phys. 105, 6315 (1996).",experimental_series=e1,NIST_SRD107_numeric_BEB,${ARCHIVE_ROOT}\outputs\nist_beb_experimental_crawl_2026_08_01\beb_ascii\057_SiH2_BEB.txt,${ARCHIVE_ROOT}\outputs\current_experiment_beb_master_2026_08_01\nist_fast12_experiment_beb_digitized_READY_TIER_B.csv,curve_point,31,3,NIST为获取载体；原作者题录已从实际series恢复，未逐篇全文复核全部原实验,"2026-09-06 source audit: provenance reconstructed from the actual frozen training input files, with original experiment citations and acquisition carriers distinguished where recovered. This audit verifies source metadata, not independent re-digitisation of every numerical value. See source_completeness_status for unresolved source limitations. Earlier identity-level claims are retained separately as legacy metadata, not current verification.","beb_numeric_file=${ARCHIVE_ROOT}\outputs\nist_beb_experimental_crawl_2026_08_01\beb_ascii\057_SiH2_BEB.txt | original_nist_beb_reference=BEBM. A. Ali, Y.-K. Kim, W. Hwang, N.M. Weinberger, and M.E. Rudd, J. Chem. Phys. 106, 9602 (1997).",https://physics.nist.gov/cgi-bin/Ionization/graph_new.pl?element=SiH2.0,C,31,0,Tier B graph-digitized data; 31 independent experimental points; automated exact-palette extraction and whole-batch visual QA passed 2026-08-02; log10 energy axis and linear A^2 cross-section axis. Point-level experiment/BEB pairs are stored in nist_fast12_experiment_beb_digitized_READY_TIER_B.csv.,
sulfur-dioxide,sulfur dioxide,SO2,experimental_curve_points,https://physics.nist.gov/cgi-bin/Ionization/graph_new.pl?element=SO2.0,"source_reference=B. G. Lindsay, H. C. Straub, K. A. Smith and R. F. Stebbings, J. Geophys. Res. 101 , 21151 (1996). | source_reference=I. M. Cadez, P. M. Prejcev and M. V. Kurepa, J. Phys. D 16 , 305 (1983). | source_reference=O. J. Orient and S. K. Srivastava, J. Chem. Phys. 80 , 140 (1984). | source_reference=R. Basner, M. Schmidt, H. Deutsch, V. Tarnovsky, A. Levin and K. Becker, J. Chem. Phys. 103 , 211 (1995). | original_nist_experiment_reference=O. J. Orient and S. K. Srivastava, J. Chem. Phys. 80, 140 (1984). | original_nist_experiment_reference=R. Basner, M. Schmidt, H. Deutsch, V. Tarnovsky, A. Levin and K. Becker, J. Chem. Phys. 103, 211 (1995). | original_nist_experiment_reference=B. G. Lindsay, H. C. Straub, K. A. Smith and R. F. Stebbings, J. Geophys. Res. 101, 21151 (1996). | original_nist_experiment_reference=I. M. Cadez, P. M. Prejcev and M. V. Kurepa, J. Phys. D 16, 305 (1983).",dataset_id=exp_1 | dataset_id=exp_2 | dataset_id=exp_3 | dataset_id=exp_4 | dataset_id=exp_5,NIST_SRD107_numeric_BEB,${ARCHIVE_ROOT}\nist_strict_usable_numeric_pairs_2026_07_30\beb_numeric_corrected\027_SO2_BEB_corrected.csv,${ARCHIVE_ROOT}\nist_strict_usable_numeric_pairs_2026_07_30\paired_numeric\027_SO2_BEB_vs_experiment.csv,curve_point,80,2,NIST为获取载体；原作者题录已从实际series恢复，未逐篇全文复核全部原实验,"2026-09-06 source audit: provenance reconstructed from the actual frozen training input files, with original experiment citations and acquisition carriers distinguished where recovered. This audit verifies source metadata, not independent re-digitisation of every numerical value. See source_completeness_status for unresolved source limitations. Earlier identity-level claims are retained separately as legacy metadata, not current verification.","original_nist_beb_reference=BEBY.-K. Kim, W. Hwang, N. M. Weinberger, M. A. Ali and M.E. Rudd, J. Chem. Phys. 106, 1026 (1997). | NIST图BEB来源=BEBY.-K. Kim, W. Hwang, N. M. Weinberger, M. A. Ali and M.E. Rudd, J. Chem. Phys. 106, 1026 (1997).",10.1029/96JE02264,C,80,0,Use every available experimental label. Apply a mask so each row contributes only to the energies/targets actually observed; do not invent missing curve points.,
sulfur-hexafluoride,sulfur hexafluoride,SF6,experimental_curve_points,https://physics.nist.gov/cgi-bin/Ionization/graph_new.pl?element=SF6.0,"source_reference=D. Margreiter, G. Walder, H. Deutsch, H. U. Poll , C. Winkler, K. Stephan and T. D. Mï¿½rk, Int. J. Mass Spectrom. Ion Processes 100 , 143 (1990). | source_reference=D. Rapp and P. Englander-Golden, J. Chem. Phys. 43 , 1464 (1965). | original_nist_experiment_reference=D. Rapp and P. Englander-Golden, J. Chem. Phys. 43, 1464 (1965). | original_nist_experiment_reference=D. Margreiter, G. Walder, H. Deutsch, H. U. Poll , C. Winkler, K. Stephan and T. D. M�rk, Int. J. Mass Spectrom. Ion Processes 100, 143 (1990).",dataset_id=exp_1 | dataset_id=exp_2,QEC_strict9_authoritative,${PROJECT_ROOT}\data\qec_results\incoming_2026_07_27\strict_new9_results_COMPLETE_2026_07_27_extracted\results\F6S_cc-pVDZ_SE_HFSCF_10_2026-07-27T00-47-36\results\beb_xsec.dat,${ARCHIVE_ROOT}\nist_strict_usable_numeric_pairs_2026_07_30\paired_numeric\028_SF6_BEB_vs_experiment.csv,curve_point,30,4,NIST为获取载体；原作者题录已从实际series恢复，未逐篇全文复核全部原实验,"2026-09-06 source audit: provenance reconstructed from the actual frozen training input files, with original experiment citations and acquisition carriers distinguished where recovered. This audit verifies source metadata, not independent re-digitisation of every numerical value. See source_completeness_status for unresolved source limitations. Earlier identity-level claims are retained separately as legacy metadata, not current verification.","original_nist_beb_reference=BEBM. A. Ali, K. K. Irikura, and Y.-K. Kim, Int. J. Mass Spectrom. 201, 187 (2000). | NIST图BEB来源=BEBM. A. Ali, K. K. Irikura, and Y.-K. Kim, Int. J. Mass Spectrom. 201, 187 (2000).",10.1063/1.1696957,C,30,0,Use every available experimental label. Apply a mask so each row contributes only to the energies/targets actually observed; do not invent missing curve points.,
sulfur-pentafluoride-radical,sulfur pentafluoride radical,SF5,experimental_fixed_or_sparse_points,10.1063/1.477311; 10.1016/S1387-3806(00)00211-6; review 10.1063/1.1288407,"experimental_source=Tarnovsky et al., J. Chem. Phys. 109, 6596 (1998), DOI 10.1063/1.477311",experimental_series=Tarnovsky et al. total single ionization | source_figure=Fig. 16a,published_raw_BEB_without_double_ionization_figure_digitized,${ARCHIVE_ROOT}\outputs\current_experiment_beb_master_2026_08_01\sf3_sf5_experiment_beb_READY_TIER_B.csv,${ARCHIVE_ROOT}\outputs\current_experiment_beb_master_2026_08_01\sf3_sf5_experiment_beb_READY_TIER_B.csv,sparse_point,2,3,来源元数据已找回；仍不等同对全部数值独立逐点复核,"2026-09-06 source audit: provenance reconstructed from the actual frozen training input files, with original experiment citations and acquisition carriers distinguished where recovered. This audit verifies source metadata, not independent re-digitisation of every numerical value. See source_completeness_status for unresolved source limitations. Earlier identity-level claims are retained separately as legacy metadata, not current verification.",beb_variant=Ali-Irikura-Kim_BEB_without_double_ionization,10.1063/1.477311; Fig. 16a reproduced in 10.1063/1.1288407,F,0,0,"Tier B: 2 experimental total-single-ionization values paired at identical energies with Ali-Irikura-Kim raw BEB. Experimental relative uncertainty recorded conservatively as 0.18; unit is A^2. siBED, DM/MAR, double-ionization-corrected BEB, and SF5 partial-channel markers are excluded.",
sulfur-trifluoride-radical,sulfur trifluoride radical,SF3,experimental_fixed_or_sparse_points,10.1063/1.477311; 10.1016/S1387-3806(00)00211-6; review 10.1063/1.1288407,"experimental_source=Tarnovsky et al., J. Chem. Phys. 109, 6596 (1998), DOI 10.1063/1.477311",experimental_series=Tarnovsky et al. total single ionization | source_figure=Fig. 16b,published_raw_BEB_without_double_ionization_figure_digitized,${ARCHIVE_ROOT}\outputs\current_experiment_beb_master_2026_08_01\sf3_sf5_experiment_beb_READY_TIER_B.csv,${ARCHIVE_ROOT}\outputs\current_experiment_beb_master_2026_08_01\sf3_sf5_experiment_beb_READY_TIER_B.csv,sparse_point,2,4,来源元数据已找回；仍不等同对全部数值独立逐点复核,"2026-09-06 source audit: provenance reconstructed from the actual frozen training input files, with original experiment citations and acquisition carriers distinguished where recovered. This audit verifies source metadata, not independent re-digitisation of every numerical value. See source_completeness_status for unresolved source limitations. Earlier identity-level claims are retained separately as legacy metadata, not current verification.",beb_variant=Ali-Irikura-Kim_BEB_without_double_ionization,10.1063/1.477311; Fig. 16b reproduced in 10.1063/1.1288407,F,0,0,"Tier B: 2 experimental total-single-ionization values paired at identical energies with Ali-Irikura-Kim raw BEB. Experimental relative uncertainty recorded conservatively as 0.15; unit is A^2. siBED, DM/MAR, double-ionization-corrected BEB, and SF5 partial-channel markers are excluded.",
tert-butanol,t-Butanol,C4H10O,experimental_fixed_or_sparse_points;experimental_peak_height,10.1039/B304456D | 10.1021/jp210294p | 10.1021/acs.jpca.0c06308 | https://repository.lib.ncsu.edu/bitstreams/e76df401-02d2-4db1-903b-dad1b9e89fe0/download | https://pubs.acs.org/doi/10.1021/acs.jpca.0c06308,numeric_label_source_title=Absolute Total Electron Impact Ionization Cross-Sections for Many-Atom Organic and Halocarbon Species | source_title=Predicting Total Electron-Ionization Cross Sections and GC-MS Calibration Factors Using Machine Learning,"full_curve_source_figure=NA | full_curve_source_page=journal pp3162-3168; exact curve page NA | numeric_label_location=Table 2, journal p.769 (local PDF physical p.3) | source_pdf_page=336 | source_printed_page=294 | source_table=Appendix A, Table A.7 | Bose numerical carrier: dissertation Table A.7, PDF p.336 / printed p.294, BOSE396_130, row 't-Butanol', Mean cross section column. PDF-column replay matches retained experimental label 15.3 A^2 exactly.",published_numeric_BEB,${ARCHIVE_ROOT}\existing_beb_150_checkpoint_2026_07_30\beb_numeric\015_tert-butanol_BEB.csv,${ARCHIVE_ROOT}\outputs\no_qec_priority_2026_07_31\agent_no_qec_immediate_numeric_peak_labels_50.csv | ${ARCHIVE_ROOT}\outputs\no_qec_priority_2026_07_31\ready100_fixed_energy_with_existing_beb_no_qec.csv,fixed_70_75eV | peak_height,2,0,"Bose数值为70–75 eV综合/归一化汇总，原测量工作须通过原作者来源链追溯；Table A.7页号属thesis而非期刊正文 | Late source-column audit: this Bose value is a standardized experimental population mean, not a BEB or ML prediction. The actual Table A.7 mean column and transfer to the retained input were checked. This does not reconstruct every original laboratory measurement, scaling factor or confidence interval, and is separate from BEB structural validation.","2026-09-06 source audit: provenance reconstructed from the actual frozen training input files, with original experiment citations and acquisition carriers distinguished where recovered. This audit verifies source metadata, not independent re-digitisation of every numerical value. See source_completeness_status for unresolved source limitations. Earlier identity-level claims are retained separately as legacy metadata, not current verification.",accepted_BEB_path=${ARCHIVE_ROOT}\existing_beb_150_checkpoint_2026_07_30\beb_numeric\015_tert-butanol_BEB.csv | accepted_BEB_source=published_numeric_BEB | local_beb_match_method=curated_synonym_or_isomer_alias_and_formula | local_beb_match_status=ready_fixed_energy_experiment_plus_local_beb | local_beb_registry_status=accepted | local_beb_source_path=${ARCHIVE_ROOT}\existing_beb_150_checkpoint_2026_07_30\beb_numeric\015_tert-butanol_BEB.csv | local_beb_source_type=published_numeric_BEB | 已出版数值BEB：https://doi.org/10.1021/jp210294p.s001; official SI PDF pp.47-54,10.1021/acs.jpca.0c06308,F/P,0,0,Use every available experimental label. Apply a mask so each row contributes only to the energies/targets actually observed; do not invent missing curve points.,"The finite energy in this peak-amplitude record originated from a calculated BEB peak, not a verified common-energy experimental/BEB observation. Keep the independently recorded peak amplitudes; do not expose theoretical peak energy as experimental energy. Conservative model-input policy: the retained peak-amplitude pair has no assigned energy. Legacy expansion subsequently marked those backfilled values as reported. This correction does not assert that the original experimental paper never reported a peak energy."
tert-butyl-acetate,tert-butyl acetate,C6H12O2,experimental_fixed_or_sparse_points;experimental_peak_height,10.1016/j.ijms.2005.11.003 | 10.1021/acs.jpca.0c06308 | https://repository.lib.ncsu.edu/bitstreams/e76df401-02d2-4db1-903b-dad1b9e89fe0/download | https://pubs.acs.org/doi/10.1021/acs.jpca.0c06308,numeric_label_source_title=Absolute electron impact ionization cross-sections and polarizability volumes for the C2 to C6 methanoates and C3 to C7 ethanoates | source_title=Predicting Total Electron-Ionization Cross Sections and GC-MS Calibration Factors Using Machine Learning,"source_pdf_page=340 | source_printed_page=298 | source_table=Appendix A, Table A.7 | Hudson 2006 Table 1: journal p45 / PDF p4; independently tabulated experimental peak height; no peak energy in table | Retained peak label: Hudson et al. (2006), Table 1, journal p45 / PDF p4; experimental peak height only; peak energy unreported; 5% source accuracy | Bose numerical carrier: dissertation Table A.7, PDF p.340 / printed p.298, BOSE396_189, row 't-Butyl acetate', Mean cross section column. PDF-column replay matches retained experimental label 21.2 A^2 exactly.",published_numeric_BEB,${ARCHIVE_ROOT}\existing_beb_150_checkpoint_2026_07_30\beb_numeric\042_tert-butyl_acetate_BEB.csv,${ARCHIVE_ROOT}\outputs\no_qec_priority_2026_07_31\agent_no_qec_immediate_numeric_peak_labels_50.csv | ${ARCHIVE_ROOT}\outputs\no_qec_priority_2026_07_31\ready100_fixed_energy_with_existing_beb_no_qec.csv,fixed_70_75eV | peak_height,2,1,"The 55 energy-dependent points from the ambiguous isomer trace are excluded. The retained experimental constraints are the independent Hudson (2006) Table 1 peak height and the Bose 70–75 eV compilation value. Table 1 does not report peak energy; its peak label has unreported energy and source-accuracy uncertainty of 5%. The full source papers/compilation are separately identified. | Late source-column audit: this Bose value is a standardized experimental population mean, not a BEB or ML prediction. The actual Table A.7 mean column and transfer to the retained input were checked. This does not reconstruct every original laboratory measurement, scaling factor or confidence interval, and is separate from BEB structural validation.",2026-09-06 source audit: legacy audit assertions superseded. The 55 energy-dependent points from the ambiguous isomer trace are excluded. The retained experimental constraints are the independent Hudson (2006) Table 1 peak height and the Bose 70–75 eV compilation value. Table 1 does not report peak energy; its peak label has unreported energy and source-accuracy uncertainty of 5%. The full source papers/compilation are separately identified. Source labels updated after the 350-row exclusion; withdrawn series are not current training evidence.,accepted_BEB_path=${ARCHIVE_ROOT}\existing_beb_150_checkpoint_2026_07_30\beb_numeric\042_tert-butyl_acetate_BEB.csv | accepted_BEB_source=published_numeric_BEB | local_beb_match_method=curated_synonym_or_isomer_alias_and_formula | local_beb_match_status=ready_fixed_energy_experiment_plus_local_beb | local_beb_registry_status=accepted | local_beb_source_path=${ARCHIVE_ROOT}\existing_beb_150_checkpoint_2026_07_30\beb_numeric\042_tert-butyl_acetate_BEB.csv | local_beb_source_type=published_numeric_BEB | 已出版数值BEB：https://doi.org/10.1021/jp210294p.s001; official SI PDF pp.193-199,10.1016/j.ijms.2005.11.003,F/P,0,55,Use every available experimental label. Apply a mask so each row contributes only to the energies/targets actually observed; do not invent missing curve points.,
tetrafluoroethene,tetrafluoroethene,C2F4,experimental_fixed_or_sparse_points,10.1021/acs.jpca.0c06308 | https://repository.lib.ncsu.edu/bitstreams/e76df401-02d2-4db1-903b-dad1b9e89fe0/download | https://pubs.acs.org/doi/10.1021/acs.jpca.0c06308,source_title=Predicting Total Electron-Ionization Cross Sections and GC-MS Calibration Factors Using Machine Learning,"source_pdf_page=349 | source_printed_page=307 | source_table=Appendix A, Table A.7 | Bose numerical carrier: dissertation Table A.7, PDF p.349 / printed p.307, BOSE396_316, row 'Tetrafluoroethene', Mean cross section column. PDF-column replay matches retained experimental label 6.0 A^2 exactly.",published_numeric_BEB,${ARCHIVE_ROOT}\existing_beb_150_checkpoint_2026_07_30\beb_numeric\008_tetrafluoroethene_BEB.csv,${ARCHIVE_ROOT}\outputs\no_qec_priority_2026_07_31\ready100_fixed_energy_with_existing_beb_no_qec.csv,fixed_70_75eV,1,3,"Bose数值为70–75 eV综合/归一化汇总，原测量工作须通过原作者来源链追溯；Table A.7页号属thesis而非期刊正文 | Late source-column audit: this Bose value is a standardized experimental population mean, not a BEB or ML prediction. The actual Table A.7 mean column and transfer to the retained input were checked. This does not reconstruct every original laboratory measurement, scaling factor or confidence interval, and is separate from BEB structural validation.","2026-09-06 source audit: provenance reconstructed from the actual frozen training input files, with original experiment citations and acquisition carriers distinguished where recovered. This audit verifies source metadata, not independent re-digitisation of every numerical value. See source_completeness_status for unresolved source limitations. Earlier identity-level claims are retained separately as legacy metadata, not current verification.",local_beb_match_method=exact_normalized_name_and_formula | local_beb_match_status=ready_fixed_energy_experiment_plus_local_beb | local_beb_registry_status=accepted | local_beb_source_path=${ARCHIVE_ROOT}\existing_beb_150_checkpoint_2026_07_30\beb_numeric\008_tetrafluoroethene_BEB.csv | local_beb_source_type=published_numeric_BEB | 已出版数值BEB：https://doi.org/10.1021/jp210294p.s001; official SI PDF pp.21-27,10.1021/acs.jpca.0c06308;10.1021/jp210294p,F,0,0,Use every available experimental label. Apply a mask so each row contributes only to the energies/targets actually observed; do not invent missing curve points. | Additional label/source: Peak energy from Hudson thesis Table 3.4 (older height 5.92 A^2); Bull Table 2 supplies the retained peak height/error.,
tetrahydrofuran,Tetrahydrofuran,C4H8O,experimental_fixed_or_sparse_points,10.1021/acs.jpca.0c06308 | https://repository.lib.ncsu.edu/bitstreams/e76df401-02d2-4db1-903b-dad1b9e89fe0/download | https://pubs.acs.org/doi/10.1021/acs.jpca.0c06308,source_title=Predicting Total Electron-Ionization Cross Sections and GC-MS Calibration Factors Using Machine Learning,"source_pdf_page=344 | source_printed_page=302 | source_table=Appendix A, Table A.7 | Bose numerical carrier: dissertation Table A.7, PDF p.344 / printed p.302, BOSE396_250, row 'Tetrahydrofuran', Mean cross section column. PDF-column replay matches retained experimental label 11.8 A^2 exactly.",QEC_new32_exact_manifest,new32_qec_beb_successful30_2026_07_30.tar.gz::C4H8O_cc-pVDZ_SE_HFSCF_10_2026-07-30T16-03-14/results/beb_xsec.dat,${ARCHIVE_ROOT}\outputs\no_qec_priority_2026_07_31\ready100_fixed_energy_with_existing_beb_no_qec.csv,fixed_70_75eV,1,4,"Bose数值为70–75 eV综合/归一化汇总，原测量工作须通过原作者来源链追溯；Table A.7页号属thesis而非期刊正文 | Late source-column audit: this Bose value is a standardized experimental population mean, not a BEB or ML prediction. The actual Table A.7 mean column and transfer to the retained input were checked. This does not reconstruct every original laboratory measurement, scaling factor or confidence interval, and is separate from BEB structural validation.","2026-09-06 source audit: provenance reconstructed from the actual frozen training input files, with original experiment citations and acquisition carriers distinguished where recovered. This audit verifies source metadata, not independent re-digitisation of every numerical value. See source_completeness_status for unresolved source limitations. Earlier identity-level claims are retained separately as legacy metadata, not current verification.",local_beb_match_method=exact_normalized_name_and_formula | local_beb_match_status=ready_fixed_energy_experiment_plus_local_beb | local_beb_registry_status=accepted | local_beb_source_path=new32_qec_beb_successful30_2026_07_30.tar.gz::C4H8O_cc-pVDZ_SE_HFSCF_10_2026-07-30T16-03-14/results/beb_xsec.dat | local_beb_source_type=QEC_new32_exact_manifest,10.1021/acs.jpca.0c06308,F,0,0,Use every available experimental label. Apply a mask so each row contributes only to the energies/targets actually observed; do not invent missing curve points.,
tetrahydrofurfuryl-alcohol,Tetrahydrofurfuryl-alcohol,C5H10O2,experimental_fixed_or_sparse_points,10.1021/acs.jpca.0c06308 | https://repository.lib.ncsu.edu/bitstreams/e76df401-02d2-4db1-903b-dad1b9e89fe0/download | https://pubs.acs.org/doi/10.1021/acs.jpca.0c06308,source_title=Predicting Total Electron-Ionization Cross Sections and GC-MS Calibration Factors Using Machine Learning,"source_pdf_page=345 | source_printed_page=303 | source_table=Appendix A, Table A.7 | Bose numerical carrier: dissertation Table A.7, PDF p.345 / printed p.303, BOSE396_251, row 'Tetrahydrofurfuryl-alcohol', Mean cross section column. PDF-column replay matches retained experimental label 18.2 A^2 exactly.",QEC_new32_exact_manifest,new32_qec_beb_successful30_2026_07_30.tar.gz::C5H10O2_cc-pVDZ_SE_HFSCF_10_2026-07-30T17-39-15/results/beb_xsec.dat,${ARCHIVE_ROOT}\outputs\no_qec_priority_2026_07_31\ready100_fixed_energy_with_existing_beb_no_qec.csv,fixed_70_75eV,1,0,"Bose数值为70–75 eV综合/归一化汇总，原测量工作须通过原作者来源链追溯；Table A.7页号属thesis而非期刊正文 | Late source-column audit: this Bose value is a standardized experimental population mean, not a BEB or ML prediction. The actual Table A.7 mean column and transfer to the retained input were checked. This does not reconstruct every original laboratory measurement, scaling factor or confidence interval, and is separate from BEB structural validation.","2026-09-06 source audit: provenance reconstructed from the actual frozen training input files, with original experiment citations and acquisition carriers distinguished where recovered. This audit verifies source metadata, not independent re-digitisation of every numerical value. See source_completeness_status for unresolved source limitations. Earlier identity-level claims are retained separately as legacy metadata, not current verification.",local_beb_match_method=exact_normalized_name_and_formula | local_beb_match_status=ready_fixed_energy_experiment_plus_local_beb | local_beb_registry_status=accepted | local_beb_source_path=new32_qec_beb_successful30_2026_07_30.tar.gz::C5H10O2_cc-pVDZ_SE_HFSCF_10_2026-07-30T17-39-15/results/beb_xsec.dat | local_beb_source_type=QEC_new32_exact_manifest,10.1021/acs.jpca.0c06308,F,0,0,Use every available experimental label. Apply a mask so each row contributes only to the energies/targets actually observed; do not invent missing curve points.,
tetramethylsilane,tetramethylsilane,C4H12Si,experimental_curve_points,https://physics.nist.gov/cgi-bin/Ionization/graph_new.pl?element=TMS.0,"source_reference=R. Basner, R. Foest, M. Schmidt, F. Sigeneger, P. Kurunczi, K. Becker and H. Deutsch, Int. J. Mass. Spectrom. Ion Processes 153 , 65 (1996). | original_nist_experiment_reference=R. Basner, R. Foest, M. Schmidt, F. Sigeneger, P. Kurunczi, K. Becker and H. Deutsch, Int. J. Mass. Spectrom. Ion Processes 153, 65 (1996).",dataset_id=exp_1,QEC_new32_exact_manifest,new32_qec_beb_successful30_2026_07_30.tar.gz::C4H12Si_cc-pVDZ_SE_HFSCF_10_2026-07-30T18-20-59/results/beb_xsec.dat,${ARCHIVE_ROOT}\nist_strict_usable_numeric_pairs_2026_07_30\paired_numeric\029_TMS_BEB_vs_experiment.csv,curve_point,25,1,NIST为获取载体；原作者题录已从实际series恢复，未逐篇全文复核全部原实验,"2026-09-06 source audit: provenance reconstructed from the actual frozen training input files, with original experiment citations and acquisition carriers distinguished where recovered. This audit verifies source metadata, not independent re-digitisation of every numerical value. See source_completeness_status for unresolved source limitations. Earlier identity-level claims are retained separately as legacy metadata, not current verification.","original_nist_beb_reference=BEBM. A. Ali, Y.-K. Kim, W. Hwang, N.M. Weinberger, and M.E. Rudd, J. Chem. Phys. 106, 9602 (1997). | NIST图BEB来源=BEBM. A. Ali, Y.-K. Kim, W. Hwang, N.M. Weinberger, and M.E. Rudd, J. Chem. Phys. 106, 9602 (1997).",https://physics.nist.gov/cgi-bin/Ionization/graph_new.pl?element=TMS.0,C,25,0,Use every available experimental label. Apply a mask so each row contributes only to the energies/targets actually observed; do not invent missing curve points.,
titanium-tetrachloride,titanium tetrachloride,TiCl4,experimental_peak_height,10.1002/sia.2091,"original_experiment_reference=Basner et al. 2000 ref. 17; DOI 10.1016/S0040-6090(00)01143-3 | Basner et al. (2000), Thin Solid Films 374, 291-297, DOI 10.1016/S0040-6090(00)01143-3, cited as ref.17","Numerical carrier directly checked: Scott and Irikura (2005), DOI 10.1002/sia.2091, author manuscript Table 2, PDF p.11. 16.45 A^2 with quoted uncertainty 2.47 A^2; ECP-BEB 17.5 A^2. Table has peak amplitudes, not a common-energy observation or reported peak-energy column.",published_raw_ECP_BEB_peak,${ARCHIVE_ROOT}\outputs\no_qec_priority_2026_07_31\scott_irikura2005_new5_strict_peak_pairs_2026_08_02.csv,${ARCHIVE_ROOT}\outputs\no_qec_priority_2026_07_31\scott_irikura2005_new5_strict_peak_pairs_2026_08_02.csv,peak_height_numeric,1,1,"Earlier exact locator gap addressed for the source route named in the appended audit | Original author-manuscript numerical comparison table and its reference footnotes checked. The adopted numbers are recovered through this published theoretical comparison, not re-extracted from the earlier primary experimental paper. Not every original experimental paper has been independently read in full.","2026-09-06 source audit: provenance reconstructed from the actual frozen training input files, with original experiment citations and acquisition carriers distinguished where recovered. This audit verifies source metadata, not independent re-digitisation of every numerical value. See source_completeness_status for unresolved source limitations. Earlier identity-level claims are retained separately as legacy metadata, not current verification.",beb_curve_file=source_cache/scott_irikura_2005/si/ECP/ticl4.beb-ecp.bun,10.1002/sia.2091,P,0,0,Exact TiCl4 identity; independent experiment covered threshold to 500 eV; no experiment-based BEB renormalization. | Experiment 16.45 +/- 2.47 A2; raw ECP-BEB peak 17.5 A2. Original experiment: Basner et al. 2000 ref. 17; DOI 10.1016/S0040-6090(00)01143-3. Circularity audit: pass_unfitted_raw_beb,"The finite energy in this peak-amplitude record originated from a calculated BEB peak, not a verified common-energy experimental/BEB observation. Keep the independently recorded peak amplitudes; do not expose theoretical peak energy as experimental energy. Conservative model-input policy: the retained peak-amplitude pair has no assigned energy."
toluene,Toluene,C7H8,experimental_fixed_or_sparse_points,10.1021/acs.jpca.0c06308 | https://repository.lib.ncsu.edu/bitstreams/e76df401-02d2-4db1-903b-dad1b9e89fe0/download | https://pubs.acs.org/doi/10.1021/acs.jpca.0c06308,source_title=Predicting Total Electron-Ionization Cross Sections and GC-MS Calibration Factors Using Machine Learning,"source_pdf_page=333 | source_printed_page=291 | source_table=Appendix A, Table A.7 | Bose numerical carrier: dissertation Table A.7, PDF p.333 / printed p.291, BOSE396_065, row 'Toluene', Mean cross section column. PDF-column replay matches retained experimental label 18.1 A^2 exactly.",QEC_new32_exact_manifest,new32_qec_beb_successful30_2026_07_30.tar.gz::C7H8_cc-pVDZ_SE_HFSCF_10_2026-07-30T16-54-56/results/beb_xsec.dat,${ARCHIVE_ROOT}\outputs\no_qec_priority_2026_07_31\ready100_fixed_energy_with_existing_beb_no_qec.csv,fixed_70_75eV,1,2,"Bose数值为70–75 eV综合/归一化汇总，原测量工作须通过原作者来源链追溯；Table A.7页号属thesis而非期刊正文 | Late source-column audit: this Bose value is a standardized experimental population mean, not a BEB or ML prediction. The actual Table A.7 mean column and transfer to the retained input were checked. This does not reconstruct every original laboratory measurement, scaling factor or confidence interval, and is separate from BEB structural validation.","2026-09-06 source audit: provenance reconstructed from the actual frozen training input files, with original experiment citations and acquisition carriers distinguished where recovered. This audit verifies source metadata, not independent re-digitisation of every numerical value. See source_completeness_status for unresolved source limitations. Earlier identity-level claims are retained separately as legacy metadata, not current verification.",local_beb_match_method=exact_normalized_name_and_formula | local_beb_match_status=ready_fixed_energy_experiment_plus_local_beb | local_beb_registry_status=accepted | local_beb_source_path=new32_qec_beb_successful30_2026_07_30.tar.gz::C7H8_cc-pVDZ_SE_HFSCF_10_2026-07-30T16-54-56/results/beb_xsec.dat | local_beb_source_type=QEC_new32_exact_manifest,10.1021/acs.jpca.0c06308,F,0,0,Use every available experimental label. Apply a mask so each row contributes only to the energies/targets actually observed; do not invent missing curve points.,
trans-1-2-dichloroethene,"trans-1,2-dichloroethene",C2H2Cl2,experimental_peak_height,10.1088/0953-4075/34/15/309,10.1088/0953-4075/34/15/309,experimental_numeric_location=Mark Bart 2003 thesis PDF p62 Table 3.4,published_raw_uncorrected_BEB_peak,${ARCHIVE_ROOT}\outputs\no_qec_priority_2026_07_31\bart_hudson2001_new6_strict_peak_pairs_2026_08_02.csv,${ARCHIVE_ROOT}\outputs\no_qec_priority_2026_07_31\bart_hudson2001_new6_strict_peak_pairs_2026_08_02.csv,peak_height_numeric,1,3,来源元数据已找回；仍不等同对全部数值独立逐点复核,"2026-09-06 source audit: provenance reconstructed from the actual frozen training input files, with original experiment citations and acquisition carriers distinguished where recovered. This audit verifies source metadata, not independent re-digitisation of every numerical value. See source_completeness_status for unresolved source limitations. Earlier identity-level claims are retained separately as legacy metadata, not current verification.",beb_numeric_location=Mark Bart 2003 thesis PDF p142 Table 5.3 | beb_source=Bart thesis Table 5.3 raw uncorrected BEB,10.1088/0953-4075/34/15/309,P,0,0,E-C2H2Cl2 is the trans isomer; do not merge with cis-1 2-dichloroethene or 1 1-dichloroethene. | Raw BEB peak 8.23 A2 at 88 eV; experiment 14.49 A2 at 79 eV. Circularity audit: pass_raw_BEB_only,"The finite energy in this peak-amplitude record originated from a calculated BEB peak, not a verified common-energy experimental/BEB observation. Keep the independently recorded peak amplitudes; do not expose theoretical peak energy as experimental energy. Conservative model-input policy: the retained peak-amplitude pair has no assigned energy. The original Bart table DOES report a separate experimental peak energy. It is recorded in this audit but is deliberately not substituted into a common-energy cross-section pair; the current finite model input is the BEB column. The experimental and BEB amplitudes remain separate maxima, not values at that same energy."
trans-2-butene,trans-2-butene,C4H8,experimental_fixed_or_sparse_points,10.1021/acs.jpca.0c06308,10.1021/acs.jpca.0c06308,"experiment_location=Appendix A, Table A.7; source PDF p.331, printed p.289",NIST_SRD107_numeric_BEB,${ARCHIVE_ROOT}\outputs\no_qec_priority_2026_07_31\nist_beb_expansion_2026_07_31\trans_2_butene_C4H8_NIST_BEB.csv,${ARCHIVE_ROOT}\outputs\no_qec_priority_2026_07_31\new25_incremental_identity_ledger_2026_08_01.csv,fixed_energy_numeric,1,4,Bose数值为70–75 eV综合/归一化汇总，原测量工作须通过原作者来源链追溯；Table A.7页号属thesis而非期刊正文,"2026-09-06 source audit: provenance reconstructed from the actual frozen training input files, with original experiment citations and acquisition carriers distinguished where recovered. This audit verifies source metadata, not independent re-digitisation of every numerical value. See source_completeness_status for unresolved source limitations. Earlier identity-level claims are retained separately as legacy metadata, not current verification.",beb_doi=NIST SRD 107 | beb_local_path=${ARCHIVE_ROOT}\outputs\no_qec_priority_2026_07_31\nist_beb_expansion_2026_07_31\trans_2_butene_C4H8_NIST_BEB.csv | beb_location=https://physics.nist.gov/cgi-bin/Ionization/table.pl?ionization=C4H8xx1 | beb_numeric_scope=full_numeric_curve,10.1021/acs.jpca.0c06308,F,0,0,"Exact isomer/name and formula match: Bose ""trans-2-Butene"" = NIST ""trans-2-Butene"" (C4H8)",
trichloroacetonitrile,trichloroacetonitrile,C2Cl3N,experimental_peak_height,10.1002/sia.2091,"original_experiment_reference=Bart et al. 2001 ref. 18; DOI 10.1039/B009243F | Bart et al. (2001), DOI 10.1039/B009243F, cited as ref.18","Numerical carrier directly checked: Scott and Irikura (2005), DOI 10.1002/sia.2091, author manuscript Table 2, PDF p.11. 14.11 A^2 with quoted uncertainty 0.56 A^2; ECP-BEB 15.0 A^2. Table has peak amplitudes, not a common-energy observation or reported peak-energy column.",published_raw_ECP_BEB_peak,${ARCHIVE_ROOT}\outputs\no_qec_priority_2026_07_31\scott_irikura2005_new5_strict_peak_pairs_2026_08_02.csv,${ARCHIVE_ROOT}\outputs\no_qec_priority_2026_07_31\scott_irikura2005_new5_strict_peak_pairs_2026_08_02.csv,peak_height_numeric,1,0,"Earlier exact locator gap addressed for the source route named in the appended audit | Original author-manuscript numerical comparison table and its reference footnotes checked. The adopted numbers are recovered through this published theoretical comparison, not re-extracted from the earlier primary experimental paper. Not every original experimental paper has been independently read in full.","2026-09-06 source audit: provenance reconstructed from the actual frozen training input files, with original experiment citations and acquisition carriers distinguished where recovered. This audit verifies source metadata, not independent re-digitisation of every numerical value. See source_completeness_status for unresolved source limitations. Earlier identity-level claims are retained separately as legacy metadata, not current verification.",beb_curve_file=Table 2 numeric BEB peak only,10.1002/sia.2091,P,0,0,Exact CCl3CN identity; Scott and Irikura Table 2 reproduces the independent experimental peak and reports the raw ECP-BEB peak. | Experiment 14.11 +/- 0.56 A2; raw ECP-BEB peak 15.0 A2. Original experiment: Bart et al. 2001 ref. 18; DOI 10.1039/B009243F. Circularity audit: pass_unfitted_raw_beb,
trichlorofluoromethane,Fluorotrichloromethane,CCl3F,experimental_fixed_or_sparse_points,10.1021/acs.jpca.0c06308 | https://repository.lib.ncsu.edu/bitstreams/e76df401-02d2-4db1-903b-dad1b9e89fe0/download | https://pubs.acs.org/doi/10.1021/acs.jpca.0c06308,source_title=Predicting Total Electron-Ionization Cross Sections and GC-MS Calibration Factors Using Machine Learning,"source_pdf_page=353 | source_printed_page=311 | source_table=Appendix A, Table A.7 | Bose numerical carrier: dissertation Table A.7, PDF p.353 / printed p.311, BOSE396_378, row 'Fluorotrichloromethane', Mean cross section column. PDF-column replay matches retained experimental label 13.0 A^2 exactly.",published_numeric_BEB,${ARCHIVE_ROOT}\existing_beb_150_checkpoint_2026_07_30\beb_numeric\134_trichlorofluoromethane_BEB.csv,${ARCHIVE_ROOT}\outputs\no_qec_priority_2026_07_31\ready100_fixed_energy_with_existing_beb_no_qec.csv,fixed_70_75eV,1,1,"Bose数值为70–75 eV综合/归一化汇总，原测量工作须通过原作者来源链追溯；Table A.7页号属thesis而非期刊正文 | Late source-column audit: this Bose value is a standardized experimental population mean, not a BEB or ML prediction. The actual Table A.7 mean column and transfer to the retained input were checked. This does not reconstruct every original laboratory measurement, scaling factor or confidence interval, and is separate from BEB structural validation.","2026-09-06 source audit: provenance reconstructed from the actual frozen training input files, with original experiment citations and acquisition carriers distinguished where recovered. This audit verifies source metadata, not independent re-digitisation of every numerical value. See source_completeness_status for unresolved source limitations. Earlier identity-level claims are retained separately as legacy metadata, not current verification.",local_beb_match_method=curated_synonym_or_isomer_alias_and_formula | local_beb_match_status=ready_fixed_energy_experiment_plus_local_beb | local_beb_registry_status=accepted | local_beb_source_path=${ARCHIVE_ROOT}\existing_beb_150_checkpoint_2026_07_30\beb_numeric\134_trichlorofluoromethane_BEB.csv | local_beb_source_type=published_numeric_BEB | 已出版数值BEB：https://doi.org/10.1016/S1387-3806(02)00981-8; BEB curve; official NIST ASCII token CCl3F,10.1021/acs.jpca.0c06308,F,0,0,Use every available experimental label. Apply a mask so each row contributes only to the energies/targets actually observed; do not invent missing curve points.,
trifluoroacetonitrile,perfluoroacetonitrile,C2F3N,experimental_fixed_or_sparse_points,10.1021/acs.jpca.0c06308 | https://repository.lib.ncsu.edu/bitstreams/e76df401-02d2-4db1-903b-dad1b9e89fe0/download | https://pubs.acs.org/doi/10.1021/acs.jpca.0c06308,source_title=Predicting Total Electron-Ionization Cross Sections and GC-MS Calibration Factors Using Machine Learning,"source_pdf_page=346 | source_printed_page=304 | source_table=Appendix A, Table A.7 | Bose numerical carrier: dissertation Table A.7, PDF p.346 / printed p.304, BOSE396_277, row 'Trifluoroacetonitrile', Mean cross section column. PDF-column replay matches retained experimental label 7.0 A^2 exactly.",published_numeric_BEB,${ARCHIVE_ROOT}\existing_beb_150_checkpoint_2026_07_30\beb_numeric\022_trifluoroacetonitrile_BEB.csv,${ARCHIVE_ROOT}\outputs\no_qec_priority_2026_07_31\ready100_fixed_energy_with_existing_beb_no_qec.csv,fixed_70_75eV,1,2,"Bose数值为70–75 eV综合/归一化汇总，原测量工作须通过原作者来源链追溯；Table A.7页号属thesis而非期刊正文 | Late source-column audit: this Bose value is a standardized experimental population mean, not a BEB or ML prediction. The actual Table A.7 mean column and transfer to the retained input were checked. This does not reconstruct every original laboratory measurement, scaling factor or confidence interval, and is separate from BEB structural validation.","2026-09-06 source audit: provenance reconstructed from the actual frozen training input files, with original experiment citations and acquisition carriers distinguished where recovered. This audit verifies source metadata, not independent re-digitisation of every numerical value. See source_completeness_status for unresolved source limitations. Earlier identity-level claims are retained separately as legacy metadata, not current verification.",local_beb_match_method=exact_normalized_name_and_formula | local_beb_match_status=ready_fixed_energy_experiment_plus_local_beb | local_beb_registry_status=accepted | local_beb_source_path=${ARCHIVE_ROOT}\existing_beb_150_checkpoint_2026_07_30\beb_numeric\022_trifluoroacetonitrile_BEB.csv | local_beb_source_type=published_numeric_BEB | 已出版数值BEB：https://doi.org/10.1021/jp210294p.s001; official SI PDF pp.67-74,10.1021/acs.jpca.0c06308;10.1021/jp210294p,F,0,0,Use every available experimental label. Apply a mask so each row contributes only to the energies/targets actually observed; do not invent missing curve points. | Additional label/source: Bull table formula CF3CN; peak energy cross-checked in Hudson thesis Table 3.4.,
trifluoromethane,trifluoromethane,CHF3,experimental_fixed_or_sparse_points,10.1021/acs.jpca.0c06308 | https://repository.lib.ncsu.edu/bitstreams/e76df401-02d2-4db1-903b-dad1b9e89fe0/download | https://pubs.acs.org/doi/10.1021/acs.jpca.0c06308,source_title=Predicting Total Electron-Ionization Cross Sections and GC-MS Calibration Factors Using Machine Learning,"source_pdf_page=348 | source_printed_page=306 | source_table=Appendix A, Table A.7 | Bose numerical carrier: dissertation Table A.7, PDF p.348 / printed p.306, BOSE396_301, row 'Trifluoromethane', Mean cross section column. PDF-column replay matches retained experimental label 4.3 A^2 exactly.",published_numeric_BEB,${ARCHIVE_ROOT}\existing_beb_150_checkpoint_2026_07_30\beb_numeric\004_trifluoromethane_BEB.csv,${ARCHIVE_ROOT}\outputs\no_qec_priority_2026_07_31\ready100_fixed_energy_with_existing_beb_no_qec.csv,fixed_70_75eV,1,3,"Bose数值为70–75 eV综合/归一化汇总，原测量工作须通过原作者来源链追溯；Table A.7页号属thesis而非期刊正文 | Late source-column audit: this Bose value is a standardized experimental population mean, not a BEB or ML prediction. The actual Table A.7 mean column and transfer to the retained input were checked. This does not reconstruct every original laboratory measurement, scaling factor or confidence interval, and is separate from BEB structural validation.","2026-09-06 source audit: provenance reconstructed from the actual frozen training input files, with original experiment citations and acquisition carriers distinguished where recovered. This audit verifies source metadata, not independent re-digitisation of every numerical value. See source_completeness_status for unresolved source limitations. Earlier identity-level claims are retained separately as legacy metadata, not current verification.",local_beb_match_method=exact_normalized_name_and_formula | local_beb_match_status=ready_fixed_energy_experiment_plus_local_beb | local_beb_registry_status=accepted | local_beb_source_path=${ARCHIVE_ROOT}\existing_beb_150_checkpoint_2026_07_30\beb_numeric\004_trifluoromethane_BEB.csv | local_beb_source_type=published_numeric_BEB | 已出版数值BEB：https://doi.org/10.1021/jp210294p.s001; official SI PDF pp.8-14,10.1021/acs.jpca.0c06308;10.1021/jp210294p,F,0,0,Use every available experimental label. Apply a mask so each row contributes only to the energies/targets actually observed; do not invent missing curve points. | Additional label/source: Peak energy cross-checked in Hudson thesis Table 3.4; full curve is published in the primary halocarbon study.,
trifluoromethyl-radical,trifluoromethyl radical,CF3,experimental_fixed_or_sparse_points,10.1016/S0009-2614(02)00633-4,"experimental_source=Huo, Tarnovsky, and Becker (2002); underlying Tarnovsky et al. fast-neutral-beam measurements",experimental_series=Present expt revised total single ionization | source_figure=Fig. 1c,published_raw_BEB_figure_digitized,${ARCHIVE_ROOT}\outputs\current_experiment_beb_master_2026_08_01\cf2_cf3_nf2_nf3_experiment_beb_READY_TIER_B.csv,${ARCHIVE_ROOT}\outputs\current_experiment_beb_master_2026_08_01\cf2_cf3_nf2_nf3_experiment_beb_READY_TIER_B.csv,sparse_point,1,4,来源元数据已找回；仍不等同对全部数值独立逐点复核,"2026-09-06 source audit: provenance reconstructed from the actual frozen training input files, with original experiment citations and acquisition carriers distinguished where recovered. This audit verifies source metadata, not independent re-digitisation of every numerical value. See source_completeness_status for unresolved source limitations. Earlier identity-level claims are retained separately as legacy metadata, not current verification.",beb_variant=raw_BEB_dashed_curve,10.1016/S0009-2614(02)00633-4 Fig. 1c,F,0,0,"Tier B sparse label: one experimental total-single-ionization point at 80 eV paired with the dashed raw BEB at identical energy. Visible 80 eV error bar digitized. siBED, DM, alternative NF3 data, and lower-bound-only CF/NF panels excluded.",
trimethylaluminum,trimethylaluminum,C3H9Al,experimental_fixed_or_sparse_points,10.1016/S1387-3806(00)00258-X,10.1016/S1387-3806(00)00258-X,experimental_source_location=abstract and article pp.345-349,published_SI_formula_reconstructed_BEB,${ARCHIVE_ROOT}\outputs\no_qec_priority_2026_07_31\scott_irikura_heavy4_reconstructed_2026_08_01\alme3_scott_irikura_2005_ecp_beb_A2.csv,${ARCHIVE_ROOT}\outputs\no_qec_priority_2026_07_31\scott_irikura_heavy_ready_vs_pending_2026_08_01.csv,fixed_energy_numeric,1,0,来源元数据已找回；仍不等同对全部数值独立逐点复核,"2026-09-06 source audit: provenance reconstructed from the actual frozen training input files, with original experiment citations and acquisition carriers distinguished where recovered. This audit verifies source metadata, not independent re-digitisation of every numerical value. See source_completeness_status for unresolved source limitations. Earlier identity-level claims are retained separately as legacy metadata, not current verification.",beb_curve_file=${ARCHIVE_ROOT}\outputs\no_qec_priority_2026_07_31\scott_irikura_heavy4_reconstructed_2026_08_01\alme3_scott_irikura_2005_ecp_beb_A2.csv | beb_method=ECP-BEB | beb_orbital_source_file=${ARCHIVE_ROOT}\source_cache\scott_irikura_2005\si\ECP\alme3.beb-ecp.bun | beb_source_doi=10.1021/ct050077j | beb_supplement_doi=10.1021/ct050077j.s001,10.1016/S1387-3806(00)00258-X,F,0,0,Exact identity; absolute total experiment at 70 eV; BEB deterministically reconstructed from the authors' published ECP orbital constants and NIST BEB equation.,
trimethylgallium,trimethylgallium,C3H9Ga,experimental_fixed_or_sparse_points,10.1016/S1387-3806(00)00258-X,10.1016/S1387-3806(00)00258-X,experimental_source_location=abstract and article pp.345-349; Fig.1,published_SI_formula_reconstructed_BEB,${ARCHIVE_ROOT}\outputs\no_qec_priority_2026_07_31\scott_irikura_heavy4_reconstructed_2026_08_01\game3_scott_irikura_2005_ecp_beb_A2.csv,${ARCHIVE_ROOT}\outputs\no_qec_priority_2026_07_31\scott_irikura_heavy_ready_vs_pending_2026_08_01.csv,fixed_energy_numeric,1,1,来源元数据已找回；仍不等同对全部数值独立逐点复核,"2026-09-06 source audit: provenance reconstructed from the actual frozen training input files, with original experiment citations and acquisition carriers distinguished where recovered. This audit verifies source metadata, not independent re-digitisation of every numerical value. See source_completeness_status for unresolved source limitations. Earlier identity-level claims are retained separately as legacy metadata, not current verification.",beb_curve_file=${ARCHIVE_ROOT}\outputs\no_qec_priority_2026_07_31\scott_irikura_heavy4_reconstructed_2026_08_01\game3_scott_irikura_2005_ecp_beb_A2.csv | beb_method=ECP-BEB | beb_orbital_source_file=${ARCHIVE_ROOT}\source_cache\scott_irikura_2005\si\ECP\game3.beb-ecp.bun | beb_source_doi=10.1021/ct050077j | beb_supplement_doi=10.1021/ct050077j.s001,10.1016/S1387-3806(00)00258-X,F,0,0,Exact identity; absolute total experiment at 70 eV; BEB deterministically reconstructed from the authors' published ECP orbital constants and NIST BEB equation.,
uracil,uracil,C4H4N2O2,experimental_peak_height,10.1063/1.4765307,10.1063/1.4765307,experiment_location=abstract,published_numeric_BEB_51_points,${ARCHIVE_ROOT}\outputs\no_qec_priority_2026_07_31\agent_dna5_mozejko2003_numeric_beb.csv,${ARCHIVE_ROOT}\outputs\no_qec_priority_2026_07_31\new25_incremental_identity_ledger_2026_08_01.csv,peak_height_numeric,1,2,来源元数据已找回；仍不等同对全部数值独立逐点复核,"2026-09-06 source audit: provenance reconstructed from the actual frozen training input files, with original experiment citations and acquisition carriers distinguished where recovered. This audit verifies source metadata, not independent re-digitisation of every numerical value. See source_completeness_status for unresolved source limitations. Earlier identity-level claims are retained separately as legacy metadata, not current verification.",beb_doi=10.1007/s00411-003-0206-7 | beb_local_path=${ARCHIVE_ROOT}\outputs\no_qec_priority_2026_07_31\agent_dna5_mozejko2003_numeric_beb.csv | beb_location=Table 5; printed p. 207 | beb_numeric_scope=full_numeric_published_table,10.1063/1.4765307,P,0,0,Independent full experimental TICS up to 500 eV is also available at DOI 10.1016/j.ijms.2015.10.003.,"Experimental maximum is at 95 eV whereas the tabulated BEB maximum is at 85 eV. The two peak amplitudes do not form a common-energy cross-section pair. Retain experimental peak energy as metadata, not a deployment feature requiring target data."
water,water,H2O,experimental_curve_points;experimental_fixed_or_sparse_points,https://physics.nist.gov/cgi-bin/Ionization/graph_new.pl?element=H2O.0 | 10.1021/acs.jpca.0c06308 | https://repository.lib.ncsu.edu/bitstreams/e76df401-02d2-4db1-903b-dad1b9e89fe0/download | https://pubs.acs.org/doi/10.1021/acs.jpca.0c06308,"source_reference=H. C. Straub, B. G. Lindsay, K. A. Smith, and R. F. Stebbings, J. Chem. Phys. 108 , 109 (1998). | source_reference=J. Schutten, F. J. de Heer, H. R. Moustafa, A. J. H. Boerboom and J. Kistenmaker, J. Chem. Phys. 44 , 3924 (1966). | source_reference=M. A. Bolorizadeh and M. E. Rudd, Phys. Rev. A 33 , 882 (1985). | source_reference=M. V. V. S. Rao, I. Iga and S. K. Srivastava, J. Geophys. Res. 100 , 26421 (1995). | source_reference=N. Lj. Duric, I. M. Cadez, and M. V. Kurepa, Int. J. Mass. Spectrom. Ion Processes 83 , R7 (1988). | original_nist_experiment_reference=N. Lj. Duric, I. M. Cadez, and M. V. Kurepa, Int. J. Mass. Spectrom. Ion Processes 83, R7 (1988). | original_nist_experiment_reference=J. Schutten, F. J. de Heer, H. R. Moustafa, A. J. H. Boerboom and J. Kistenmaker, J. Chem. Phys. 44, 3924 (1966). | original_nist_experiment_reference=M. A. Bolorizadeh and M. E. Rudd, Phys. Rev. A 33, 882 (1985). | original_nist_experiment_reference=M. V. V. S. Rao, I. Iga and S. K. Srivastava, J. Geophys. Res. 100, 26421 (1995). | original_nist_experiment_reference=H. C. Straub, B. G. Lindsay, K. A. Smith, and R. F. Stebbings, J. Chem. Phys. 108, 109 (1998). | source_title=Predicting Total Electron-Ionization Cross Sections and GC-MS Calibration Factors Using Machine Learning","dataset_id=exp_1 | dataset_id=exp_2 | dataset_id=exp_3 | dataset_id=exp_4 | dataset_id=exp_6 | source_pdf_page=347 | source_printed_page=305 | source_table=Appendix A, Table A.7 | Bose numerical carrier: dissertation Table A.7, PDF p.347 / printed p.305, BOSE396_294, row 'Water', Mean cross section column. PDF-column replay matches retained experimental label 2.1 A^2 exactly.",NIST_SRD107_numeric_BEB,${ARCHIVE_ROOT}\nist_strict_usable_numeric_pairs_2026_07_30\beb_numeric_corrected\030_H2O_BEB_corrected.csv,${ARCHIVE_ROOT}\nist_strict_usable_numeric_pairs_2026_07_30\paired_numeric\030_H2O_BEB_vs_experiment.csv | ${ARCHIVE_ROOT}\outputs\no_qec_priority_2026_07_31\ready100_fixed_energy_with_existing_beb_no_qec.csv,curve_point | fixed_70_75eV,68,4,"Retained water curve labels use experimental NIST series exp_1, exp_2, exp_3, exp_4 and exp_6. Seven exp_5 theory labels are excluded. The original database and author/journal/page provenance are available; not every original paper was independently checked in full text. | Late source-column audit: this Bose value is a standardized experimental population mean, not a BEB or ML prediction. The actual Table A.7 mean column and transfer to the retained input were checked. This does not reconstruct every original laboratory measurement, scaling factor or confidence interval, and is separate from BEB structural validation.","2026-09-06 source audit: legacy audit assertions superseded. Retained water curve labels use experimental NIST series exp_1, exp_2, exp_3, exp_4 and exp_6. Seven exp_5 theory labels are excluded. The original database and author/journal/page provenance are available; not every original paper was independently checked in full text. Source labels updated after the 350-row exclusion; withdrawn series are not current training evidence.","original_nist_beb_reference=BEBY.-K. Kim and M.E. Rudd, Phys. Rev. A 50, 3954 (1994); W. Hwang, Y.-K. Kim and M.E. Rudd, J. Chem. Phys. 104, 2956 (1996); and Y.-K. Kim and M.E. Rudd, Comments At. Mol. Phys. 34, 293 (1999). | NIST图BEB来源=BEBY.-K. Kim and M.E. Rudd, Phys. Rev. A 50, 3954 (1994); W. Hwang, Y.-K. Kim and M.E. Rudd, J. Chem. Phys. 104, 2956 (1996); and Y.-K. Kim and M.E. Rudd, Comments At. Mol. Phys. 34, 293 (1999). | local_beb_match_method=exact_normalized_name_and_formula | local_beb_match_status=ready_fixed_energy_experiment_plus_local_beb | local_beb_registry_status=accepted | local_beb_source_path=${ARCHIVE_ROOT}\nist_strict_usable_numeric_pairs_2026_07_30\beb_numeric_corrected\030_H2O_BEB_corrected.csv | local_beb_source_type=NIST_SRD107_numeric_BEB",10.1063/1.475745,C/F,67,7,Use every available experimental label. Apply a mask so each row contributes only to the energies/targets actually observed; do not invent missing curve points.,
